[2026-06-22 15:20:24] Baseline snapshot created (0 entries)
[2026-06-22 15:20:40] Baseline snapshot created (0 entries)
[2026-06-22 15:23:30] Baseline snapshot created (0 entries)
[2026-06-22 15:48:30] Baseline snapshot created (0 entries)
[2026-06-22 15:58:56] Baseline snapshot created (0 entries)
[2026-06-22 16:41:23] Baseline snapshot created (0 entries)
[2026-06-22 16:45:45] Baseline snapshot created (0 entries)
[2026-06-22 16:48:32] Baseline snapshot created (0 entries)
[2026-06-22 16:58:52] Baseline snapshot created (0 entries)
[2026-06-22 17:05:50] Baseline snapshot created (44 entries)
[2026-06-22 17:18:15] Baseline snapshot created (12 entries)
[2026-06-22 17:34:08] Baseline snapshot created (44 entries)
[2026-06-22 17:44:34] Baseline snapshot created (11 entries)
[2026-06-22 17:57:47] Baseline snapshot created (44 entries)
[2026-06-22 17:57:47] LEARNED 62:a0:56:6e:7d:c2 -> g0_s0:3
[2026-06-22 17:57:47] LEARNED a6:08:49:a1:b7:91 -> g0_s0:1
[2026-06-22 17:57:47] LEARNED de:f6:4d:4b:90:4b -> g0_s0:3
[2026-06-22 17:57:47] LEARNED ba:a3:f7:d5:25:ce -> g0_s0:3
[2026-06-22 17:57:47] LEARNED 86:e9:f9:a5:bf:8c -> g0_s0:3
[2026-06-22 17:57:47] LEARNED 92:e0:fa:df:41:3a -> g0_s0:3
[2026-06-22 17:57:47] LEARNED ee:d8:1f:c6:58:dc -> g0_s0:3
[2026-06-22 17:57:47] LEARNED 46:9c:bc:ee:cf:25 -> g0_s0:3
[2026-06-22 17:57:47] LEARNED 1a:4a:a3:63:c4:d4 -> g0_s0:2
[2026-06-22 17:57:47] LEARNED 9e:15:46:6f:0b:de -> g0_s0:2
[2026-06-22 17:57:47] LEARNED b2:7b:14:3f:6d:2e -> g0_s0:3
[2026-06-22 17:57:47] MAC FLAP 62:a0:56:6e:7d:c2 g0_s0:3 -> g0_s1:2
[2026-06-22 17:57:47] MAC FLAP a6:08:49:a1:b7:91 g0_s0:1 -> g0_s1:2
[2026-06-22 17:57:47] MAC FLAP de:f6:4d:4b:90:4b g0_s0:3 -> g0_s1:2
[2026-06-22 17:57:47] MAC FLAP ba:a3:f7:d5:25:ce g0_s0:3 -> g0_s1:2
[2026-06-22 17:57:47] MAC FLAP 86:e9:f9:a5:bf:8c g0_s0:3 -> g0_s1:2
[2026-06-22 17:57:47] MAC FLAP 92:e0:fa:df:41:3a g0_s0:3 -> g0_s1:2
[2026-06-22 17:57:47] LEARNED 86:6c:f6:0e:d0:c5 -> g0_s1:2
[2026-06-22 17:57:47] MAC FLAP ee:d8:1f:c6:58:dc g0_s0:3 -> g0_s1:2
[2026-06-22 17:57:47] MAC FLAP 46:9c:bc:ee:cf:25 g0_s0:3 -> g0_s1:2
[2026-06-22 17:57:47] MAC FLAP 9e:15:46:6f:0b:de g0_s0:2 -> g0_s1:1
[2026-06-22 17:57:47] MAC FLAP b2:7b:14:3f:6d:2e g0_s0:3 -> g0_s1:2
[2026-06-22 17:57:47] MAC FLAP 62:a0:56:6e:7d:c2 g0_s1:2 -> g1_s0:2
[2026-06-22 17:57:47] MAC FLAP a6:08:49:a1:b7:91 g0_s1:2 -> g1_s0:3
[2026-06-22 17:57:47] MAC FLAP de:f6:4d:4b:90:4b g0_s1:2 -> g1_s0:4
[2026-06-22 17:57:47] LEARNED 16:8b:d1:2e:12:b7 -> g1_s0:3
[2026-06-22 17:57:47] MAC FLAP ba:a3:f7:d5:25:ce g0_s1:2 -> g1_s0:4
[2026-06-22 17:57:47] MAC FLAP 86:e9:f9:a5:bf:8c g0_s1:2 -> g1_s0:4
[2026-06-22 17:57:47] MAC FLAP 92:e0:fa:df:41:3a g0_s1:2 -> g1_s0:1
[2026-06-22 17:57:47] MAC FLAP ee:d8:1f:c6:58:dc g0_s1:2 -> g1_s0:4
[2026-06-22 17:57:47] MAC FLAP 1a:4a:a3:63:c4:d4 g0_s0:2 -> g1_s0:3
[2026-06-22 17:57:47] MAC FLAP 9e:15:46:6f:0b:de g0_s1:1 -> g1_s0:3
[2026-06-22 17:57:47] MAC FLAP b2:7b:14:3f:6d:2e g0_s1:2 -> g1_s0:2
[2026-06-22 17:57:47] MAC FLAP 62:a0:56:6e:7d:c2 g1_s0:2 -> g1_s1:1
[2026-06-22 17:57:47] MAC FLAP a6:08:49:a1:b7:91 g1_s0:3 -> g1_s1:2
[2026-06-22 17:57:47] MAC FLAP de:f6:4d:4b:90:4b g1_s0:4 -> g1_s1:2
[2026-06-22 17:57:47] MAC FLAP 16:8b:d1:2e:12:b7 g1_s0:3 -> g1_s1:2
[2026-06-22 17:57:47] MAC FLAP ba:a3:f7:d5:25:ce g1_s0:4 -> g1_s1:2
[2026-06-22 17:57:47] MAC FLAP 86:e9:f9:a5:bf:8c g1_s0:4 -> g1_s1:2
[2026-06-22 17:57:47] MAC FLAP 92:e0:fa:df:41:3a g1_s0:1 -> g1_s1:2
[2026-06-22 17:57:47] MAC FLAP ee:d8:1f:c6:58:dc g1_s0:4 -> g1_s1:2
[2026-06-22 17:57:47] LEARNED ae:61:7c:da:b1:a0 -> g1_s1:2
[2026-06-22 17:57:47] MAC FLAP 1a:4a:a3:63:c4:d4 g1_s0:3 -> g1_s1:2
[2026-06-22 17:57:47] MAC FLAP 9e:15:46:6f:0b:de g1_s0:3 -> g1_s1:2
[2026-06-22 17:57:47] MAC FLAP 62:a0:56:6e:7d:c2 g1_s1:1 -> g2_s0:3
[2026-06-22 17:57:47] MAC FLAP a6:08:49:a1:b7:91 g1_s1:2 -> g2_s0:3
[2026-06-22 17:57:47] MAC FLAP ba:a3:f7:d5:25:ce g1_s1:2 -> g2_s0:2
[2026-06-22 17:57:47] MAC FLAP 16:8b:d1:2e:12:b7 g1_s1:2 -> g2_s0:3
[2026-06-22 17:57:47] MAC FLAP 86:e9:f9:a5:bf:8c g1_s1:2 -> g2_s0:1
[2026-06-22 17:57:47] MAC FLAP 92:e0:fa:df:41:3a g1_s1:2 -> g2_s0:3
[2026-06-22 17:57:47] LEARNED aa:5a:ee:c6:d4:4d -> g2_s0:3
[2026-06-22 17:57:47] MAC FLAP ee:d8:1f:c6:58:dc g1_s1:2 -> g2_s0:2
[2026-06-22 17:57:47] MAC FLAP 1a:4a:a3:63:c4:d4 g1_s1:2 -> g2_s0:3
[2026-06-22 17:57:47] MAC FLAP 9e:15:46:6f:0b:de g1_s1:2 -> g2_s0:3
[2026-06-22 17:57:47] MAC FLAP b2:7b:14:3f:6d:2e g1_s0:2 -> g2_s0:3
[2026-06-22 17:57:47] MAC FLAP 62:a0:56:6e:7d:c2 g2_s0:3 -> g2_s1:2
[2026-06-22 17:57:47] MAC FLAP a6:08:49:a1:b7:91 g2_s0:3 -> g2_s1:2
[2026-06-22 17:57:47] LEARNED d2:54:f6:d0:65:f3 -> g2_s1:2
[2026-06-22 17:57:47] MAC FLAP 16:8b:d1:2e:12:b7 g2_s0:3 -> g2_s1:2
[2026-06-22 17:57:47] MAC FLAP 86:e9:f9:a5:bf:8c g2_s0:1 -> g2_s1:2
[2026-06-22 17:57:47] MAC FLAP 92:e0:fa:df:41:3a g2_s0:3 -> g2_s1:2
[2026-06-22 17:57:47] MAC FLAP aa:5a:ee:c6:d4:4d g2_s0:3 -> g2_s1:2
[2026-06-22 17:57:47] MAC FLAP ee:d8:1f:c6:58:dc g2_s0:2 -> g2_s1:1
[2026-06-22 17:57:47] MAC FLAP 1a:4a:a3:63:c4:d4 g2_s0:3 -> g2_s1:2
[2026-06-22 17:57:47] MAC FLAP 9e:15:46:6f:0b:de g2_s0:3 -> g2_s1:2
[2026-06-22 17:57:47] MAC FLAP b2:7b:14:3f:6d:2e g2_s0:3 -> g2_s1:2
[2026-06-22 17:57:53] MAC FLAP 62:a0:56:6e:7d:c2 g2_s1:2 -> g0_s0:3
[2026-06-22 17:57:53] MAC FLAP a6:08:49:a1:b7:91 g2_s1:2 -> g0_s0:1
[2026-06-22 17:57:53] MAC FLAP de:f6:4d:4b:90:4b g1_s1:2 -> g0_s0:3
[2026-06-22 17:57:53] MAC FLAP ba:a3:f7:d5:25:ce g2_s0:2 -> g0_s0:3
[2026-06-22 17:57:53] MAC FLAP 86:e9:f9:a5:bf:8c g2_s1:2 -> g0_s0:3
[2026-06-22 17:57:53] MAC FLAP 92:e0:fa:df:41:3a g2_s1:2 -> g0_s0:3
[2026-06-22 17:57:53] MAC FLAP ee:d8:1f:c6:58:dc g2_s1:1 -> g0_s0:3
[2026-06-22 17:57:53] MAC FLAP 46:9c:bc:ee:cf:25 g0_s1:2 -> g0_s0:3
[2026-06-22 17:57:53] MAC FLAP 1a:4a:a3:63:c4:d4 g2_s1:2 -> g0_s0:2
[2026-06-22 17:57:53] MAC FLAP 9e:15:46:6f:0b:de g2_s1:2 -> g0_s0:2
[2026-06-22 17:57:53] MAC FLAP b2:7b:14:3f:6d:2e g2_s1:2 -> g0_s0:3
[2026-06-22 17:57:53] MAC FLAP 62:a0:56:6e:7d:c2 g0_s0:3 -> g0_s1:2
[2026-06-22 17:57:53] MAC FLAP a6:08:49:a1:b7:91 g0_s0:1 -> g0_s1:2
[2026-06-22 17:57:53] MAC FLAP de:f6:4d:4b:90:4b g0_s0:3 -> g0_s1:2
[2026-06-22 17:57:53] MAC FLAP ba:a3:f7:d5:25:ce g0_s0:3 -> g0_s1:2
[2026-06-22 17:57:53] MAC FLAP 86:e9:f9:a5:bf:8c g0_s0:3 -> g0_s1:2
[2026-06-22 17:57:53] MAC FLAP 92:e0:fa:df:41:3a g0_s0:3 -> g0_s1:2
[2026-06-22 17:57:53] MAC FLAP ee:d8:1f:c6:58:dc g0_s0:3 -> g0_s1:2
[2026-06-22 17:57:53] MAC FLAP 46:9c:bc:ee:cf:25 g0_s0:3 -> g0_s1:2
[2026-06-22 17:57:53] MAC FLAP 9e:15:46:6f:0b:de g0_s0:2 -> g0_s1:1
[2026-06-22 17:57:53] MAC FLAP b2:7b:14:3f:6d:2e g0_s0:3 -> g0_s1:2
[2026-06-22 17:57:53] MAC FLAP 62:a0:56:6e:7d:c2 g0_s1:2 -> g1_s0:2
[2026-06-22 17:57:53] MAC FLAP a6:08:49:a1:b7:91 g0_s1:2 -> g1_s0:3
[2026-06-22 17:57:53] MAC FLAP de:f6:4d:4b:90:4b g0_s1:2 -> g1_s0:4
[2026-06-22 17:57:53] MAC FLAP 16:8b:d1:2e:12:b7 g2_s1:2 -> g1_s0:3
[2026-06-22 17:57:53] MAC FLAP ba:a3:f7:d5:25:ce g0_s1:2 -> g1_s0:4
[2026-06-22 17:57:53] MAC FLAP 86:e9:f9:a5:bf:8c g0_s1:2 -> g1_s0:4
[2026-06-22 17:57:53] MAC FLAP 92:e0:fa:df:41:3a g0_s1:2 -> g1_s0:1
[2026-06-22 17:57:53] MAC FLAP ee:d8:1f:c6:58:dc g0_s1:2 -> g1_s0:4
[2026-06-22 17:57:53] MAC FLAP 1a:4a:a3:63:c4:d4 g0_s0:2 -> g1_s0:3
[2026-06-22 17:57:53] MAC FLAP 9e:15:46:6f:0b:de g0_s1:1 -> g1_s0:3
[2026-06-22 17:57:53] MAC FLAP b2:7b:14:3f:6d:2e g0_s1:2 -> g1_s0:2
[2026-06-22 17:57:53] MAC FLAP 62:a0:56:6e:7d:c2 g1_s0:2 -> g1_s1:1
[2026-06-22 17:57:53] MAC FLAP a6:08:49:a1:b7:91 g1_s0:3 -> g1_s1:2
[2026-06-22 17:57:53] MAC FLAP de:f6:4d:4b:90:4b g1_s0:4 -> g1_s1:2
[2026-06-22 17:57:53] MAC FLAP 16:8b:d1:2e:12:b7 g1_s0:3 -> g1_s1:2
[2026-06-22 17:57:53] MAC FLAP ba:a3:f7:d5:25:ce g1_s0:4 -> g1_s1:2
[2026-06-22 17:57:53] MAC FLAP 86:e9:f9:a5:bf:8c g1_s0:4 -> g1_s1:2
[2026-06-22 17:57:53] MAC FLAP 92:e0:fa:df:41:3a g1_s0:1 -> g1_s1:2
[2026-06-22 17:57:53] MAC FLAP ee:d8:1f:c6:58:dc g1_s0:4 -> g1_s1:2
[2026-06-22 17:57:53] MAC FLAP 1a:4a:a3:63:c4:d4 g1_s0:3 -> g1_s1:2
[2026-06-22 17:57:53] MAC FLAP 9e:15:46:6f:0b:de g1_s0:3 -> g1_s1:2
[2026-06-22 17:57:53] MAC FLAP 62:a0:56:6e:7d:c2 g1_s1:1 -> g2_s0:3
[2026-06-22 17:57:53] MAC FLAP a6:08:49:a1:b7:91 g1_s1:2 -> g2_s0:3
[2026-06-22 17:57:53] MAC FLAP ba:a3:f7:d5:25:ce g1_s1:2 -> g2_s0:2
[2026-06-22 17:57:53] MAC FLAP 16:8b:d1:2e:12:b7 g1_s1:2 -> g2_s0:3
[2026-06-22 17:57:53] MAC FLAP 86:e9:f9:a5:bf:8c g1_s1:2 -> g2_s0:1
[2026-06-22 17:57:53] MAC FLAP 92:e0:fa:df:41:3a g1_s1:2 -> g2_s0:3
[2026-06-22 17:57:53] MAC FLAP aa:5a:ee:c6:d4:4d g2_s1:2 -> g2_s0:3
[2026-06-22 17:57:53] MAC FLAP ee:d8:1f:c6:58:dc g1_s1:2 -> g2_s0:2
[2026-06-22 17:57:53] MAC FLAP 1a:4a:a3:63:c4:d4 g1_s1:2 -> g2_s0:3
[2026-06-22 17:57:53] MAC FLAP 9e:15:46:6f:0b:de g1_s1:2 -> g2_s0:3
[2026-06-22 17:57:53] MAC FLAP b2:7b:14:3f:6d:2e g1_s0:2 -> g2_s0:3
[2026-06-22 17:57:53] MAC FLAP 62:a0:56:6e:7d:c2 g2_s0:3 -> g2_s1:2
[2026-06-22 17:57:53] MAC FLAP a6:08:49:a1:b7:91 g2_s0:3 -> g2_s1:2
[2026-06-22 17:57:53] MAC FLAP 16:8b:d1:2e:12:b7 g2_s0:3 -> g2_s1:2
[2026-06-22 17:57:53] MAC FLAP 86:e9:f9:a5:bf:8c g2_s0:1 -> g2_s1:2
[2026-06-22 17:57:53] MAC FLAP 92:e0:fa:df:41:3a g2_s0:3 -> g2_s1:2
[2026-06-22 17:57:53] MAC FLAP aa:5a:ee:c6:d4:4d g2_s0:3 -> g2_s1:2
[2026-06-22 17:57:53] MAC FLAP ee:d8:1f:c6:58:dc g2_s0:2 -> g2_s1:1
[2026-06-22 17:57:53] MAC FLAP 1a:4a:a3:63:c4:d4 g2_s0:3 -> g2_s1:2
[2026-06-22 17:57:53] MAC FLAP 9e:15:46:6f:0b:de g2_s0:3 -> g2_s1:2
[2026-06-22 17:57:53] MAC FLAP b2:7b:14:3f:6d:2e g2_s0:3 -> g2_s1:2
[2026-06-22 17:57:58] MAC FLAP 62:a0:56:6e:7d:c2 g2_s1:2 -> g0_s0:3
[2026-06-22 17:57:58] MAC FLAP a6:08:49:a1:b7:91 g2_s1:2 -> g0_s0:1
[2026-06-22 17:57:58] MAC FLAP 86:e9:f9:a5:bf:8c g2_s1:2 -> g0_s0:3
[2026-06-22 17:57:58] MAC FLAP 92:e0:fa:df:41:3a g2_s1:2 -> g0_s0:3
[2026-06-22 17:57:58] MAC FLAP ee:d8:1f:c6:58:dc g2_s1:1 -> g0_s0:3
[2026-06-22 17:57:58] MAC FLAP 46:9c:bc:ee:cf:25 g0_s1:2 -> g0_s0:3
[2026-06-22 17:57:58] MAC FLAP 1a:4a:a3:63:c4:d4 g2_s1:2 -> g0_s0:2
[2026-06-22 17:57:58] MAC FLAP 9e:15:46:6f:0b:de g2_s1:2 -> g0_s0:2
[2026-06-22 17:57:58] MAC FLAP b2:7b:14:3f:6d:2e g2_s1:2 -> g0_s0:3
[2026-06-22 17:57:58] MAC FLAP de:f6:4d:4b:90:4b g1_s1:2 -> g0_s0:3
[2026-06-22 17:57:58] MAC FLAP ba:a3:f7:d5:25:ce g2_s0:2 -> g0_s0:3
[2026-06-22 17:57:58] MAC FLAP 62:a0:56:6e:7d:c2 g0_s0:3 -> g0_s1:2
[2026-06-22 17:57:58] MAC FLAP a6:08:49:a1:b7:91 g0_s0:1 -> g0_s1:2
[2026-06-22 17:57:58] MAC FLAP 86:e9:f9:a5:bf:8c g0_s0:3 -> g0_s1:2
[2026-06-22 17:57:58] MAC FLAP 92:e0:fa:df:41:3a g0_s0:3 -> g0_s1:2
[2026-06-22 17:57:58] MAC FLAP ee:d8:1f:c6:58:dc g0_s0:3 -> g0_s1:2
[2026-06-22 17:57:58] MAC FLAP 46:9c:bc:ee:cf:25 g0_s0:3 -> g0_s1:2
[2026-06-22 17:57:58] MAC FLAP 9e:15:46:6f:0b:de g0_s0:2 -> g0_s1:1
[2026-06-22 17:57:58] MAC FLAP b2:7b:14:3f:6d:2e g0_s0:3 -> g0_s1:2
[2026-06-22 17:57:58] MAC FLAP de:f6:4d:4b:90:4b g0_s0:3 -> g0_s1:2
[2026-06-22 17:57:58] MAC FLAP ba:a3:f7:d5:25:ce g0_s0:3 -> g0_s1:2
[2026-06-22 17:57:58] MAC FLAP 62:a0:56:6e:7d:c2 g0_s1:2 -> g1_s0:2
[2026-06-22 17:57:58] MAC FLAP a6:08:49:a1:b7:91 g0_s1:2 -> g1_s0:3
[2026-06-22 17:57:58] MAC FLAP 16:8b:d1:2e:12:b7 g2_s1:2 -> g1_s0:3
[2026-06-22 17:57:58] MAC FLAP 86:e9:f9:a5:bf:8c g0_s1:2 -> g1_s0:4
[2026-06-22 17:57:58] MAC FLAP 92:e0:fa:df:41:3a g0_s1:2 -> g1_s0:1
[2026-06-22 17:57:58] MAC FLAP ee:d8:1f:c6:58:dc g0_s1:2 -> g1_s0:4
[2026-06-22 17:57:58] MAC FLAP 1a:4a:a3:63:c4:d4 g0_s0:2 -> g1_s0:3
[2026-06-22 17:57:58] MAC FLAP 9e:15:46:6f:0b:de g0_s1:1 -> g1_s0:3
[2026-06-22 17:57:58] MAC FLAP b2:7b:14:3f:6d:2e g0_s1:2 -> g1_s0:2
[2026-06-22 17:57:58] MAC FLAP de:f6:4d:4b:90:4b g0_s1:2 -> g1_s0:4
[2026-06-22 17:57:58] MAC FLAP ba:a3:f7:d5:25:ce g0_s1:2 -> g1_s0:4
[2026-06-22 17:57:58] MAC FLAP 62:a0:56:6e:7d:c2 g1_s0:2 -> g1_s1:1
[2026-06-22 17:57:58] MAC FLAP a6:08:49:a1:b7:91 g1_s0:3 -> g1_s1:2
[2026-06-22 17:57:58] MAC FLAP 16:8b:d1:2e:12:b7 g1_s0:3 -> g1_s1:2
[2026-06-22 17:57:58] MAC FLAP 86:e9:f9:a5:bf:8c g1_s0:4 -> g1_s1:2
[2026-06-22 17:57:58] MAC FLAP 92:e0:fa:df:41:3a g1_s0:1 -> g1_s1:2
[2026-06-22 17:57:58] MAC FLAP ee:d8:1f:c6:58:dc g1_s0:4 -> g1_s1:2
[2026-06-22 17:57:58] MAC FLAP 1a:4a:a3:63:c4:d4 g1_s0:3 -> g1_s1:2
[2026-06-22 17:57:58] MAC FLAP 9e:15:46:6f:0b:de g1_s0:3 -> g1_s1:2
[2026-06-22 17:57:58] MAC FLAP de:f6:4d:4b:90:4b g1_s0:4 -> g1_s1:2
[2026-06-22 17:57:58] MAC FLAP ba:a3:f7:d5:25:ce g1_s0:4 -> g1_s1:2
[2026-06-22 17:57:58] MAC FLAP 62:a0:56:6e:7d:c2 g1_s1:1 -> g2_s0:3
[2026-06-22 17:57:58] MAC FLAP a6:08:49:a1:b7:91 g1_s1:2 -> g2_s0:3
[2026-06-22 17:57:58] MAC FLAP 16:8b:d1:2e:12:b7 g1_s1:2 -> g2_s0:3
[2026-06-22 17:57:58] MAC FLAP 86:e9:f9:a5:bf:8c g1_s1:2 -> g2_s0:1
[2026-06-22 17:57:58] MAC FLAP 92:e0:fa:df:41:3a g1_s1:2 -> g2_s0:3
[2026-06-22 17:57:58] MAC FLAP aa:5a:ee:c6:d4:4d g2_s1:2 -> g2_s0:3
[2026-06-22 17:57:58] MAC FLAP ee:d8:1f:c6:58:dc g1_s1:2 -> g2_s0:2
[2026-06-22 17:57:58] MAC FLAP 1a:4a:a3:63:c4:d4 g1_s1:2 -> g2_s0:3
[2026-06-22 17:57:58] MAC FLAP 9e:15:46:6f:0b:de g1_s1:2 -> g2_s0:3
[2026-06-22 17:57:58] MAC FLAP b2:7b:14:3f:6d:2e g1_s0:2 -> g2_s0:3
[2026-06-22 17:57:58] MAC FLAP ba:a3:f7:d5:25:ce g1_s1:2 -> g2_s0:2
[2026-06-22 17:57:58] MAC FLAP 62:a0:56:6e:7d:c2 g2_s0:3 -> g2_s1:2
[2026-06-22 17:57:58] MAC FLAP a6:08:49:a1:b7:91 g2_s0:3 -> g2_s1:2
[2026-06-22 17:57:58] MAC FLAP 16:8b:d1:2e:12:b7 g2_s0:3 -> g2_s1:2
[2026-06-22 17:57:58] MAC FLAP 86:e9:f9:a5:bf:8c g2_s0:1 -> g2_s1:2
[2026-06-22 17:57:58] MAC FLAP 92:e0:fa:df:41:3a g2_s0:3 -> g2_s1:2
[2026-06-22 17:57:58] MAC FLAP aa:5a:ee:c6:d4:4d g2_s0:3 -> g2_s1:2
[2026-06-22 17:57:58] MAC FLAP ee:d8:1f:c6:58:dc g2_s0:2 -> g2_s1:1
[2026-06-22 17:57:58] MAC FLAP 1a:4a:a3:63:c4:d4 g2_s0:3 -> g2_s1:2
[2026-06-22 17:57:58] MAC FLAP 9e:15:46:6f:0b:de g2_s0:3 -> g2_s1:2
[2026-06-22 17:57:58] MAC FLAP b2:7b:14:3f:6d:2e g2_s0:3 -> g2_s1:2
[2026-06-22 17:58:03] MAC FLAP 62:a0:56:6e:7d:c2 g2_s1:2 -> g0_s0:3
[2026-06-22 17:58:03] MAC FLAP a6:08:49:a1:b7:91 g2_s1:2 -> g0_s0:1
[2026-06-22 17:58:03] MAC FLAP 86:e9:f9:a5:bf:8c g2_s1:2 -> g0_s0:3
[2026-06-22 17:58:03] MAC FLAP 92:e0:fa:df:41:3a g2_s1:2 -> g0_s0:3
[2026-06-22 17:58:03] MAC FLAP ee:d8:1f:c6:58:dc g2_s1:1 -> g0_s0:3
[2026-06-22 17:58:03] MAC FLAP 46:9c:bc:ee:cf:25 g0_s1:2 -> g0_s0:3
[2026-06-22 17:58:03] MAC FLAP 1a:4a:a3:63:c4:d4 g2_s1:2 -> g0_s0:2
[2026-06-22 17:58:03] MAC FLAP 9e:15:46:6f:0b:de g2_s1:2 -> g0_s0:2
[2026-06-22 17:58:03] MAC FLAP b2:7b:14:3f:6d:2e g2_s1:2 -> g0_s0:3
[2026-06-22 17:58:03] MAC FLAP de:f6:4d:4b:90:4b g1_s1:2 -> g0_s0:3
[2026-06-22 17:58:03] MAC FLAP ba:a3:f7:d5:25:ce g2_s0:2 -> g0_s0:3
[2026-06-22 17:58:03] MAC FLAP 62:a0:56:6e:7d:c2 g0_s0:3 -> g0_s1:2
[2026-06-22 17:58:03] MAC FLAP a6:08:49:a1:b7:91 g0_s0:1 -> g0_s1:2
[2026-06-22 17:58:03] MAC FLAP 86:e9:f9:a5:bf:8c g0_s0:3 -> g0_s1:2
[2026-06-22 17:58:03] MAC FLAP 92:e0:fa:df:41:3a g0_s0:3 -> g0_s1:2
[2026-06-22 17:58:03] MAC FLAP ee:d8:1f:c6:58:dc g0_s0:3 -> g0_s1:2
[2026-06-22 17:58:03] MAC FLAP 46:9c:bc:ee:cf:25 g0_s0:3 -> g0_s1:2
[2026-06-22 17:58:03] MAC FLAP 9e:15:46:6f:0b:de g0_s0:2 -> g0_s1:1
[2026-06-22 17:58:03] MAC FLAP b2:7b:14:3f:6d:2e g0_s0:3 -> g0_s1:2
[2026-06-22 17:58:03] MAC FLAP de:f6:4d:4b:90:4b g0_s0:3 -> g0_s1:2
[2026-06-22 17:58:03] MAC FLAP ba:a3:f7:d5:25:ce g0_s0:3 -> g0_s1:2
[2026-06-22 17:58:03] MAC FLAP 62:a0:56:6e:7d:c2 g0_s1:2 -> g1_s0:2
[2026-06-22 17:58:03] MAC FLAP a6:08:49:a1:b7:91 g0_s1:2 -> g1_s0:3
[2026-06-22 17:58:03] MAC FLAP 16:8b:d1:2e:12:b7 g2_s1:2 -> g1_s0:3
[2026-06-22 17:58:03] MAC FLAP 86:e9:f9:a5:bf:8c g0_s1:2 -> g1_s0:4
[2026-06-22 17:58:03] MAC FLAP 92:e0:fa:df:41:3a g0_s1:2 -> g1_s0:1
[2026-06-22 17:58:03] MAC FLAP ee:d8:1f:c6:58:dc g0_s1:2 -> g1_s0:4
[2026-06-22 17:58:03] MAC FLAP 1a:4a:a3:63:c4:d4 g0_s0:2 -> g1_s0:3
[2026-06-22 17:58:03] MAC FLAP 9e:15:46:6f:0b:de g0_s1:1 -> g1_s0:3
[2026-06-22 17:58:03] MAC FLAP b2:7b:14:3f:6d:2e g0_s1:2 -> g1_s0:2
[2026-06-22 17:58:03] MAC FLAP de:f6:4d:4b:90:4b g0_s1:2 -> g1_s0:4
[2026-06-22 17:58:03] MAC FLAP ba:a3:f7:d5:25:ce g0_s1:2 -> g1_s0:4
[2026-06-22 17:58:03] MAC FLAP 62:a0:56:6e:7d:c2 g1_s0:2 -> g1_s1:1
[2026-06-22 17:58:03] MAC FLAP a6:08:49:a1:b7:91 g1_s0:3 -> g1_s1:2
[2026-06-22 17:58:03] MAC FLAP 16:8b:d1:2e:12:b7 g1_s0:3 -> g1_s1:2
[2026-06-22 17:58:03] MAC FLAP 86:e9:f9:a5:bf:8c g1_s0:4 -> g1_s1:2
[2026-06-22 17:58:03] MAC FLAP 92:e0:fa:df:41:3a g1_s0:1 -> g1_s1:2
[2026-06-22 17:58:03] MAC FLAP ee:d8:1f:c6:58:dc g1_s0:4 -> g1_s1:2
[2026-06-22 17:58:03] MAC FLAP 1a:4a:a3:63:c4:d4 g1_s0:3 -> g1_s1:2
[2026-06-22 17:58:03] MAC FLAP 9e:15:46:6f:0b:de g1_s0:3 -> g1_s1:2
[2026-06-22 17:58:03] MAC FLAP de:f6:4d:4b:90:4b g1_s0:4 -> g1_s1:2
[2026-06-22 17:58:03] MAC FLAP ba:a3:f7:d5:25:ce g1_s0:4 -> g1_s1:2
[2026-06-22 17:58:03] MAC FLAP 62:a0:56:6e:7d:c2 g1_s1:1 -> g2_s0:3
[2026-06-22 17:58:03] MAC FLAP a6:08:49:a1:b7:91 g1_s1:2 -> g2_s0:3
[2026-06-22 17:58:03] MAC FLAP 16:8b:d1:2e:12:b7 g1_s1:2 -> g2_s0:3
[2026-06-22 17:58:03] MAC FLAP 86:e9:f9:a5:bf:8c g1_s1:2 -> g2_s0:1
[2026-06-22 17:58:03] MAC FLAP 92:e0:fa:df:41:3a g1_s1:2 -> g2_s0:3
[2026-06-22 17:58:03] MAC FLAP aa:5a:ee:c6:d4:4d g2_s1:2 -> g2_s0:3
[2026-06-22 17:58:03] MAC FLAP ee:d8:1f:c6:58:dc g1_s1:2 -> g2_s0:2
[2026-06-22 17:58:03] MAC FLAP 1a:4a:a3:63:c4:d4 g1_s1:2 -> g2_s0:3
[2026-06-22 17:58:03] MAC FLAP 9e:15:46:6f:0b:de g1_s1:2 -> g2_s0:3
[2026-06-22 17:58:03] MAC FLAP b2:7b:14:3f:6d:2e g1_s0:2 -> g2_s0:3
[2026-06-22 17:58:03] MAC FLAP ba:a3:f7:d5:25:ce g1_s1:2 -> g2_s0:2
[2026-06-22 17:58:03] MAC FLAP 62:a0:56:6e:7d:c2 g2_s0:3 -> g2_s1:2
[2026-06-22 17:58:03] MAC FLAP a6:08:49:a1:b7:91 g2_s0:3 -> g2_s1:2
[2026-06-22 17:58:03] MAC FLAP 16:8b:d1:2e:12:b7 g2_s0:3 -> g2_s1:2
[2026-06-22 17:58:03] MAC FLAP 86:e9:f9:a5:bf:8c g2_s0:1 -> g2_s1:2
[2026-06-22 17:58:03] MAC FLAP 92:e0:fa:df:41:3a g2_s0:3 -> g2_s1:2
[2026-06-22 17:58:03] MAC FLAP aa:5a:ee:c6:d4:4d g2_s0:3 -> g2_s1:2
[2026-06-22 17:58:03] MAC FLAP ee:d8:1f:c6:58:dc g2_s0:2 -> g2_s1:1
[2026-06-22 17:58:03] MAC FLAP 1a:4a:a3:63:c4:d4 g2_s0:3 -> g2_s1:2
[2026-06-22 17:58:03] MAC FLAP 9e:15:46:6f:0b:de g2_s0:3 -> g2_s1:2
[2026-06-22 17:58:03] MAC FLAP b2:7b:14:3f:6d:2e g2_s0:3 -> g2_s1:2
[2026-06-22 17:58:08] MAC FLAP 62:a0:56:6e:7d:c2 g2_s1:2 -> g0_s0:3
[2026-06-22 17:58:08] MAC FLAP a6:08:49:a1:b7:91 g2_s1:2 -> g0_s0:1
[2026-06-22 17:58:08] MAC FLAP 86:e9:f9:a5:bf:8c g2_s1:2 -> g0_s0:3
[2026-06-22 17:58:08] MAC FLAP 92:e0:fa:df:41:3a g2_s1:2 -> g0_s0:3
[2026-06-22 17:58:08] MAC FLAP ee:d8:1f:c6:58:dc g2_s1:1 -> g0_s0:3
[2026-06-22 17:58:08] MAC FLAP 46:9c:bc:ee:cf:25 g0_s1:2 -> g0_s0:3
[2026-06-22 17:58:08] MAC FLAP 1a:4a:a3:63:c4:d4 g2_s1:2 -> g0_s0:2
[2026-06-22 17:58:08] MAC FLAP 9e:15:46:6f:0b:de g2_s1:2 -> g0_s0:2
[2026-06-22 17:58:08] MAC FLAP b2:7b:14:3f:6d:2e g2_s1:2 -> g0_s0:3
[2026-06-22 17:58:08] MAC FLAP de:f6:4d:4b:90:4b g1_s1:2 -> g0_s0:3
[2026-06-22 17:58:08] MAC FLAP ba:a3:f7:d5:25:ce g2_s0:2 -> g0_s0:3
[2026-06-22 17:58:08] MAC FLAP 62:a0:56:6e:7d:c2 g0_s0:3 -> g0_s1:2
[2026-06-22 17:58:08] MAC FLAP a6:08:49:a1:b7:91 g0_s0:1 -> g0_s1:2
[2026-06-22 17:58:08] MAC FLAP 86:e9:f9:a5:bf:8c g0_s0:3 -> g0_s1:2
[2026-06-22 17:58:08] MAC FLAP 92:e0:fa:df:41:3a g0_s0:3 -> g0_s1:2
[2026-06-22 17:58:08] MAC FLAP ee:d8:1f:c6:58:dc g0_s0:3 -> g0_s1:2
[2026-06-22 17:58:08] MAC FLAP 46:9c:bc:ee:cf:25 g0_s0:3 -> g0_s1:2
[2026-06-22 17:58:08] MAC FLAP 9e:15:46:6f:0b:de g0_s0:2 -> g0_s1:1
[2026-06-22 17:58:08] MAC FLAP b2:7b:14:3f:6d:2e g0_s0:3 -> g0_s1:2
[2026-06-22 17:58:08] MAC FLAP de:f6:4d:4b:90:4b g0_s0:3 -> g0_s1:2
[2026-06-22 17:58:08] MAC FLAP ba:a3:f7:d5:25:ce g0_s0:3 -> g0_s1:2
[2026-06-22 17:58:08] MAC FLAP 62:a0:56:6e:7d:c2 g0_s1:2 -> g1_s0:2
[2026-06-22 17:58:08] MAC FLAP a6:08:49:a1:b7:91 g0_s1:2 -> g1_s0:3
[2026-06-22 17:58:08] MAC FLAP 16:8b:d1:2e:12:b7 g2_s1:2 -> g1_s0:3
[2026-06-22 17:58:08] MAC FLAP 86:e9:f9:a5:bf:8c g0_s1:2 -> g1_s0:4
[2026-06-22 17:58:08] MAC FLAP 92:e0:fa:df:41:3a g0_s1:2 -> g1_s0:1
[2026-06-22 17:58:08] MAC FLAP ee:d8:1f:c6:58:dc g0_s1:2 -> g1_s0:4
[2026-06-22 17:58:08] MAC FLAP 1a:4a:a3:63:c4:d4 g0_s0:2 -> g1_s0:3
[2026-06-22 17:58:08] MAC FLAP 9e:15:46:6f:0b:de g0_s1:1 -> g1_s0:3
[2026-06-22 17:58:08] MAC FLAP b2:7b:14:3f:6d:2e g0_s1:2 -> g1_s0:2
[2026-06-22 17:58:08] MAC FLAP de:f6:4d:4b:90:4b g0_s1:2 -> g1_s0:4
[2026-06-22 17:58:08] MAC FLAP ba:a3:f7:d5:25:ce g0_s1:2 -> g1_s0:4
[2026-06-22 17:58:08] MAC FLAP 62:a0:56:6e:7d:c2 g1_s0:2 -> g1_s1:1
[2026-06-22 17:58:08] MAC FLAP a6:08:49:a1:b7:91 g1_s0:3 -> g1_s1:2
[2026-06-22 17:58:08] MAC FLAP 16:8b:d1:2e:12:b7 g1_s0:3 -> g1_s1:2
[2026-06-22 17:58:08] MAC FLAP 86:e9:f9:a5:bf:8c g1_s0:4 -> g1_s1:2
[2026-06-22 17:58:08] MAC FLAP 92:e0:fa:df:41:3a g1_s0:1 -> g1_s1:2
[2026-06-22 17:58:08] MAC FLAP ee:d8:1f:c6:58:dc g1_s0:4 -> g1_s1:2
[2026-06-22 17:58:08] MAC FLAP 1a:4a:a3:63:c4:d4 g1_s0:3 -> g1_s1:2
[2026-06-22 17:58:08] MAC FLAP 9e:15:46:6f:0b:de g1_s0:3 -> g1_s1:2
[2026-06-22 17:58:08] MAC FLAP de:f6:4d:4b:90:4b g1_s0:4 -> g1_s1:2
[2026-06-22 17:58:08] MAC FLAP ba:a3:f7:d5:25:ce g1_s0:4 -> g1_s1:2
[2026-06-22 17:58:08] MAC FLAP 62:a0:56:6e:7d:c2 g1_s1:1 -> g2_s0:3
[2026-06-22 17:58:08] MAC FLAP a6:08:49:a1:b7:91 g1_s1:2 -> g2_s0:3
[2026-06-22 17:58:08] MAC FLAP 16:8b:d1:2e:12:b7 g1_s1:2 -> g2_s0:3
[2026-06-22 17:58:08] MAC FLAP 86:e9:f9:a5:bf:8c g1_s1:2 -> g2_s0:1
[2026-06-22 17:58:08] MAC FLAP 92:e0:fa:df:41:3a g1_s1:2 -> g2_s0:3
[2026-06-22 17:58:08] MAC FLAP aa:5a:ee:c6:d4:4d g2_s1:2 -> g2_s0:3
[2026-06-22 17:58:08] MAC FLAP ee:d8:1f:c6:58:dc g1_s1:2 -> g2_s0:2
[2026-06-22 17:58:08] MAC FLAP 1a:4a:a3:63:c4:d4 g1_s1:2 -> g2_s0:3
[2026-06-22 17:58:08] MAC FLAP 9e:15:46:6f:0b:de g1_s1:2 -> g2_s0:3
[2026-06-22 17:58:08] MAC FLAP b2:7b:14:3f:6d:2e g1_s0:2 -> g2_s0:3
[2026-06-22 17:58:08] MAC FLAP ba:a3:f7:d5:25:ce g1_s1:2 -> g2_s0:2
[2026-06-22 17:58:08] MAC FLAP 62:a0:56:6e:7d:c2 g2_s0:3 -> g2_s1:2
[2026-06-22 17:58:08] MAC FLAP a6:08:49:a1:b7:91 g2_s0:3 -> g2_s1:2
[2026-06-22 17:58:08] MAC FLAP 16:8b:d1:2e:12:b7 g2_s0:3 -> g2_s1:2
[2026-06-22 17:58:08] MAC FLAP 86:e9:f9:a5:bf:8c g2_s0:1 -> g2_s1:2
[2026-06-22 17:58:08] MAC FLAP 92:e0:fa:df:41:3a g2_s0:3 -> g2_s1:2
[2026-06-22 17:58:08] MAC FLAP aa:5a:ee:c6:d4:4d g2_s0:3 -> g2_s1:2
[2026-06-22 17:58:08] MAC FLAP ee:d8:1f:c6:58:dc g2_s0:2 -> g2_s1:1
[2026-06-22 17:58:08] MAC FLAP 1a:4a:a3:63:c4:d4 g2_s0:3 -> g2_s1:2
[2026-06-22 17:58:08] MAC FLAP 9e:15:46:6f:0b:de g2_s0:3 -> g2_s1:2
[2026-06-22 17:58:08] MAC FLAP b2:7b:14:3f:6d:2e g2_s0:3 -> g2_s1:2
[2026-06-22 17:58:13] MAC FLAP 62:a0:56:6e:7d:c2 g2_s1:2 -> g0_s0:3
[2026-06-22 17:58:13] MAC FLAP a6:08:49:a1:b7:91 g2_s1:2 -> g0_s0:1
[2026-06-22 17:58:13] MAC FLAP 86:e9:f9:a5:bf:8c g2_s1:2 -> g0_s0:3
[2026-06-22 17:58:13] MAC FLAP 92:e0:fa:df:41:3a g2_s1:2 -> g0_s0:3
[2026-06-22 17:58:13] MAC FLAP ee:d8:1f:c6:58:dc g2_s1:1 -> g0_s0:3
[2026-06-22 17:58:13] MAC FLAP 46:9c:bc:ee:cf:25 g0_s1:2 -> g0_s0:3
[2026-06-22 17:58:13] MAC FLAP 1a:4a:a3:63:c4:d4 g2_s1:2 -> g0_s0:2
[2026-06-22 17:58:13] MAC FLAP 9e:15:46:6f:0b:de g2_s1:2 -> g0_s0:2
[2026-06-22 17:58:13] MAC FLAP b2:7b:14:3f:6d:2e g2_s1:2 -> g0_s0:3
[2026-06-22 17:58:13] MAC FLAP de:f6:4d:4b:90:4b g1_s1:2 -> g0_s0:3
[2026-06-22 17:58:13] MAC FLAP ba:a3:f7:d5:25:ce g2_s0:2 -> g0_s0:3
[2026-06-22 17:58:13] MAC FLAP 62:a0:56:6e:7d:c2 g0_s0:3 -> g0_s1:2
[2026-06-22 17:58:13] MAC FLAP a6:08:49:a1:b7:91 g0_s0:1 -> g0_s1:2
[2026-06-22 17:58:13] MAC FLAP 86:e9:f9:a5:bf:8c g0_s0:3 -> g0_s1:2
[2026-06-22 17:58:13] MAC FLAP 92:e0:fa:df:41:3a g0_s0:3 -> g0_s1:2
[2026-06-22 17:58:13] MAC FLAP ee:d8:1f:c6:58:dc g0_s0:3 -> g0_s1:2
[2026-06-22 17:58:13] MAC FLAP 46:9c:bc:ee:cf:25 g0_s0:3 -> g0_s1:2
[2026-06-22 17:58:13] MAC FLAP 9e:15:46:6f:0b:de g0_s0:2 -> g0_s1:1
[2026-06-22 17:58:13] MAC FLAP b2:7b:14:3f:6d:2e g0_s0:3 -> g0_s1:2
[2026-06-22 17:58:13] MAC FLAP de:f6:4d:4b:90:4b g0_s0:3 -> g0_s1:2
[2026-06-22 17:58:13] MAC FLAP ba:a3:f7:d5:25:ce g0_s0:3 -> g0_s1:2
[2026-06-22 17:58:13] MAC FLAP 62:a0:56:6e:7d:c2 g0_s1:2 -> g1_s0:2
[2026-06-22 17:58:13] MAC FLAP a6:08:49:a1:b7:91 g0_s1:2 -> g1_s0:3
[2026-06-22 17:58:13] MAC FLAP 16:8b:d1:2e:12:b7 g2_s1:2 -> g1_s0:3
[2026-06-22 17:58:13] MAC FLAP 86:e9:f9:a5:bf:8c g0_s1:2 -> g1_s0:4
[2026-06-22 17:58:13] MAC FLAP 92:e0:fa:df:41:3a g0_s1:2 -> g1_s0:1
[2026-06-22 17:58:13] MAC FLAP ee:d8:1f:c6:58:dc g0_s1:2 -> g1_s0:4
[2026-06-22 17:58:13] MAC FLAP 1a:4a:a3:63:c4:d4 g0_s0:2 -> g1_s0:3
[2026-06-22 17:58:13] MAC FLAP 9e:15:46:6f:0b:de g0_s1:1 -> g1_s0:3
[2026-06-22 17:58:13] MAC FLAP b2:7b:14:3f:6d:2e g0_s1:2 -> g1_s0:2
[2026-06-22 17:58:13] MAC FLAP de:f6:4d:4b:90:4b g0_s1:2 -> g1_s0:4
[2026-06-22 17:58:13] MAC FLAP ba:a3:f7:d5:25:ce g0_s1:2 -> g1_s0:4
[2026-06-22 17:58:13] MAC FLAP 62:a0:56:6e:7d:c2 g1_s0:2 -> g1_s1:1
[2026-06-22 17:58:13] MAC FLAP a6:08:49:a1:b7:91 g1_s0:3 -> g1_s1:2
[2026-06-22 17:58:13] MAC FLAP 16:8b:d1:2e:12:b7 g1_s0:3 -> g1_s1:2
[2026-06-22 17:58:13] MAC FLAP 86:e9:f9:a5:bf:8c g1_s0:4 -> g1_s1:2
[2026-06-22 17:58:13] MAC FLAP 92:e0:fa:df:41:3a g1_s0:1 -> g1_s1:2
[2026-06-22 17:58:13] MAC FLAP ee:d8:1f:c6:58:dc g1_s0:4 -> g1_s1:2
[2026-06-22 17:58:13] MAC FLAP 1a:4a:a3:63:c4:d4 g1_s0:3 -> g1_s1:2
[2026-06-22 17:58:13] MAC FLAP 9e:15:46:6f:0b:de g1_s0:3 -> g1_s1:2
[2026-06-22 17:58:13] MAC FLAP de:f6:4d:4b:90:4b g1_s0:4 -> g1_s1:2
[2026-06-22 17:58:13] MAC FLAP ba:a3:f7:d5:25:ce g1_s0:4 -> g1_s1:2
[2026-06-22 17:58:13] MAC FLAP 62:a0:56:6e:7d:c2 g1_s1:1 -> g2_s0:3
[2026-06-22 17:58:13] MAC FLAP a6:08:49:a1:b7:91 g1_s1:2 -> g2_s0:3
[2026-06-22 17:58:13] MAC FLAP 16:8b:d1:2e:12:b7 g1_s1:2 -> g2_s0:3
[2026-06-22 17:58:13] MAC FLAP 86:e9:f9:a5:bf:8c g1_s1:2 -> g2_s0:1
[2026-06-22 17:58:13] MAC FLAP 92:e0:fa:df:41:3a g1_s1:2 -> g2_s0:3
[2026-06-22 17:58:13] MAC FLAP aa:5a:ee:c6:d4:4d g2_s1:2 -> g2_s0:3
[2026-06-22 17:58:13] MAC FLAP ee:d8:1f:c6:58:dc g1_s1:2 -> g2_s0:2
[2026-06-22 17:58:13] MAC FLAP 1a:4a:a3:63:c4:d4 g1_s1:2 -> g2_s0:3
[2026-06-22 17:58:13] MAC FLAP 9e:15:46:6f:0b:de g1_s1:2 -> g2_s0:3
[2026-06-22 17:58:13] MAC FLAP b2:7b:14:3f:6d:2e g1_s0:2 -> g2_s0:3
[2026-06-22 17:58:13] MAC FLAP ba:a3:f7:d5:25:ce g1_s1:2 -> g2_s0:2
[2026-06-22 17:58:13] MAC FLAP 62:a0:56:6e:7d:c2 g2_s0:3 -> g2_s1:2
[2026-06-22 17:58:13] MAC FLAP a6:08:49:a1:b7:91 g2_s0:3 -> g2_s1:2
[2026-06-22 17:58:13] MAC FLAP 16:8b:d1:2e:12:b7 g2_s0:3 -> g2_s1:2
[2026-06-22 17:58:13] MAC FLAP 86:e9:f9:a5:bf:8c g2_s0:1 -> g2_s1:2
[2026-06-22 17:58:13] MAC FLAP 92:e0:fa:df:41:3a g2_s0:3 -> g2_s1:2
[2026-06-22 17:58:13] MAC FLAP aa:5a:ee:c6:d4:4d g2_s0:3 -> g2_s1:2
[2026-06-22 17:58:13] MAC FLAP ee:d8:1f:c6:58:dc g2_s0:2 -> g2_s1:1
[2026-06-22 17:58:13] MAC FLAP 1a:4a:a3:63:c4:d4 g2_s0:3 -> g2_s1:2
[2026-06-22 17:58:13] MAC FLAP 9e:15:46:6f:0b:de g2_s0:3 -> g2_s1:2
[2026-06-22 17:58:13] MAC FLAP b2:7b:14:3f:6d:2e g2_s0:3 -> g2_s1:2
[2026-06-22 17:58:18] MAC FLAP a6:08:49:a1:b7:91 g2_s1:2 -> g0_s0:1
[2026-06-22 17:58:18] MAC FLAP 86:e9:f9:a5:bf:8c g2_s1:2 -> g0_s0:3
[2026-06-22 17:58:19] MAC FLAP 92:e0:fa:df:41:3a g2_s1:2 -> g0_s0:3
[2026-06-22 17:58:19] MAC FLAP ee:d8:1f:c6:58:dc g2_s1:1 -> g0_s0:3
[2026-06-22 17:58:19] MAC FLAP 46:9c:bc:ee:cf:25 g0_s1:2 -> g0_s0:3
[2026-06-22 17:58:19] MAC FLAP 1a:4a:a3:63:c4:d4 g2_s1:2 -> g0_s0:2
[2026-06-22 17:58:19] MAC FLAP 9e:15:46:6f:0b:de g2_s1:2 -> g0_s0:2
[2026-06-22 17:58:19] MAC FLAP b2:7b:14:3f:6d:2e g2_s1:2 -> g0_s0:3
[2026-06-22 17:58:19] MAC FLAP de:f6:4d:4b:90:4b g1_s1:2 -> g0_s0:3
[2026-06-22 17:58:19] MAC FLAP ba:a3:f7:d5:25:ce g2_s0:2 -> g0_s0:3
[2026-06-22 17:58:19] MAC FLAP 62:a0:56:6e:7d:c2 g2_s1:2 -> g0_s0:3
[2026-06-22 17:58:19] MAC FLAP a6:08:49:a1:b7:91 g0_s0:1 -> g0_s1:2
[2026-06-22 17:58:19] MAC FLAP 86:e9:f9:a5:bf:8c g0_s0:3 -> g0_s1:2
[2026-06-22 17:58:19] MAC FLAP 92:e0:fa:df:41:3a g0_s0:3 -> g0_s1:2
[2026-06-22 17:58:19] MAC FLAP ee:d8:1f:c6:58:dc g0_s0:3 -> g0_s1:2
[2026-06-22 17:58:19] MAC FLAP 46:9c:bc:ee:cf:25 g0_s0:3 -> g0_s1:2
[2026-06-22 17:58:19] MAC FLAP 9e:15:46:6f:0b:de g0_s0:2 -> g0_s1:1
[2026-06-22 17:58:19] MAC FLAP b2:7b:14:3f:6d:2e g0_s0:3 -> g0_s1:2
[2026-06-22 17:58:19] MAC FLAP de:f6:4d:4b:90:4b g0_s0:3 -> g0_s1:2
[2026-06-22 17:58:19] MAC FLAP ba:a3:f7:d5:25:ce g0_s0:3 -> g0_s1:2
[2026-06-22 17:58:19] MAC FLAP 62:a0:56:6e:7d:c2 g0_s0:3 -> g0_s1:2
[2026-06-22 17:58:19] MAC FLAP a6:08:49:a1:b7:91 g0_s1:2 -> g1_s0:3
[2026-06-22 17:58:19] MAC FLAP 16:8b:d1:2e:12:b7 g2_s1:2 -> g1_s0:3
[2026-06-22 17:58:19] MAC FLAP 86:e9:f9:a5:bf:8c g0_s1:2 -> g1_s0:4
[2026-06-22 17:58:19] MAC FLAP 92:e0:fa:df:41:3a g0_s1:2 -> g1_s0:1
[2026-06-22 17:58:19] MAC FLAP ee:d8:1f:c6:58:dc g0_s1:2 -> g1_s0:4
[2026-06-22 17:58:19] MAC FLAP 1a:4a:a3:63:c4:d4 g0_s0:2 -> g1_s0:3
[2026-06-22 17:58:19] MAC FLAP 9e:15:46:6f:0b:de g0_s1:1 -> g1_s0:3
[2026-06-22 17:58:19] MAC FLAP b2:7b:14:3f:6d:2e g0_s1:2 -> g1_s0:2
[2026-06-22 17:58:19] MAC FLAP de:f6:4d:4b:90:4b g0_s1:2 -> g1_s0:4
[2026-06-22 17:58:19] MAC FLAP ba:a3:f7:d5:25:ce g0_s1:2 -> g1_s0:4
[2026-06-22 17:58:19] MAC FLAP 62:a0:56:6e:7d:c2 g0_s1:2 -> g1_s0:2
[2026-06-22 17:58:19] MAC FLAP a6:08:49:a1:b7:91 g1_s0:3 -> g1_s1:2
[2026-06-22 17:58:19] MAC FLAP 16:8b:d1:2e:12:b7 g1_s0:3 -> g1_s1:2
[2026-06-22 17:58:19] MAC FLAP 86:e9:f9:a5:bf:8c g1_s0:4 -> g1_s1:2
[2026-06-22 17:58:19] MAC FLAP 92:e0:fa:df:41:3a g1_s0:1 -> g1_s1:2
[2026-06-22 17:58:19] MAC FLAP ee:d8:1f:c6:58:dc g1_s0:4 -> g1_s1:2
[2026-06-22 17:58:19] MAC FLAP 1a:4a:a3:63:c4:d4 g1_s0:3 -> g1_s1:2
[2026-06-22 17:58:19] MAC FLAP 9e:15:46:6f:0b:de g1_s0:3 -> g1_s1:2
[2026-06-22 17:58:19] MAC FLAP de:f6:4d:4b:90:4b g1_s0:4 -> g1_s1:2
[2026-06-22 17:58:19] MAC FLAP ba:a3:f7:d5:25:ce g1_s0:4 -> g1_s1:2
[2026-06-22 17:58:19] MAC FLAP 62:a0:56:6e:7d:c2 g1_s0:2 -> g1_s1:1
[2026-06-22 17:58:19] MAC FLAP a6:08:49:a1:b7:91 g1_s1:2 -> g2_s0:3
[2026-06-22 17:58:19] MAC FLAP 16:8b:d1:2e:12:b7 g1_s1:2 -> g2_s0:3
[2026-06-22 17:58:19] MAC FLAP 86:e9:f9:a5:bf:8c g1_s1:2 -> g2_s0:1
[2026-06-22 17:58:19] MAC FLAP 92:e0:fa:df:41:3a g1_s1:2 -> g2_s0:3
[2026-06-22 17:58:19] MAC FLAP aa:5a:ee:c6:d4:4d g2_s1:2 -> g2_s0:3
[2026-06-22 17:58:19] MAC FLAP ee:d8:1f:c6:58:dc g1_s1:2 -> g2_s0:2
[2026-06-22 17:58:19] MAC FLAP 1a:4a:a3:63:c4:d4 g1_s1:2 -> g2_s0:3
[2026-06-22 17:58:19] MAC FLAP 9e:15:46:6f:0b:de g1_s1:2 -> g2_s0:3
[2026-06-22 17:58:19] MAC FLAP b2:7b:14:3f:6d:2e g1_s0:2 -> g2_s0:3
[2026-06-22 17:58:19] MAC FLAP ba:a3:f7:d5:25:ce g1_s1:2 -> g2_s0:2
[2026-06-22 17:58:19] MAC FLAP 62:a0:56:6e:7d:c2 g1_s1:1 -> g2_s0:3
[2026-06-22 17:58:19] MAC FLAP a6:08:49:a1:b7:91 g2_s0:3 -> g2_s1:2
[2026-06-22 17:58:19] MAC FLAP 16:8b:d1:2e:12:b7 g2_s0:3 -> g2_s1:2
[2026-06-22 17:58:19] MAC FLAP 86:e9:f9:a5:bf:8c g2_s0:1 -> g2_s1:2
[2026-06-22 17:58:19] MAC FLAP 92:e0:fa:df:41:3a g2_s0:3 -> g2_s1:2
[2026-06-22 17:58:19] MAC FLAP aa:5a:ee:c6:d4:4d g2_s0:3 -> g2_s1:2
[2026-06-22 17:58:19] MAC FLAP ee:d8:1f:c6:58:dc g2_s0:2 -> g2_s1:1
[2026-06-22 17:58:19] MAC FLAP 1a:4a:a3:63:c4:d4 g2_s0:3 -> g2_s1:2
[2026-06-22 17:58:19] MAC FLAP 9e:15:46:6f:0b:de g2_s0:3 -> g2_s1:2
[2026-06-22 17:58:19] MAC FLAP b2:7b:14:3f:6d:2e g2_s0:3 -> g2_s1:2
[2026-06-22 17:58:19] MAC FLAP 62:a0:56:6e:7d:c2 g2_s0:3 -> g2_s1:2
[2026-06-22 17:58:24] MAC FLAP a6:08:49:a1:b7:91 g2_s1:2 -> g0_s0:1
[2026-06-22 17:58:24] MAC FLAP 86:e9:f9:a5:bf:8c g2_s1:2 -> g0_s0:3
[2026-06-22 17:58:24] MAC FLAP 92:e0:fa:df:41:3a g2_s1:2 -> g0_s0:3
[2026-06-22 17:58:24] MAC FLAP ee:d8:1f:c6:58:dc g2_s1:1 -> g0_s0:3
[2026-06-22 17:58:24] MAC FLAP 46:9c:bc:ee:cf:25 g0_s1:2 -> g0_s0:3
[2026-06-22 17:58:24] MAC FLAP 1a:4a:a3:63:c4:d4 g2_s1:2 -> g0_s0:2
[2026-06-22 17:58:24] MAC FLAP 9e:15:46:6f:0b:de g2_s1:2 -> g0_s0:2
[2026-06-22 17:58:24] MAC FLAP b2:7b:14:3f:6d:2e g2_s1:2 -> g0_s0:3
[2026-06-22 17:58:24] MAC FLAP de:f6:4d:4b:90:4b g1_s1:2 -> g0_s0:3
[2026-06-22 17:58:24] MAC FLAP ba:a3:f7:d5:25:ce g2_s0:2 -> g0_s0:3
[2026-06-22 17:58:24] MAC FLAP 62:a0:56:6e:7d:c2 g2_s1:2 -> g0_s0:3
[2026-06-22 17:58:24] MAC FLAP a6:08:49:a1:b7:91 g0_s0:1 -> g0_s1:2
[2026-06-22 17:58:24] MAC FLAP 86:e9:f9:a5:bf:8c g0_s0:3 -> g0_s1:2
[2026-06-22 17:58:24] MAC FLAP 92:e0:fa:df:41:3a g0_s0:3 -> g0_s1:2
[2026-06-22 17:58:24] MAC FLAP ee:d8:1f:c6:58:dc g0_s0:3 -> g0_s1:2
[2026-06-22 17:58:24] MAC FLAP 46:9c:bc:ee:cf:25 g0_s0:3 -> g0_s1:2
[2026-06-22 17:58:24] MAC FLAP 9e:15:46:6f:0b:de g0_s0:2 -> g0_s1:1
[2026-06-22 17:58:24] MAC FLAP b2:7b:14:3f:6d:2e g0_s0:3 -> g0_s1:2
[2026-06-22 17:58:24] MAC FLAP de:f6:4d:4b:90:4b g0_s0:3 -> g0_s1:2
[2026-06-22 17:58:24] MAC FLAP ba:a3:f7:d5:25:ce g0_s0:3 -> g0_s1:2
[2026-06-22 17:58:24] MAC FLAP 62:a0:56:6e:7d:c2 g0_s0:3 -> g0_s1:2
[2026-06-22 17:58:24] MAC FLAP a6:08:49:a1:b7:91 g0_s1:2 -> g1_s0:3
[2026-06-22 17:58:24] MAC FLAP 16:8b:d1:2e:12:b7 g2_s1:2 -> g1_s0:3
[2026-06-22 17:58:24] MAC FLAP 86:e9:f9:a5:bf:8c g0_s1:2 -> g1_s0:4
[2026-06-22 17:58:24] MAC FLAP 92:e0:fa:df:41:3a g0_s1:2 -> g1_s0:1
[2026-06-22 17:58:24] MAC FLAP ee:d8:1f:c6:58:dc g0_s1:2 -> g1_s0:4
[2026-06-22 17:58:24] MAC FLAP 1a:4a:a3:63:c4:d4 g0_s0:2 -> g1_s0:3
[2026-06-22 17:58:24] MAC FLAP 9e:15:46:6f:0b:de g0_s1:1 -> g1_s0:3
[2026-06-22 17:58:24] MAC FLAP b2:7b:14:3f:6d:2e g0_s1:2 -> g1_s0:2
[2026-06-22 17:58:24] MAC FLAP de:f6:4d:4b:90:4b g0_s1:2 -> g1_s0:4
[2026-06-22 17:58:24] MAC FLAP ba:a3:f7:d5:25:ce g0_s1:2 -> g1_s0:4
[2026-06-22 17:58:24] MAC FLAP 62:a0:56:6e:7d:c2 g0_s1:2 -> g1_s0:2
[2026-06-22 17:58:24] MAC FLAP a6:08:49:a1:b7:91 g1_s0:3 -> g1_s1:2
[2026-06-22 17:58:24] MAC FLAP 16:8b:d1:2e:12:b7 g1_s0:3 -> g1_s1:2
[2026-06-22 17:58:24] MAC FLAP 86:e9:f9:a5:bf:8c g1_s0:4 -> g1_s1:2
[2026-06-22 17:58:24] MAC FLAP 92:e0:fa:df:41:3a g1_s0:1 -> g1_s1:2
[2026-06-22 17:58:24] MAC FLAP ee:d8:1f:c6:58:dc g1_s0:4 -> g1_s1:2
[2026-06-22 17:58:24] MAC FLAP 1a:4a:a3:63:c4:d4 g1_s0:3 -> g1_s1:2
[2026-06-22 17:58:24] MAC FLAP 9e:15:46:6f:0b:de g1_s0:3 -> g1_s1:2
[2026-06-22 17:58:24] MAC FLAP de:f6:4d:4b:90:4b g1_s0:4 -> g1_s1:2
[2026-06-22 17:58:24] MAC FLAP ba:a3:f7:d5:25:ce g1_s0:4 -> g1_s1:2
[2026-06-22 17:58:24] MAC FLAP 62:a0:56:6e:7d:c2 g1_s0:2 -> g1_s1:1
[2026-06-22 17:58:24] MAC FLAP a6:08:49:a1:b7:91 g1_s1:2 -> g2_s0:3
[2026-06-22 17:58:24] MAC FLAP 16:8b:d1:2e:12:b7 g1_s1:2 -> g2_s0:3
[2026-06-22 17:58:24] MAC FLAP 86:e9:f9:a5:bf:8c g1_s1:2 -> g2_s0:1
[2026-06-22 17:58:24] MAC FLAP 92:e0:fa:df:41:3a g1_s1:2 -> g2_s0:3
[2026-06-22 17:58:24] MAC FLAP aa:5a:ee:c6:d4:4d g2_s1:2 -> g2_s0:3
[2026-06-22 17:58:24] MAC FLAP ee:d8:1f:c6:58:dc g1_s1:2 -> g2_s0:2
[2026-06-22 17:58:24] MAC FLAP 1a:4a:a3:63:c4:d4 g1_s1:2 -> g2_s0:3
[2026-06-22 17:58:24] MAC FLAP 9e:15:46:6f:0b:de g1_s1:2 -> g2_s0:3
[2026-06-22 17:58:24] MAC FLAP b2:7b:14:3f:6d:2e g1_s0:2 -> g2_s0:3
[2026-06-22 17:58:24] MAC FLAP ba:a3:f7:d5:25:ce g1_s1:2 -> g2_s0:2
[2026-06-22 17:58:24] MAC FLAP 62:a0:56:6e:7d:c2 g1_s1:1 -> g2_s0:3
[2026-06-22 17:58:24] MAC FLAP a6:08:49:a1:b7:91 g2_s0:3 -> g2_s1:2
[2026-06-22 17:58:24] MAC FLAP 16:8b:d1:2e:12:b7 g2_s0:3 -> g2_s1:2
[2026-06-22 17:58:24] MAC FLAP 86:e9:f9:a5:bf:8c g2_s0:1 -> g2_s1:2
[2026-06-22 17:58:24] MAC FLAP 92:e0:fa:df:41:3a g2_s0:3 -> g2_s1:2
[2026-06-22 17:58:24] MAC FLAP aa:5a:ee:c6:d4:4d g2_s0:3 -> g2_s1:2
[2026-06-22 17:58:24] MAC FLAP ee:d8:1f:c6:58:dc g2_s0:2 -> g2_s1:1
[2026-06-22 17:58:24] MAC FLAP 1a:4a:a3:63:c4:d4 g2_s0:3 -> g2_s1:2
[2026-06-22 17:58:24] MAC FLAP 9e:15:46:6f:0b:de g2_s0:3 -> g2_s1:2
[2026-06-22 17:58:24] MAC FLAP b2:7b:14:3f:6d:2e g2_s0:3 -> g2_s1:2
[2026-06-22 17:58:24] MAC FLAP 62:a0:56:6e:7d:c2 g2_s0:3 -> g2_s1:2
[2026-06-22 17:58:30] MAC FLAP a6:08:49:a1:b7:91 g2_s1:2 -> g0_s0:1
[2026-06-22 17:58:30] MAC FLAP 86:e9:f9:a5:bf:8c g2_s1:2 -> g0_s0:3
[2026-06-22 17:58:30] MAC FLAP 92:e0:fa:df:41:3a g2_s1:2 -> g0_s0:3
[2026-06-22 17:58:30] MAC FLAP ee:d8:1f:c6:58:dc g2_s1:1 -> g0_s0:3
[2026-06-22 17:58:30] MAC FLAP 46:9c:bc:ee:cf:25 g0_s1:2 -> g0_s0:3
[2026-06-22 17:58:30] MAC FLAP 1a:4a:a3:63:c4:d4 g2_s1:2 -> g0_s0:2
[2026-06-22 17:58:30] MAC FLAP 9e:15:46:6f:0b:de g2_s1:2 -> g0_s0:2
[2026-06-22 17:58:30] MAC FLAP b2:7b:14:3f:6d:2e g2_s1:2 -> g0_s0:3
[2026-06-22 17:58:30] MAC FLAP de:f6:4d:4b:90:4b g1_s1:2 -> g0_s0:3
[2026-06-22 17:58:30] MAC FLAP ba:a3:f7:d5:25:ce g2_s0:2 -> g0_s0:3
[2026-06-22 17:58:30] MAC FLAP 62:a0:56:6e:7d:c2 g2_s1:2 -> g0_s0:3
[2026-06-22 17:58:30] MAC FLAP a6:08:49:a1:b7:91 g0_s0:1 -> g0_s1:2
[2026-06-22 17:58:30] MAC FLAP 86:e9:f9:a5:bf:8c g0_s0:3 -> g0_s1:2
[2026-06-22 17:58:30] MAC FLAP 92:e0:fa:df:41:3a g0_s0:3 -> g0_s1:2
[2026-06-22 17:58:30] MAC FLAP ee:d8:1f:c6:58:dc g0_s0:3 -> g0_s1:2
[2026-06-22 17:58:30] MAC FLAP 46:9c:bc:ee:cf:25 g0_s0:3 -> g0_s1:2
[2026-06-22 17:58:30] MAC FLAP 9e:15:46:6f:0b:de g0_s0:2 -> g0_s1:1
[2026-06-22 17:58:30] MAC FLAP b2:7b:14:3f:6d:2e g0_s0:3 -> g0_s1:2
[2026-06-22 17:58:30] MAC FLAP de:f6:4d:4b:90:4b g0_s0:3 -> g0_s1:2
[2026-06-22 17:58:30] MAC FLAP ba:a3:f7:d5:25:ce g0_s0:3 -> g0_s1:2
[2026-06-22 17:58:30] MAC FLAP 62:a0:56:6e:7d:c2 g0_s0:3 -> g0_s1:2
[2026-06-22 17:58:30] MAC FLAP a6:08:49:a1:b7:91 g0_s1:2 -> g1_s0:3
[2026-06-22 17:58:30] MAC FLAP 16:8b:d1:2e:12:b7 g2_s1:2 -> g1_s0:3
[2026-06-22 17:58:30] MAC FLAP 86:e9:f9:a5:bf:8c g0_s1:2 -> g1_s0:4
[2026-06-22 17:58:30] MAC FLAP 92:e0:fa:df:41:3a g0_s1:2 -> g1_s0:1
[2026-06-22 17:58:30] MAC FLAP ee:d8:1f:c6:58:dc g0_s1:2 -> g1_s0:4
[2026-06-22 17:58:30] MAC FLAP 1a:4a:a3:63:c4:d4 g0_s0:2 -> g1_s0:3
[2026-06-22 17:58:30] MAC FLAP 9e:15:46:6f:0b:de g0_s1:1 -> g1_s0:3
[2026-06-22 17:58:30] MAC FLAP b2:7b:14:3f:6d:2e g0_s1:2 -> g1_s0:2
[2026-06-22 17:58:30] MAC FLAP de:f6:4d:4b:90:4b g0_s1:2 -> g1_s0:4
[2026-06-22 17:58:30] MAC FLAP ba:a3:f7:d5:25:ce g0_s1:2 -> g1_s0:4
[2026-06-22 17:58:30] MAC FLAP 62:a0:56:6e:7d:c2 g0_s1:2 -> g1_s0:2
[2026-06-22 17:58:30] MAC FLAP a6:08:49:a1:b7:91 g1_s0:3 -> g1_s1:2
[2026-06-22 17:58:30] MAC FLAP 16:8b:d1:2e:12:b7 g1_s0:3 -> g1_s1:2
[2026-06-22 17:58:30] MAC FLAP 86:e9:f9:a5:bf:8c g1_s0:4 -> g1_s1:2
[2026-06-22 17:58:30] MAC FLAP 92:e0:fa:df:41:3a g1_s0:1 -> g1_s1:2
[2026-06-22 17:58:30] MAC FLAP ee:d8:1f:c6:58:dc g1_s0:4 -> g1_s1:2
[2026-06-22 17:58:30] MAC FLAP 1a:4a:a3:63:c4:d4 g1_s0:3 -> g1_s1:2
[2026-06-22 17:58:30] MAC FLAP 9e:15:46:6f:0b:de g1_s0:3 -> g1_s1:2
[2026-06-22 17:58:30] MAC FLAP de:f6:4d:4b:90:4b g1_s0:4 -> g1_s1:2
[2026-06-22 17:58:30] MAC FLAP ba:a3:f7:d5:25:ce g1_s0:4 -> g1_s1:2
[2026-06-22 17:58:30] MAC FLAP 62:a0:56:6e:7d:c2 g1_s0:2 -> g1_s1:1
[2026-06-22 17:58:30] MAC FLAP a6:08:49:a1:b7:91 g1_s1:2 -> g2_s0:3
[2026-06-22 17:58:30] MAC FLAP 16:8b:d1:2e:12:b7 g1_s1:2 -> g2_s0:3
[2026-06-22 17:58:30] MAC FLAP 86:e9:f9:a5:bf:8c g1_s1:2 -> g2_s0:1
[2026-06-22 17:58:30] MAC FLAP 92:e0:fa:df:41:3a g1_s1:2 -> g2_s0:3
[2026-06-22 17:58:30] MAC FLAP aa:5a:ee:c6:d4:4d g2_s1:2 -> g2_s0:3
[2026-06-22 17:58:30] MAC FLAP ee:d8:1f:c6:58:dc g1_s1:2 -> g2_s0:2
[2026-06-22 17:58:30] MAC FLAP 1a:4a:a3:63:c4:d4 g1_s1:2 -> g2_s0:3
[2026-06-22 17:58:30] MAC FLAP 9e:15:46:6f:0b:de g1_s1:2 -> g2_s0:3
[2026-06-22 17:58:30] MAC FLAP b2:7b:14:3f:6d:2e g1_s0:2 -> g2_s0:3
[2026-06-22 17:58:30] MAC FLAP ba:a3:f7:d5:25:ce g1_s1:2 -> g2_s0:2
[2026-06-22 17:58:30] MAC FLAP 62:a0:56:6e:7d:c2 g1_s1:1 -> g2_s0:3
[2026-06-22 17:58:30] MAC FLAP a6:08:49:a1:b7:91 g2_s0:3 -> g2_s1:2
[2026-06-22 17:58:30] MAC FLAP 16:8b:d1:2e:12:b7 g2_s0:3 -> g2_s1:2
[2026-06-22 17:58:30] MAC FLAP 86:e9:f9:a5:bf:8c g2_s0:1 -> g2_s1:2
[2026-06-22 17:58:30] MAC FLAP 92:e0:fa:df:41:3a g2_s0:3 -> g2_s1:2
[2026-06-22 17:58:30] MAC FLAP aa:5a:ee:c6:d4:4d g2_s0:3 -> g2_s1:2
[2026-06-22 17:58:30] MAC FLAP ee:d8:1f:c6:58:dc g2_s0:2 -> g2_s1:1
[2026-06-22 17:58:30] MAC FLAP 1a:4a:a3:63:c4:d4 g2_s0:3 -> g2_s1:2
[2026-06-22 17:58:30] MAC FLAP 9e:15:46:6f:0b:de g2_s0:3 -> g2_s1:2
[2026-06-22 17:58:30] MAC FLAP b2:7b:14:3f:6d:2e g2_s0:3 -> g2_s1:2
[2026-06-22 17:58:30] MAC FLAP 62:a0:56:6e:7d:c2 g2_s0:3 -> g2_s1:2
[2026-06-22 17:58:35] MAC FLAP a6:08:49:a1:b7:91 g2_s1:2 -> g0_s0:1
[2026-06-22 17:58:35] MAC FLAP 86:e9:f9:a5:bf:8c g2_s1:2 -> g0_s0:3
[2026-06-22 17:58:35] MAC FLAP 92:e0:fa:df:41:3a g2_s1:2 -> g0_s0:3
[2026-06-22 17:58:35] MAC FLAP ee:d8:1f:c6:58:dc g2_s1:1 -> g0_s0:3
[2026-06-22 17:58:35] MAC FLAP 46:9c:bc:ee:cf:25 g0_s1:2 -> g0_s0:3
[2026-06-22 17:58:35] MAC FLAP 1a:4a:a3:63:c4:d4 g2_s1:2 -> g0_s0:2
[2026-06-22 17:58:35] MAC FLAP 9e:15:46:6f:0b:de g2_s1:2 -> g0_s0:2
[2026-06-22 17:58:35] MAC FLAP b2:7b:14:3f:6d:2e g2_s1:2 -> g0_s0:3
[2026-06-22 17:58:35] MAC FLAP de:f6:4d:4b:90:4b g1_s1:2 -> g0_s0:3
[2026-06-22 17:58:35] MAC FLAP ba:a3:f7:d5:25:ce g2_s0:2 -> g0_s0:3
[2026-06-22 17:58:35] MAC FLAP 62:a0:56:6e:7d:c2 g2_s1:2 -> g0_s0:3
[2026-06-22 17:58:35] MAC FLAP a6:08:49:a1:b7:91 g0_s0:1 -> g0_s1:2
[2026-06-22 17:58:35] MAC FLAP 86:e9:f9:a5:bf:8c g0_s0:3 -> g0_s1:2
[2026-06-22 17:58:35] MAC FLAP 92:e0:fa:df:41:3a g0_s0:3 -> g0_s1:2
[2026-06-22 17:58:35] MAC FLAP ee:d8:1f:c6:58:dc g0_s0:3 -> g0_s1:2
[2026-06-22 17:58:35] MAC FLAP 46:9c:bc:ee:cf:25 g0_s0:3 -> g0_s1:2
[2026-06-22 17:58:35] MAC FLAP 9e:15:46:6f:0b:de g0_s0:2 -> g0_s1:1
[2026-06-22 17:58:35] MAC FLAP b2:7b:14:3f:6d:2e g0_s0:3 -> g0_s1:2
[2026-06-22 17:58:35] MAC FLAP de:f6:4d:4b:90:4b g0_s0:3 -> g0_s1:2
[2026-06-22 17:58:35] MAC FLAP ba:a3:f7:d5:25:ce g0_s0:3 -> g0_s1:2
[2026-06-22 17:58:35] MAC FLAP 62:a0:56:6e:7d:c2 g0_s0:3 -> g0_s1:2
[2026-06-22 17:58:35] MAC FLAP a6:08:49:a1:b7:91 g0_s1:2 -> g1_s0:3
[2026-06-22 17:58:35] MAC FLAP 16:8b:d1:2e:12:b7 g2_s1:2 -> g1_s0:3
[2026-06-22 17:58:35] MAC FLAP 86:e9:f9:a5:bf:8c g0_s1:2 -> g1_s0:4
[2026-06-22 17:58:35] MAC FLAP 92:e0:fa:df:41:3a g0_s1:2 -> g1_s0:1
[2026-06-22 17:58:35] MAC FLAP ee:d8:1f:c6:58:dc g0_s1:2 -> g1_s0:4
[2026-06-22 17:58:35] MAC FLAP 1a:4a:a3:63:c4:d4 g0_s0:2 -> g1_s0:3
[2026-06-22 17:58:35] MAC FLAP 9e:15:46:6f:0b:de g0_s1:1 -> g1_s0:3
[2026-06-22 17:58:35] MAC FLAP b2:7b:14:3f:6d:2e g0_s1:2 -> g1_s0:2
[2026-06-22 17:58:35] MAC FLAP de:f6:4d:4b:90:4b g0_s1:2 -> g1_s0:4
[2026-06-22 17:58:35] MAC FLAP ba:a3:f7:d5:25:ce g0_s1:2 -> g1_s0:4
[2026-06-22 17:58:35] MAC FLAP 62:a0:56:6e:7d:c2 g0_s1:2 -> g1_s0:2
[2026-06-22 17:58:35] MAC FLAP a6:08:49:a1:b7:91 g1_s0:3 -> g1_s1:2
[2026-06-22 17:58:35] MAC FLAP 16:8b:d1:2e:12:b7 g1_s0:3 -> g1_s1:2
[2026-06-22 17:58:35] MAC FLAP 86:e9:f9:a5:bf:8c g1_s0:4 -> g1_s1:2
[2026-06-22 17:58:35] MAC FLAP 92:e0:fa:df:41:3a g1_s0:1 -> g1_s1:2
[2026-06-22 17:58:35] MAC FLAP ee:d8:1f:c6:58:dc g1_s0:4 -> g1_s1:2
[2026-06-22 17:58:35] MAC FLAP 1a:4a:a3:63:c4:d4 g1_s0:3 -> g1_s1:2
[2026-06-22 17:58:35] MAC FLAP 9e:15:46:6f:0b:de g1_s0:3 -> g1_s1:2
[2026-06-22 17:58:35] MAC FLAP de:f6:4d:4b:90:4b g1_s0:4 -> g1_s1:2
[2026-06-22 17:58:35] MAC FLAP ba:a3:f7:d5:25:ce g1_s0:4 -> g1_s1:2
[2026-06-22 17:58:35] MAC FLAP 62:a0:56:6e:7d:c2 g1_s0:2 -> g1_s1:1
[2026-06-22 17:58:35] MAC FLAP a6:08:49:a1:b7:91 g1_s1:2 -> g2_s0:3
[2026-06-22 17:58:35] MAC FLAP 16:8b:d1:2e:12:b7 g1_s1:2 -> g2_s0:3
[2026-06-22 17:58:35] MAC FLAP 86:e9:f9:a5:bf:8c g1_s1:2 -> g2_s0:1
[2026-06-22 17:58:35] MAC FLAP 92:e0:fa:df:41:3a g1_s1:2 -> g2_s0:3
[2026-06-22 17:58:35] MAC FLAP aa:5a:ee:c6:d4:4d g2_s1:2 -> g2_s0:3
[2026-06-22 17:58:35] MAC FLAP ee:d8:1f:c6:58:dc g1_s1:2 -> g2_s0:2
[2026-06-22 17:58:35] MAC FLAP 1a:4a:a3:63:c4:d4 g1_s1:2 -> g2_s0:3
[2026-06-22 17:58:35] MAC FLAP 9e:15:46:6f:0b:de g1_s1:2 -> g2_s0:3
[2026-06-22 17:58:35] MAC FLAP b2:7b:14:3f:6d:2e g1_s0:2 -> g2_s0:3
[2026-06-22 17:58:35] MAC FLAP ba:a3:f7:d5:25:ce g1_s1:2 -> g2_s0:2
[2026-06-22 17:58:35] MAC FLAP 62:a0:56:6e:7d:c2 g1_s1:1 -> g2_s0:3
[2026-06-22 17:58:35] MAC FLAP a6:08:49:a1:b7:91 g2_s0:3 -> g2_s1:2
[2026-06-22 17:58:35] MAC FLAP 16:8b:d1:2e:12:b7 g2_s0:3 -> g2_s1:2
[2026-06-22 17:58:35] MAC FLAP 86:e9:f9:a5:bf:8c g2_s0:1 -> g2_s1:2
[2026-06-22 17:58:35] MAC FLAP 92:e0:fa:df:41:3a g2_s0:3 -> g2_s1:2
[2026-06-22 17:58:35] MAC FLAP aa:5a:ee:c6:d4:4d g2_s0:3 -> g2_s1:2
[2026-06-22 17:58:35] MAC FLAP ee:d8:1f:c6:58:dc g2_s0:2 -> g2_s1:1
[2026-06-22 17:58:35] MAC FLAP 1a:4a:a3:63:c4:d4 g2_s0:3 -> g2_s1:2
[2026-06-22 17:58:35] MAC FLAP 9e:15:46:6f:0b:de g2_s0:3 -> g2_s1:2
[2026-06-22 17:58:35] MAC FLAP b2:7b:14:3f:6d:2e g2_s0:3 -> g2_s1:2
[2026-06-22 17:58:35] MAC FLAP 62:a0:56:6e:7d:c2 g2_s0:3 -> g2_s1:2
[2026-06-22 18:02:13] Baseline snapshot created (25 entries)
[2026-06-22 18:02:13] LEARNED 46:9c:bc:ee:cf:25 -> g0_s0:3
[2026-06-22 18:02:13] LEARNED 1a:4a:a3:63:c4:d4 -> g0_s0:2
[2026-06-22 18:02:13] LEARNED 9e:15:46:6f:0b:de -> g0_s0:2
[2026-06-22 18:02:13] LEARNED b2:7b:14:3f:6d:2e -> g0_s0:3
[2026-06-22 18:02:13] LEARNED de:f6:4d:4b:90:4b -> g0_s0:3
[2026-06-22 18:02:13] LEARNED ba:a3:f7:d5:25:ce -> g0_s0:3
[2026-06-22 18:02:13] LEARNED 62:a0:56:6e:7d:c2 -> g0_s0:3
[2026-06-22 18:02:13] MAC FLAP 46:9c:bc:ee:cf:25 g0_s0:3 -> g0_s1:2
[2026-06-22 18:02:13] MAC FLAP 9e:15:46:6f:0b:de g0_s0:2 -> g0_s1:1
[2026-06-22 18:02:13] MAC FLAP b2:7b:14:3f:6d:2e g0_s0:3 -> g0_s1:2
[2026-06-22 18:02:13] MAC FLAP de:f6:4d:4b:90:4b g0_s0:3 -> g0_s1:2
[2026-06-22 18:02:13] MAC FLAP ba:a3:f7:d5:25:ce g0_s0:3 -> g0_s1:2
[2026-06-22 18:02:13] MAC FLAP 62:a0:56:6e:7d:c2 g0_s0:3 -> g0_s1:2
[2026-06-22 18:02:13] MAC FLAP 1a:4a:a3:63:c4:d4 g0_s0:2 -> g1_s0:3
[2026-06-22 18:02:13] MAC FLAP 9e:15:46:6f:0b:de g0_s1:1 -> g1_s0:3
[2026-06-22 18:02:13] MAC FLAP b2:7b:14:3f:6d:2e g0_s1:2 -> g1_s0:2
[2026-06-22 18:02:13] MAC FLAP de:f6:4d:4b:90:4b g0_s1:2 -> g1_s0:4
[2026-06-22 18:02:13] MAC FLAP ba:a3:f7:d5:25:ce g0_s1:2 -> g1_s0:4
[2026-06-22 18:02:13] MAC FLAP 62:a0:56:6e:7d:c2 g0_s1:2 -> g1_s0:2
[2026-06-22 18:02:13] LEARNED ae:61:7c:da:b1:a0 -> g1_s1:2
[2026-06-22 18:02:13] MAC FLAP 1a:4a:a3:63:c4:d4 g1_s0:3 -> g1_s1:2
[2026-06-22 18:02:13] MAC FLAP 9e:15:46:6f:0b:de g1_s0:3 -> g1_s1:2
[2026-06-22 18:02:13] MAC FLAP de:f6:4d:4b:90:4b g1_s0:4 -> g1_s1:2
[2026-06-22 18:02:13] MAC FLAP ba:a3:f7:d5:25:ce g1_s0:4 -> g1_s1:2
[2026-06-22 18:02:13] MAC FLAP 62:a0:56:6e:7d:c2 g1_s0:2 -> g1_s1:1
[2026-06-22 18:02:13] MAC FLAP 1a:4a:a3:63:c4:d4 g1_s1:2 -> g2_s0:3
[2026-06-22 18:02:13] MAC FLAP 9e:15:46:6f:0b:de g1_s1:2 -> g2_s0:3
[2026-06-22 18:02:13] MAC FLAP b2:7b:14:3f:6d:2e g1_s0:2 -> g2_s0:3
[2026-06-22 18:02:13] MAC FLAP ba:a3:f7:d5:25:ce g1_s1:2 -> g2_s0:2
[2026-06-22 18:02:13] MAC FLAP 62:a0:56:6e:7d:c2 g1_s1:1 -> g2_s0:3
[2026-06-22 18:02:13] MAC FLAP 1a:4a:a3:63:c4:d4 g2_s0:3 -> g2_s1:2
[2026-06-22 18:02:13] MAC FLAP 9e:15:46:6f:0b:de g2_s0:3 -> g2_s1:2
[2026-06-22 18:02:13] MAC FLAP b2:7b:14:3f:6d:2e g2_s0:3 -> g2_s1:2
[2026-06-22 18:02:13] MAC FLAP 62:a0:56:6e:7d:c2 g2_s0:3 -> g2_s1:2
[2026-06-22 18:02:13] LEARNED d2:54:f6:d0:65:f3 -> g2_s1:2
[2026-06-22 18:02:18] MAC FLAP b2:7b:14:3f:6d:2e g2_s1:2 -> g0_s0:3
[2026-06-22 18:02:18] MAC FLAP de:f6:4d:4b:90:4b g1_s1:2 -> g0_s0:3
[2026-06-22 18:02:18] MAC FLAP ba:a3:f7:d5:25:ce g2_s0:2 -> g0_s0:3
[2026-06-22 18:02:18] MAC FLAP 62:a0:56:6e:7d:c2 g2_s1:2 -> g0_s0:3
[2026-06-22 18:02:18] MAC FLAP b2:7b:14:3f:6d:2e g0_s0:3 -> g0_s1:2
[2026-06-22 18:02:18] MAC FLAP de:f6:4d:4b:90:4b g0_s0:3 -> g0_s1:2
[2026-06-22 18:02:18] MAC FLAP ba:a3:f7:d5:25:ce g0_s0:3 -> g0_s1:2
[2026-06-22 18:02:18] MAC FLAP 62:a0:56:6e:7d:c2 g0_s0:3 -> g0_s1:2
[2026-06-22 18:02:18] MAC FLAP b2:7b:14:3f:6d:2e g0_s1:2 -> g1_s0:2
[2026-06-22 18:02:18] MAC FLAP de:f6:4d:4b:90:4b g0_s1:2 -> g1_s0:4
[2026-06-22 18:02:18] MAC FLAP ba:a3:f7:d5:25:ce g0_s1:2 -> g1_s0:4
[2026-06-22 18:02:18] MAC FLAP 62:a0:56:6e:7d:c2 g0_s1:2 -> g1_s0:2
[2026-06-22 18:02:18] MAC FLAP de:f6:4d:4b:90:4b g1_s0:4 -> g1_s1:2
[2026-06-22 18:02:18] MAC FLAP ba:a3:f7:d5:25:ce g1_s0:4 -> g1_s1:2
[2026-06-22 18:02:18] MAC FLAP 62:a0:56:6e:7d:c2 g1_s0:2 -> g1_s1:1
[2026-06-22 18:02:18] MAC FLAP b2:7b:14:3f:6d:2e g1_s0:2 -> g2_s0:3
[2026-06-22 18:02:18] MAC FLAP ba:a3:f7:d5:25:ce g1_s1:2 -> g2_s0:2
[2026-06-22 18:02:18] MAC FLAP 62:a0:56:6e:7d:c2 g1_s1:1 -> g2_s0:3
[2026-06-22 18:02:18] MAC FLAP b2:7b:14:3f:6d:2e g2_s0:3 -> g2_s1:2
[2026-06-22 18:02:18] MAC FLAP 62:a0:56:6e:7d:c2 g2_s0:3 -> g2_s1:2
[2026-06-22 18:02:23] MAC FLAP b2:7b:14:3f:6d:2e g2_s1:2 -> g0_s0:3
[2026-06-22 18:02:23] MAC FLAP de:f6:4d:4b:90:4b g1_s1:2 -> g0_s0:3
[2026-06-22 18:02:24] MAC FLAP ba:a3:f7:d5:25:ce g2_s0:2 -> g0_s0:3
[2026-06-22 18:02:24] MAC FLAP 62:a0:56:6e:7d:c2 g2_s1:2 -> g0_s0:3
[2026-06-22 18:02:24] MAC FLAP b2:7b:14:3f:6d:2e g0_s0:3 -> g0_s1:2
[2026-06-22 18:02:24] MAC FLAP de:f6:4d:4b:90:4b g0_s0:3 -> g0_s1:2
[2026-06-22 18:02:24] MAC FLAP ba:a3:f7:d5:25:ce g0_s0:3 -> g0_s1:2
[2026-06-22 18:02:24] MAC FLAP 62:a0:56:6e:7d:c2 g0_s0:3 -> g0_s1:2
[2026-06-22 18:02:24] MAC FLAP b2:7b:14:3f:6d:2e g0_s1:2 -> g1_s0:2
[2026-06-22 18:02:24] MAC FLAP de:f6:4d:4b:90:4b g0_s1:2 -> g1_s0:4
[2026-06-22 18:02:24] MAC FLAP ba:a3:f7:d5:25:ce g0_s1:2 -> g1_s0:4
[2026-06-22 18:02:24] MAC FLAP 62:a0:56:6e:7d:c2 g0_s1:2 -> g1_s0:2
[2026-06-22 18:02:24] MAC FLAP de:f6:4d:4b:90:4b g1_s0:4 -> g1_s1:2
[2026-06-22 18:02:24] MAC FLAP ba:a3:f7:d5:25:ce g1_s0:4 -> g1_s1:2
[2026-06-22 18:02:24] MAC FLAP 62:a0:56:6e:7d:c2 g1_s0:2 -> g1_s1:1
[2026-06-22 18:02:24] MAC FLAP b2:7b:14:3f:6d:2e g1_s0:2 -> g2_s0:3
[2026-06-22 18:02:24] MAC FLAP ba:a3:f7:d5:25:ce g1_s1:2 -> g2_s0:2
[2026-06-22 18:02:24] MAC FLAP 62:a0:56:6e:7d:c2 g1_s1:1 -> g2_s0:3
[2026-06-22 18:02:24] MAC FLAP b2:7b:14:3f:6d:2e g2_s0:3 -> g2_s1:2
[2026-06-22 18:02:24] MAC FLAP 62:a0:56:6e:7d:c2 g2_s0:3 -> g2_s1:2
[2026-06-22 18:02:29] MAC FLAP b2:7b:14:3f:6d:2e g2_s1:2 -> g0_s0:3
[2026-06-22 18:02:29] MAC FLAP de:f6:4d:4b:90:4b g1_s1:2 -> g0_s0:3
[2026-06-22 18:02:29] MAC FLAP ba:a3:f7:d5:25:ce g2_s0:2 -> g0_s0:3
[2026-06-22 18:02:29] MAC FLAP 62:a0:56:6e:7d:c2 g2_s1:2 -> g0_s0:3
[2026-06-22 18:02:29] MAC FLAP b2:7b:14:3f:6d:2e g0_s0:3 -> g0_s1:2
[2026-06-22 18:02:29] MAC FLAP de:f6:4d:4b:90:4b g0_s0:3 -> g0_s1:2
[2026-06-22 18:02:29] MAC FLAP ba:a3:f7:d5:25:ce g0_s0:3 -> g0_s1:2
[2026-06-22 18:02:29] MAC FLAP 62:a0:56:6e:7d:c2 g0_s0:3 -> g0_s1:2
[2026-06-22 18:02:29] MAC FLAP b2:7b:14:3f:6d:2e g0_s1:2 -> g1_s0:2
[2026-06-22 18:02:29] MAC FLAP de:f6:4d:4b:90:4b g0_s1:2 -> g1_s0:4
[2026-06-22 18:02:29] MAC FLAP ba:a3:f7:d5:25:ce g0_s1:2 -> g1_s0:4
[2026-06-22 18:02:29] MAC FLAP 62:a0:56:6e:7d:c2 g0_s1:2 -> g1_s0:2
[2026-06-22 18:02:29] MAC FLAP de:f6:4d:4b:90:4b g1_s0:4 -> g1_s1:2
[2026-06-22 18:02:29] MAC FLAP ba:a3:f7:d5:25:ce g1_s0:4 -> g1_s1:2
[2026-06-22 18:02:29] MAC FLAP 62:a0:56:6e:7d:c2 g1_s0:2 -> g1_s1:1
[2026-06-22 18:02:29] MAC FLAP b2:7b:14:3f:6d:2e g1_s0:2 -> g2_s0:3
[2026-06-22 18:02:29] MAC FLAP ba:a3:f7:d5:25:ce g1_s1:2 -> g2_s0:2
[2026-06-22 18:02:29] MAC FLAP 62:a0:56:6e:7d:c2 g1_s1:1 -> g2_s0:3
[2026-06-22 18:02:29] MAC FLAP b2:7b:14:3f:6d:2e g2_s0:3 -> g2_s1:2
[2026-06-22 18:02:29] MAC FLAP 62:a0:56:6e:7d:c2 g2_s0:3 -> g2_s1:2
[2026-06-22 18:02:34] MAC FLAP de:f6:4d:4b:90:4b g1_s1:2 -> g0_s0:3
[2026-06-22 18:02:34] MAC FLAP ba:a3:f7:d5:25:ce g2_s0:2 -> g0_s0:3
[2026-06-22 18:02:34] MAC FLAP 62:a0:56:6e:7d:c2 g2_s1:2 -> g0_s0:3
[2026-06-22 18:02:34] MAC FLAP de:f6:4d:4b:90:4b g0_s0:3 -> g0_s1:2
[2026-06-22 18:02:34] MAC FLAP ba:a3:f7:d5:25:ce g0_s0:3 -> g0_s1:2
[2026-06-22 18:02:34] MAC FLAP 62:a0:56:6e:7d:c2 g0_s0:3 -> g0_s1:2
[2026-06-22 18:02:34] MAC FLAP de:f6:4d:4b:90:4b g0_s1:2 -> g1_s0:4
[2026-06-22 18:02:34] MAC FLAP ba:a3:f7:d5:25:ce g0_s1:2 -> g1_s0:4
[2026-06-22 18:02:34] MAC FLAP 62:a0:56:6e:7d:c2 g0_s1:2 -> g1_s0:2
[2026-06-22 18:02:34] MAC FLAP de:f6:4d:4b:90:4b g1_s0:4 -> g1_s1:2
[2026-06-22 18:02:34] MAC FLAP ba:a3:f7:d5:25:ce g1_s0:4 -> g1_s1:2
[2026-06-22 18:02:34] MAC FLAP 62:a0:56:6e:7d:c2 g1_s0:2 -> g1_s1:1
[2026-06-22 18:02:34] MAC FLAP ba:a3:f7:d5:25:ce g1_s1:2 -> g2_s0:2
[2026-06-22 18:02:34] MAC FLAP 62:a0:56:6e:7d:c2 g1_s1:1 -> g2_s0:3
[2026-06-22 18:02:34] MAC FLAP 62:a0:56:6e:7d:c2 g2_s0:3 -> g2_s1:2
[2026-06-22 18:02:40] MAC FLAP de:f6:4d:4b:90:4b g1_s1:2 -> g0_s0:3
[2026-06-22 18:02:40] MAC FLAP ba:a3:f7:d5:25:ce g2_s0:2 -> g0_s0:3
[2026-06-22 18:02:40] MAC FLAP 62:a0:56:6e:7d:c2 g2_s1:2 -> g0_s0:3
[2026-06-22 18:02:40] MAC FLAP de:f6:4d:4b:90:4b g0_s0:3 -> g0_s1:2
[2026-06-22 18:02:40] MAC FLAP ba:a3:f7:d5:25:ce g0_s0:3 -> g0_s1:2
[2026-06-22 18:02:40] MAC FLAP 62:a0:56:6e:7d:c2 g0_s0:3 -> g0_s1:2
[2026-06-22 18:02:40] MAC FLAP de:f6:4d:4b:90:4b g0_s1:2 -> g1_s0:4
[2026-06-22 18:02:40] MAC FLAP ba:a3:f7:d5:25:ce g0_s1:2 -> g1_s0:4
[2026-06-22 18:02:40] MAC FLAP 62:a0:56:6e:7d:c2 g0_s1:2 -> g1_s0:2
[2026-06-22 18:02:40] MAC FLAP de:f6:4d:4b:90:4b g1_s0:4 -> g1_s1:2
[2026-06-22 18:02:40] MAC FLAP ba:a3:f7:d5:25:ce g1_s0:4 -> g1_s1:2
[2026-06-22 18:02:40] MAC FLAP 62:a0:56:6e:7d:c2 g1_s0:2 -> g1_s1:1
[2026-06-22 18:02:40] MAC FLAP ba:a3:f7:d5:25:ce g1_s1:2 -> g2_s0:2
[2026-06-22 18:02:40] MAC FLAP 62:a0:56:6e:7d:c2 g1_s1:1 -> g2_s0:3
[2026-06-22 18:02:40] MAC FLAP 62:a0:56:6e:7d:c2 g2_s0:3 -> g2_s1:2
[2026-06-22 18:02:45] MAC FLAP de:f6:4d:4b:90:4b g1_s1:2 -> g0_s0:3
[2026-06-22 18:02:45] MAC FLAP ba:a3:f7:d5:25:ce g2_s0:2 -> g0_s0:3
[2026-06-22 18:02:45] MAC FLAP 62:a0:56:6e:7d:c2 g2_s1:2 -> g0_s0:3
[2026-06-22 18:02:45] MAC FLAP de:f6:4d:4b:90:4b g0_s0:3 -> g0_s1:2
[2026-06-22 18:02:45] MAC FLAP ba:a3:f7:d5:25:ce g0_s0:3 -> g0_s1:2
[2026-06-22 18:02:45] MAC FLAP 62:a0:56:6e:7d:c2 g0_s0:3 -> g0_s1:2
[2026-06-22 18:02:45] MAC FLAP de:f6:4d:4b:90:4b g0_s1:2 -> g1_s0:4
[2026-06-22 18:02:45] MAC FLAP ba:a3:f7:d5:25:ce g0_s1:2 -> g1_s0:4
[2026-06-22 18:02:45] MAC FLAP 62:a0:56:6e:7d:c2 g0_s1:2 -> g1_s0:2
[2026-06-22 18:02:45] MAC FLAP de:f6:4d:4b:90:4b g1_s0:4 -> g1_s1:2
[2026-06-22 18:02:45] MAC FLAP ba:a3:f7:d5:25:ce g1_s0:4 -> g1_s1:2
[2026-06-22 18:02:45] MAC FLAP 62:a0:56:6e:7d:c2 g1_s0:2 -> g1_s1:1
[2026-06-22 18:02:45] MAC FLAP ba:a3:f7:d5:25:ce g1_s1:2 -> g2_s0:2
[2026-06-22 18:02:45] MAC FLAP 62:a0:56:6e:7d:c2 g1_s1:1 -> g2_s0:3
[2026-06-22 18:02:45] MAC FLAP 62:a0:56:6e:7d:c2 g2_s0:3 -> g2_s1:2
[2026-06-22 18:02:50] MAC FLAP de:f6:4d:4b:90:4b g1_s1:2 -> g0_s0:3
[2026-06-22 18:02:50] MAC FLAP ba:a3:f7:d5:25:ce g2_s0:2 -> g0_s0:3
[2026-06-22 18:02:50] MAC FLAP 62:a0:56:6e:7d:c2 g2_s1:2 -> g0_s0:3
[2026-06-22 18:02:50] MAC FLAP de:f6:4d:4b:90:4b g0_s0:3 -> g0_s1:2
[2026-06-22 18:02:50] MAC FLAP ba:a3:f7:d5:25:ce g0_s0:3 -> g0_s1:2
[2026-06-22 18:02:50] MAC FLAP 62:a0:56:6e:7d:c2 g0_s0:3 -> g0_s1:2
[2026-06-22 18:02:50] MAC FLAP de:f6:4d:4b:90:4b g0_s1:2 -> g1_s0:4
[2026-06-22 18:02:50] MAC FLAP ba:a3:f7:d5:25:ce g0_s1:2 -> g1_s0:4
[2026-06-22 18:02:50] MAC FLAP 62:a0:56:6e:7d:c2 g0_s1:2 -> g1_s0:2
[2026-06-22 18:02:50] MAC FLAP de:f6:4d:4b:90:4b g1_s0:4 -> g1_s1:2
[2026-06-22 18:02:50] MAC FLAP ba:a3:f7:d5:25:ce g1_s0:4 -> g1_s1:2
[2026-06-22 18:02:50] MAC FLAP 62:a0:56:6e:7d:c2 g1_s0:2 -> g1_s1:1
[2026-06-22 18:02:50] MAC FLAP ba:a3:f7:d5:25:ce g1_s1:2 -> g2_s0:2
[2026-06-22 18:02:50] MAC FLAP 62:a0:56:6e:7d:c2 g1_s1:1 -> g2_s0:3
[2026-06-22 18:02:50] MAC FLAP 62:a0:56:6e:7d:c2 g2_s0:3 -> g2_s1:2
[2026-06-22 18:02:55] MAC FLAP de:f6:4d:4b:90:4b g1_s1:2 -> g0_s0:3
[2026-06-22 18:02:55] MAC FLAP ba:a3:f7:d5:25:ce g2_s0:2 -> g0_s0:3
[2026-06-22 18:02:55] MAC FLAP 62:a0:56:6e:7d:c2 g2_s1:2 -> g0_s0:3
[2026-06-22 18:02:55] MAC FLAP de:f6:4d:4b:90:4b g0_s0:3 -> g0_s1:2
[2026-06-22 18:02:55] MAC FLAP ba:a3:f7:d5:25:ce g0_s0:3 -> g0_s1:2
[2026-06-22 18:02:55] MAC FLAP 62:a0:56:6e:7d:c2 g0_s0:3 -> g0_s1:2
[2026-06-22 18:02:55] MAC FLAP de:f6:4d:4b:90:4b g0_s1:2 -> g1_s0:4
[2026-06-22 18:02:55] MAC FLAP ba:a3:f7:d5:25:ce g0_s1:2 -> g1_s0:4
[2026-06-22 18:02:55] MAC FLAP 62:a0:56:6e:7d:c2 g0_s1:2 -> g1_s0:2
[2026-06-22 18:02:55] MAC FLAP de:f6:4d:4b:90:4b g1_s0:4 -> g1_s1:2
[2026-06-22 18:02:55] MAC FLAP ba:a3:f7:d5:25:ce g1_s0:4 -> g1_s1:2
[2026-06-22 18:02:55] MAC FLAP 62:a0:56:6e:7d:c2 g1_s0:2 -> g1_s1:1
[2026-06-22 18:02:55] MAC FLAP ba:a3:f7:d5:25:ce g1_s1:2 -> g2_s0:2
[2026-06-22 18:02:55] MAC FLAP 62:a0:56:6e:7d:c2 g1_s1:1 -> g2_s0:3
[2026-06-22 18:02:55] MAC FLAP 62:a0:56:6e:7d:c2 g2_s0:3 -> g2_s1:2
[2026-06-22 18:03:00] MAC FLAP de:f6:4d:4b:90:4b g1_s1:2 -> g0_s0:3
[2026-06-22 18:03:00] MAC FLAP ba:a3:f7:d5:25:ce g2_s0:2 -> g0_s0:3
[2026-06-22 18:03:00] MAC FLAP 62:a0:56:6e:7d:c2 g2_s1:2 -> g0_s0:3
[2026-06-22 18:03:00] MAC FLAP de:f6:4d:4b:90:4b g0_s0:3 -> g0_s1:2
[2026-06-22 18:03:00] MAC FLAP ba:a3:f7:d5:25:ce g0_s0:3 -> g0_s1:2
[2026-06-22 18:03:00] MAC FLAP 62:a0:56:6e:7d:c2 g0_s0:3 -> g0_s1:2
[2026-06-22 18:03:00] MAC FLAP de:f6:4d:4b:90:4b g0_s1:2 -> g1_s0:4
[2026-06-22 18:03:00] MAC FLAP ba:a3:f7:d5:25:ce g0_s1:2 -> g1_s0:4
[2026-06-22 18:03:00] MAC FLAP 62:a0:56:6e:7d:c2 g0_s1:2 -> g1_s0:2
[2026-06-22 18:03:00] MAC FLAP de:f6:4d:4b:90:4b g1_s0:4 -> g1_s1:2
[2026-06-22 18:03:00] MAC FLAP ba:a3:f7:d5:25:ce g1_s0:4 -> g1_s1:2
[2026-06-22 18:03:00] MAC FLAP 62:a0:56:6e:7d:c2 g1_s0:2 -> g1_s1:1
[2026-06-22 18:03:00] MAC FLAP ba:a3:f7:d5:25:ce g1_s1:2 -> g2_s0:2
[2026-06-22 18:03:00] MAC FLAP 62:a0:56:6e:7d:c2 g1_s1:1 -> g2_s0:3
[2026-06-22 18:03:00] MAC FLAP 62:a0:56:6e:7d:c2 g2_s0:3 -> g2_s1:2
[2026-06-22 18:03:05] MAC FLAP de:f6:4d:4b:90:4b g1_s1:2 -> g0_s0:3
[2026-06-22 18:03:05] MAC FLAP ba:a3:f7:d5:25:ce g2_s0:2 -> g0_s0:3
[2026-06-22 18:03:05] MAC FLAP 62:a0:56:6e:7d:c2 g2_s1:2 -> g0_s0:3
[2026-06-22 18:03:05] MAC FLAP de:f6:4d:4b:90:4b g0_s0:3 -> g0_s1:2
[2026-06-22 18:03:05] MAC FLAP ba:a3:f7:d5:25:ce g0_s0:3 -> g0_s1:2
[2026-06-22 18:03:05] MAC FLAP 62:a0:56:6e:7d:c2 g0_s0:3 -> g0_s1:2
[2026-06-22 18:03:05] MAC FLAP de:f6:4d:4b:90:4b g0_s1:2 -> g1_s0:4
[2026-06-22 18:03:05] MAC FLAP ba:a3:f7:d5:25:ce g0_s1:2 -> g1_s0:4
[2026-06-22 18:03:05] MAC FLAP 62:a0:56:6e:7d:c2 g0_s1:2 -> g1_s0:2
[2026-06-22 18:03:05] MAC FLAP de:f6:4d:4b:90:4b g1_s0:4 -> g1_s1:2
[2026-06-22 18:03:05] MAC FLAP ba:a3:f7:d5:25:ce g1_s0:4 -> g1_s1:2
[2026-06-22 18:03:05] MAC FLAP 62:a0:56:6e:7d:c2 g1_s0:2 -> g1_s1:1
[2026-06-22 18:03:05] MAC FLAP ba:a3:f7:d5:25:ce g1_s1:2 -> g2_s0:2
[2026-06-22 18:03:05] MAC FLAP 62:a0:56:6e:7d:c2 g1_s1:1 -> g2_s0:3
[2026-06-22 18:03:05] MAC FLAP 62:a0:56:6e:7d:c2 g2_s0:3 -> g2_s1:2
[2026-06-22 18:03:10] MAC FLAP 62:a0:56:6e:7d:c2 g2_s1:2 -> g0_s0:3
[2026-06-22 18:03:10] MAC FLAP 62:a0:56:6e:7d:c2 g0_s0:3 -> g0_s1:2
[2026-06-22 18:03:10] MAC FLAP 62:a0:56:6e:7d:c2 g0_s1:2 -> g1_s0:2
[2026-06-22 18:03:10] MAC FLAP 62:a0:56:6e:7d:c2 g1_s0:2 -> g1_s1:1
[2026-06-22 18:03:10] MAC FLAP 62:a0:56:6e:7d:c2 g1_s1:1 -> g2_s0:3
[2026-06-22 18:03:10] MAC FLAP 62:a0:56:6e:7d:c2 g2_s0:3 -> g2_s1:2
[2026-06-22 18:03:16] MAC FLAP 62:a0:56:6e:7d:c2 g2_s1:2 -> g0_s0:3
[2026-06-22 18:03:16] MAC FLAP 62:a0:56:6e:7d:c2 g0_s0:3 -> g0_s1:2
[2026-06-22 18:03:16] MAC FLAP 62:a0:56:6e:7d:c2 g0_s1:2 -> g1_s0:2
[2026-06-22 18:03:16] MAC FLAP 62:a0:56:6e:7d:c2 g1_s0:2 -> g1_s1:1
[2026-06-22 18:03:16] MAC FLAP 62:a0:56:6e:7d:c2 g1_s1:1 -> g2_s0:3
[2026-06-22 18:03:16] MAC FLAP 62:a0:56:6e:7d:c2 g2_s0:3 -> g2_s1:2
[2026-06-22 18:03:21] MAC FLAP 62:a0:56:6e:7d:c2 g2_s1:2 -> g0_s0:3
[2026-06-22 18:03:21] MAC FLAP 62:a0:56:6e:7d:c2 g0_s0:3 -> g0_s1:2
[2026-06-22 18:03:21] MAC FLAP 62:a0:56:6e:7d:c2 g0_s1:2 -> g1_s0:2
[2026-06-22 18:03:21] MAC FLAP 62:a0:56:6e:7d:c2 g1_s0:2 -> g1_s1:1
[2026-06-22 18:03:21] MAC FLAP 62:a0:56:6e:7d:c2 g1_s1:1 -> g2_s0:3
[2026-06-22 18:03:21] MAC FLAP 62:a0:56:6e:7d:c2 g2_s0:3 -> g2_s1:2
[2026-06-22 18:03:37] LEARNED 16:8b:d1:2e:12:b7 -> g1_s0:3
[2026-06-22 18:03:37] MAC FLAP 16:8b:d1:2e:12:b7 g1_s0:3 -> g1_s1:2
[2026-06-22 18:03:37] MAC FLAP 16:8b:d1:2e:12:b7 g1_s1:2 -> g2_s0:3
[2026-06-22 18:03:37] MAC FLAP 16:8b:d1:2e:12:b7 g2_s0:3 -> g2_s1:2
[2026-06-22 18:03:42] MAC FLAP 16:8b:d1:2e:12:b7 g2_s1:2 -> g1_s0:3
[2026-06-22 18:03:42] MAC FLAP 16:8b:d1:2e:12:b7 g1_s0:3 -> g1_s1:2
[2026-06-22 18:03:42] MAC FLAP 16:8b:d1:2e:12:b7 g1_s1:2 -> g2_s0:3
[2026-06-22 18:03:42] MAC FLAP 16:8b:d1:2e:12:b7 g2_s0:3 -> g2_s1:2
[2026-06-22 18:03:48] MAC FLAP 16:8b:d1:2e:12:b7 g2_s1:2 -> g1_s0:3
[2026-06-22 18:03:48] MAC FLAP 16:8b:d1:2e:12:b7 g1_s0:3 -> g1_s1:2
[2026-06-22 18:03:48] MAC FLAP 16:8b:d1:2e:12:b7 g1_s1:2 -> g2_s0:3
[2026-06-22 18:03:48] MAC FLAP 16:8b:d1:2e:12:b7 g2_s0:3 -> g2_s1:2
[2026-06-22 18:03:53] LEARNED a6:08:49:a1:b7:91 -> g0_s0:1
[2026-06-22 18:03:53] MAC FLAP a6:08:49:a1:b7:91 g0_s0:1 -> g0_s1:2
[2026-06-22 18:03:53] MAC FLAP 16:8b:d1:2e:12:b7 g2_s1:2 -> g1_s0:3
[2026-06-22 18:03:53] MAC FLAP a6:08:49:a1:b7:91 g0_s1:2 -> g1_s0:3
[2026-06-22 18:03:53] MAC FLAP 16:8b:d1:2e:12:b7 g1_s0:3 -> g1_s1:2
[2026-06-22 18:03:53] MAC FLAP a6:08:49:a1:b7:91 g1_s0:3 -> g1_s1:2
[2026-06-22 18:03:53] MAC FLAP 16:8b:d1:2e:12:b7 g1_s1:2 -> g2_s0:3
[2026-06-22 18:03:53] MAC FLAP a6:08:49:a1:b7:91 g1_s1:2 -> g2_s0:3
[2026-06-22 18:03:53] MAC FLAP 16:8b:d1:2e:12:b7 g2_s0:3 -> g2_s1:2
[2026-06-22 18:03:53] MAC FLAP a6:08:49:a1:b7:91 g2_s0:3 -> g2_s1:2
[2026-06-22 18:03:58] MAC FLAP a6:08:49:a1:b7:91 g2_s1:2 -> g0_s0:1
[2026-06-22 18:03:58] MAC FLAP a6:08:49:a1:b7:91 g0_s0:1 -> g0_s1:2
[2026-06-22 18:03:58] MAC FLAP 16:8b:d1:2e:12:b7 g2_s1:2 -> g1_s0:3
[2026-06-22 18:03:58] MAC FLAP a6:08:49:a1:b7:91 g0_s1:2 -> g1_s0:3
[2026-06-22 18:03:58] MAC FLAP 16:8b:d1:2e:12:b7 g1_s0:3 -> g1_s1:2
[2026-06-22 18:03:58] MAC FLAP a6:08:49:a1:b7:91 g1_s0:3 -> g1_s1:2
[2026-06-22 18:03:58] MAC FLAP 16:8b:d1:2e:12:b7 g1_s1:2 -> g2_s0:3
[2026-06-22 18:03:58] MAC FLAP a6:08:49:a1:b7:91 g1_s1:2 -> g2_s0:3
[2026-06-22 18:03:58] MAC FLAP 16:8b:d1:2e:12:b7 g2_s0:3 -> g2_s1:2
[2026-06-22 18:03:58] MAC FLAP a6:08:49:a1:b7:91 g2_s0:3 -> g2_s1:2
[2026-06-22 18:04:03] MAC FLAP a6:08:49:a1:b7:91 g2_s1:2 -> g0_s0:1
[2026-06-22 18:04:03] MAC FLAP a6:08:49:a1:b7:91 g0_s0:1 -> g0_s1:2
[2026-06-22 18:04:03] MAC FLAP 16:8b:d1:2e:12:b7 g2_s1:2 -> g1_s0:3
[2026-06-22 18:04:03] MAC FLAP a6:08:49:a1:b7:91 g0_s1:2 -> g1_s0:3
[2026-06-22 18:04:03] MAC FLAP 16:8b:d1:2e:12:b7 g1_s0:3 -> g1_s1:2
[2026-06-22 18:04:03] MAC FLAP a6:08:49:a1:b7:91 g1_s0:3 -> g1_s1:2
[2026-06-22 18:04:03] MAC FLAP 16:8b:d1:2e:12:b7 g1_s1:2 -> g2_s0:3
[2026-06-22 18:04:03] MAC FLAP a6:08:49:a1:b7:91 g1_s1:2 -> g2_s0:3
[2026-06-22 18:04:03] MAC FLAP 16:8b:d1:2e:12:b7 g2_s0:3 -> g2_s1:2
[2026-06-22 18:04:03] MAC FLAP a6:08:49:a1:b7:91 g2_s0:3 -> g2_s1:2
[2026-06-22 18:04:08] MAC FLAP a6:08:49:a1:b7:91 g2_s1:2 -> g0_s0:1
[2026-06-22 18:04:08] MAC FLAP a6:08:49:a1:b7:91 g0_s0:1 -> g0_s1:2
[2026-06-22 18:04:08] MAC FLAP 16:8b:d1:2e:12:b7 g2_s1:2 -> g1_s0:3
[2026-06-22 18:04:08] MAC FLAP a6:08:49:a1:b7:91 g0_s1:2 -> g1_s0:3
[2026-06-22 18:04:08] MAC FLAP 16:8b:d1:2e:12:b7 g1_s0:3 -> g1_s1:2
[2026-06-22 18:04:08] MAC FLAP a6:08:49:a1:b7:91 g1_s0:3 -> g1_s1:2
[2026-06-22 18:04:08] MAC FLAP 16:8b:d1:2e:12:b7 g1_s1:2 -> g2_s0:3
[2026-06-22 18:04:08] MAC FLAP a6:08:49:a1:b7:91 g1_s1:2 -> g2_s0:3
[2026-06-22 18:04:08] MAC FLAP 16:8b:d1:2e:12:b7 g2_s0:3 -> g2_s1:2
[2026-06-22 18:04:08] MAC FLAP a6:08:49:a1:b7:91 g2_s0:3 -> g2_s1:2
[2026-06-22 18:04:15] Baseline snapshot created (6 entries)
[2026-06-22 18:04:15] LEARNED a6:08:49:a1:b7:91 -> g0_s0:1
[2026-06-22 18:04:15] MAC FLAP a6:08:49:a1:b7:91 g0_s0:1 -> g0_s1:2
[2026-06-22 18:04:15] LEARNED 16:8b:d1:2e:12:b7 -> g1_s0:3
[2026-06-22 18:04:15] MAC FLAP a6:08:49:a1:b7:91 g0_s1:2 -> g1_s0:3
[2026-06-22 18:04:15] MAC FLAP 16:8b:d1:2e:12:b7 g1_s0:3 -> g1_s1:2
[2026-06-22 18:04:15] MAC FLAP a6:08:49:a1:b7:91 g1_s0:3 -> g1_s1:2
[2026-06-22 18:04:15] MAC FLAP 16:8b:d1:2e:12:b7 g1_s1:2 -> g2_s0:3
[2026-06-22 18:04:15] MAC FLAP a6:08:49:a1:b7:91 g1_s1:2 -> g2_s0:3
[2026-06-22 18:04:15] MAC FLAP 16:8b:d1:2e:12:b7 g2_s0:3 -> g2_s1:2
[2026-06-22 18:04:15] MAC FLAP a6:08:49:a1:b7:91 g2_s0:3 -> g2_s1:2
[2026-06-22 18:04:21] MAC FLAP a6:08:49:a1:b7:91 g2_s1:2 -> g0_s0:1
[2026-06-22 18:04:21] MAC FLAP a6:08:49:a1:b7:91 g0_s0:1 -> g0_s1:2
[2026-06-22 18:04:21] MAC FLAP 16:8b:d1:2e:12:b7 g2_s1:2 -> g1_s0:3
[2026-06-22 18:04:21] MAC FLAP a6:08:49:a1:b7:91 g0_s1:2 -> g1_s0:3
[2026-06-22 18:04:21] MAC FLAP 16:8b:d1:2e:12:b7 g1_s0:3 -> g1_s1:2
[2026-06-22 18:04:21] MAC FLAP a6:08:49:a1:b7:91 g1_s0:3 -> g1_s1:2
[2026-06-22 18:04:21] MAC FLAP 16:8b:d1:2e:12:b7 g1_s1:2 -> g2_s0:3
[2026-06-22 18:04:21] MAC FLAP a6:08:49:a1:b7:91 g1_s1:2 -> g2_s0:3
[2026-06-22 18:04:21] MAC FLAP 16:8b:d1:2e:12:b7 g2_s0:3 -> g2_s1:2
[2026-06-22 18:04:21] MAC FLAP a6:08:49:a1:b7:91 g2_s0:3 -> g2_s1:2
[2026-06-22 18:04:26] MAC FLAP a6:08:49:a1:b7:91 g2_s1:2 -> g0_s0:1
[2026-06-22 18:04:26] MAC FLAP a6:08:49:a1:b7:91 g0_s0:1 -> g0_s1:2
[2026-06-22 18:04:26] MAC FLAP 16:8b:d1:2e:12:b7 g2_s1:2 -> g1_s0:3
[2026-06-22 18:04:26] MAC FLAP a6:08:49:a1:b7:91 g0_s1:2 -> g1_s0:3
[2026-06-22 18:04:26] MAC FLAP 16:8b:d1:2e:12:b7 g1_s0:3 -> g1_s1:2
[2026-06-22 18:04:26] MAC FLAP a6:08:49:a1:b7:91 g1_s0:3 -> g1_s1:2
[2026-06-22 18:04:26] MAC FLAP 16:8b:d1:2e:12:b7 g1_s1:2 -> g2_s0:3
[2026-06-22 18:04:26] MAC FLAP a6:08:49:a1:b7:91 g1_s1:2 -> g2_s0:3
[2026-06-22 18:04:26] MAC FLAP 16:8b:d1:2e:12:b7 g2_s0:3 -> g2_s1:2
[2026-06-22 18:04:26] MAC FLAP a6:08:49:a1:b7:91 g2_s0:3 -> g2_s1:2
[2026-06-22 18:04:31] MAC FLAP a6:08:49:a1:b7:91 g2_s1:2 -> g0_s0:1
[2026-06-22 18:04:31] MAC FLAP a6:08:49:a1:b7:91 g0_s0:1 -> g0_s1:2
[2026-06-22 18:04:31] MAC FLAP 16:8b:d1:2e:12:b7 g2_s1:2 -> g1_s0:3
[2026-06-22 18:04:31] MAC FLAP a6:08:49:a1:b7:91 g0_s1:2 -> g1_s0:3
[2026-06-22 18:04:31] MAC FLAP 16:8b:d1:2e:12:b7 g1_s0:3 -> g1_s1:2
[2026-06-22 18:04:31] MAC FLAP a6:08:49:a1:b7:91 g1_s0:3 -> g1_s1:2
[2026-06-22 18:04:31] MAC FLAP 16:8b:d1:2e:12:b7 g1_s1:2 -> g2_s0:3
[2026-06-22 18:04:31] MAC FLAP a6:08:49:a1:b7:91 g1_s1:2 -> g2_s0:3
[2026-06-22 18:04:31] MAC FLAP 16:8b:d1:2e:12:b7 g2_s0:3 -> g2_s1:2
[2026-06-22 18:04:31] MAC FLAP a6:08:49:a1:b7:91 g2_s0:3 -> g2_s1:2
[2026-06-22 18:04:36] MAC FLAP a6:08:49:a1:b7:91 g2_s1:2 -> g0_s0:1
[2026-06-22 18:04:36] MAC FLAP a6:08:49:a1:b7:91 g0_s0:1 -> g0_s1:2
[2026-06-22 18:04:36] MAC FLAP 16:8b:d1:2e:12:b7 g2_s1:2 -> g1_s0:3
[2026-06-22 18:04:36] MAC FLAP a6:08:49:a1:b7:91 g0_s1:2 -> g1_s0:3
[2026-06-22 18:04:36] MAC FLAP 16:8b:d1:2e:12:b7 g1_s0:3 -> g1_s1:2
[2026-06-22 18:04:36] MAC FLAP a6:08:49:a1:b7:91 g1_s0:3 -> g1_s1:2
[2026-06-22 18:04:36] MAC FLAP 16:8b:d1:2e:12:b7 g1_s1:2 -> g2_s0:3
[2026-06-22 18:04:36] MAC FLAP a6:08:49:a1:b7:91 g1_s1:2 -> g2_s0:3
[2026-06-22 18:04:36] MAC FLAP 16:8b:d1:2e:12:b7 g2_s0:3 -> g2_s1:2
[2026-06-22 18:04:36] MAC FLAP a6:08:49:a1:b7:91 g2_s0:3 -> g2_s1:2
[2026-06-22 18:04:41] MAC FLAP a6:08:49:a1:b7:91 g2_s1:2 -> g0_s0:1
[2026-06-22 18:04:41] MAC FLAP a6:08:49:a1:b7:91 g0_s0:1 -> g0_s1:2
[2026-06-22 18:04:41] MAC FLAP 16:8b:d1:2e:12:b7 g2_s1:2 -> g1_s0:3
[2026-06-22 18:04:41] MAC FLAP a6:08:49:a1:b7:91 g0_s1:2 -> g1_s0:3
[2026-06-22 18:04:41] MAC FLAP 16:8b:d1:2e:12:b7 g1_s0:3 -> g1_s1:2
[2026-06-22 18:04:41] MAC FLAP a6:08:49:a1:b7:91 g1_s0:3 -> g1_s1:2
[2026-06-22 18:04:41] MAC FLAP 16:8b:d1:2e:12:b7 g1_s1:2 -> g2_s0:3
[2026-06-22 18:04:41] MAC FLAP a6:08:49:a1:b7:91 g1_s1:2 -> g2_s0:3
[2026-06-22 18:04:41] MAC FLAP 16:8b:d1:2e:12:b7 g2_s0:3 -> g2_s1:2
[2026-06-22 18:04:41] MAC FLAP a6:08:49:a1:b7:91 g2_s0:3 -> g2_s1:2
[2026-06-22 18:05:19] Baseline snapshot created (32 entries)
[2026-06-22 18:05:19] LEARNED a6:08:49:a1:b7:91 -> g0_s0:1
[2026-06-22 18:05:19] LEARNED 1a:4a:a3:63:c4:d4 -> g0_s0:2
[2026-06-22 18:05:19] LEARNED de:f6:4d:4b:90:4b -> g0_s0:3
[2026-06-22 18:05:19] LEARNED 46:9c:bc:ee:cf:25 -> g0_s0:3
[2026-06-22 18:05:19] LEARNED b2:7b:14:3f:6d:2e -> g0_s0:3
[2026-06-22 18:05:19] LEARNED ba:a3:f7:d5:25:ce -> g0_s0:3
[2026-06-22 18:05:19] LEARNED 86:e9:f9:a5:bf:8c -> g0_s0:3
[2026-06-22 18:05:19] LEARNED 92:e0:fa:df:41:3a -> g0_s0:3
[2026-06-22 18:05:19] MAC FLAP a6:08:49:a1:b7:91 g0_s0:1 -> g0_s1:2
[2026-06-22 18:05:19] LEARNED 86:6c:f6:0e:d0:c5 -> g0_s1:2
[2026-06-22 18:05:19] MAC FLAP de:f6:4d:4b:90:4b g0_s0:3 -> g0_s1:2
[2026-06-22 18:05:19] MAC FLAP 46:9c:bc:ee:cf:25 g0_s0:3 -> g0_s1:2
[2026-06-22 18:05:19] MAC FLAP b2:7b:14:3f:6d:2e g0_s0:3 -> g0_s1:2
[2026-06-22 18:05:19] MAC FLAP ba:a3:f7:d5:25:ce g0_s0:3 -> g0_s1:2
[2026-06-22 18:05:19] MAC FLAP 86:e9:f9:a5:bf:8c g0_s0:3 -> g0_s1:2
[2026-06-22 18:05:19] MAC FLAP 92:e0:fa:df:41:3a g0_s0:3 -> g0_s1:2
[2026-06-22 18:05:19] MAC FLAP a6:08:49:a1:b7:91 g0_s1:2 -> g1_s0:3
[2026-06-22 18:05:19] MAC FLAP de:f6:4d:4b:90:4b g0_s1:2 -> g1_s0:4
[2026-06-22 18:05:19] MAC FLAP 1a:4a:a3:63:c4:d4 g0_s0:2 -> g1_s0:3
[2026-06-22 18:05:19] MAC FLAP b2:7b:14:3f:6d:2e g0_s1:2 -> g1_s0:2
[2026-06-22 18:05:19] LEARNED 16:8b:d1:2e:12:b7 -> g1_s0:3
[2026-06-22 18:05:19] MAC FLAP ba:a3:f7:d5:25:ce g0_s1:2 -> g1_s0:4
[2026-06-22 18:05:19] MAC FLAP 86:e9:f9:a5:bf:8c g0_s1:2 -> g1_s0:4
[2026-06-22 18:05:19] MAC FLAP 92:e0:fa:df:41:3a g0_s1:2 -> g1_s0:1
[2026-06-22 18:05:19] MAC FLAP a6:08:49:a1:b7:91 g1_s0:3 -> g1_s1:2
[2026-06-22 18:05:19] MAC FLAP de:f6:4d:4b:90:4b g1_s0:4 -> g1_s1:2
[2026-06-22 18:05:19] LEARNED ae:61:7c:da:b1:a0 -> g1_s1:2
[2026-06-22 18:05:19] MAC FLAP 1a:4a:a3:63:c4:d4 g1_s0:3 -> g1_s1:2
[2026-06-22 18:05:19] MAC FLAP 16:8b:d1:2e:12:b7 g1_s0:3 -> g1_s1:2
[2026-06-22 18:05:19] MAC FLAP ba:a3:f7:d5:25:ce g1_s0:4 -> g1_s1:2
[2026-06-22 18:05:19] MAC FLAP 86:e9:f9:a5:bf:8c g1_s0:4 -> g1_s1:2
[2026-06-22 18:05:19] MAC FLAP 92:e0:fa:df:41:3a g1_s0:1 -> g1_s1:2
[2026-06-22 18:05:19] MAC FLAP a6:08:49:a1:b7:91 g1_s1:2 -> g2_s0:3
[2026-06-22 18:05:19] MAC FLAP b2:7b:14:3f:6d:2e g1_s0:2 -> g2_s0:3
[2026-06-22 18:05:19] MAC FLAP 1a:4a:a3:63:c4:d4 g1_s1:2 -> g2_s0:3
[2026-06-22 18:05:19] MAC FLAP ba:a3:f7:d5:25:ce g1_s1:2 -> g2_s0:2
[2026-06-22 18:05:19] MAC FLAP 16:8b:d1:2e:12:b7 g1_s1:2 -> g2_s0:3
[2026-06-22 18:05:19] MAC FLAP 86:e9:f9:a5:bf:8c g1_s1:2 -> g2_s0:1
[2026-06-22 18:05:19] LEARNED aa:5a:ee:c6:d4:4d -> g2_s0:3
[2026-06-22 18:05:19] MAC FLAP 92:e0:fa:df:41:3a g1_s1:2 -> g2_s0:3
[2026-06-22 18:05:19] MAC FLAP a6:08:49:a1:b7:91 g2_s0:3 -> g2_s1:2
[2026-06-22 18:05:19] LEARNED d2:54:f6:d0:65:f3 -> g2_s1:2
[2026-06-22 18:05:19] MAC FLAP 1a:4a:a3:63:c4:d4 g2_s0:3 -> g2_s1:2
[2026-06-22 18:05:19] MAC FLAP b2:7b:14:3f:6d:2e g2_s0:3 -> g2_s1:2
[2026-06-22 18:05:19] MAC FLAP 16:8b:d1:2e:12:b7 g2_s0:3 -> g2_s1:2
[2026-06-22 18:05:19] MAC FLAP 86:e9:f9:a5:bf:8c g2_s0:1 -> g2_s1:2
[2026-06-22 18:05:19] MAC FLAP 92:e0:fa:df:41:3a g2_s0:3 -> g2_s1:2
[2026-06-22 18:05:19] MAC FLAP aa:5a:ee:c6:d4:4d g2_s0:3 -> g2_s1:2
[2026-06-22 18:05:24] MAC FLAP a6:08:49:a1:b7:91 g2_s1:2 -> g0_s0:1
[2026-06-22 18:05:24] MAC FLAP 1a:4a:a3:63:c4:d4 g2_s1:2 -> g0_s0:2
[2026-06-22 18:05:24] MAC FLAP de:f6:4d:4b:90:4b g1_s1:2 -> g0_s0:3
[2026-06-22 18:05:24] MAC FLAP 46:9c:bc:ee:cf:25 g0_s1:2 -> g0_s0:3
[2026-06-22 18:05:24] MAC FLAP b2:7b:14:3f:6d:2e g2_s1:2 -> g0_s0:3
[2026-06-22 18:05:24] MAC FLAP ba:a3:f7:d5:25:ce g2_s0:2 -> g0_s0:3
[2026-06-22 18:05:24] MAC FLAP 86:e9:f9:a5:bf:8c g2_s1:2 -> g0_s0:3
[2026-06-22 18:05:24] MAC FLAP 92:e0:fa:df:41:3a g2_s1:2 -> g0_s0:3
[2026-06-22 18:05:24] MAC FLAP a6:08:49:a1:b7:91 g0_s0:1 -> g0_s1:2
[2026-06-22 18:05:24] MAC FLAP de:f6:4d:4b:90:4b g0_s0:3 -> g0_s1:2
[2026-06-22 18:05:24] MAC FLAP 46:9c:bc:ee:cf:25 g0_s0:3 -> g0_s1:2
[2026-06-22 18:05:24] MAC FLAP b2:7b:14:3f:6d:2e g0_s0:3 -> g0_s1:2
[2026-06-22 18:05:24] MAC FLAP ba:a3:f7:d5:25:ce g0_s0:3 -> g0_s1:2
[2026-06-22 18:05:24] MAC FLAP 86:e9:f9:a5:bf:8c g0_s0:3 -> g0_s1:2
[2026-06-22 18:05:24] MAC FLAP 92:e0:fa:df:41:3a g0_s0:3 -> g0_s1:2
[2026-06-22 18:05:24] MAC FLAP a6:08:49:a1:b7:91 g0_s1:2 -> g1_s0:3
[2026-06-22 18:05:24] MAC FLAP de:f6:4d:4b:90:4b g0_s1:2 -> g1_s0:4
[2026-06-22 18:05:24] MAC FLAP 1a:4a:a3:63:c4:d4 g0_s0:2 -> g1_s0:3
[2026-06-22 18:05:24] MAC FLAP b2:7b:14:3f:6d:2e g0_s1:2 -> g1_s0:2
[2026-06-22 18:05:24] MAC FLAP 16:8b:d1:2e:12:b7 g2_s1:2 -> g1_s0:3
[2026-06-22 18:05:24] MAC FLAP ba:a3:f7:d5:25:ce g0_s1:2 -> g1_s0:4
[2026-06-22 18:05:24] MAC FLAP 86:e9:f9:a5:bf:8c g0_s1:2 -> g1_s0:4
[2026-06-22 18:05:24] MAC FLAP 92:e0:fa:df:41:3a g0_s1:2 -> g1_s0:1
[2026-06-22 18:05:24] MAC FLAP a6:08:49:a1:b7:91 g1_s0:3 -> g1_s1:2
[2026-06-22 18:05:24] MAC FLAP de:f6:4d:4b:90:4b g1_s0:4 -> g1_s1:2
[2026-06-22 18:05:24] MAC FLAP 1a:4a:a3:63:c4:d4 g1_s0:3 -> g1_s1:2
[2026-06-22 18:05:24] MAC FLAP 16:8b:d1:2e:12:b7 g1_s0:3 -> g1_s1:2
[2026-06-22 18:05:24] MAC FLAP ba:a3:f7:d5:25:ce g1_s0:4 -> g1_s1:2
[2026-06-22 18:05:24] MAC FLAP 86:e9:f9:a5:bf:8c g1_s0:4 -> g1_s1:2
[2026-06-22 18:05:24] MAC FLAP 92:e0:fa:df:41:3a g1_s0:1 -> g1_s1:2
[2026-06-22 18:05:24] MAC FLAP a6:08:49:a1:b7:91 g1_s1:2 -> g2_s0:3
[2026-06-22 18:05:24] MAC FLAP b2:7b:14:3f:6d:2e g1_s0:2 -> g2_s0:3
[2026-06-22 18:05:24] MAC FLAP 1a:4a:a3:63:c4:d4 g1_s1:2 -> g2_s0:3
[2026-06-22 18:05:24] MAC FLAP ba:a3:f7:d5:25:ce g1_s1:2 -> g2_s0:2
[2026-06-22 18:05:24] MAC FLAP 16:8b:d1:2e:12:b7 g1_s1:2 -> g2_s0:3
[2026-06-22 18:05:24] MAC FLAP 86:e9:f9:a5:bf:8c g1_s1:2 -> g2_s0:1
[2026-06-22 18:05:24] MAC FLAP aa:5a:ee:c6:d4:4d g2_s1:2 -> g2_s0:3
[2026-06-22 18:05:24] MAC FLAP 92:e0:fa:df:41:3a g1_s1:2 -> g2_s0:3
[2026-06-22 18:05:24] MAC FLAP a6:08:49:a1:b7:91 g2_s0:3 -> g2_s1:2
[2026-06-22 18:05:24] MAC FLAP 1a:4a:a3:63:c4:d4 g2_s0:3 -> g2_s1:2
[2026-06-22 18:05:24] MAC FLAP b2:7b:14:3f:6d:2e g2_s0:3 -> g2_s1:2
[2026-06-22 18:05:24] MAC FLAP 16:8b:d1:2e:12:b7 g2_s0:3 -> g2_s1:2
[2026-06-22 18:05:24] MAC FLAP 86:e9:f9:a5:bf:8c g2_s0:1 -> g2_s1:2
[2026-06-22 18:05:24] MAC FLAP 92:e0:fa:df:41:3a g2_s0:3 -> g2_s1:2
[2026-06-22 18:05:24] MAC FLAP aa:5a:ee:c6:d4:4d g2_s0:3 -> g2_s1:2
[2026-06-22 18:05:30] MAC FLAP a6:08:49:a1:b7:91 g2_s1:2 -> g0_s0:1
[2026-06-22 18:05:30] MAC FLAP 1a:4a:a3:63:c4:d4 g2_s1:2 -> g0_s0:2
[2026-06-22 18:05:30] MAC FLAP de:f6:4d:4b:90:4b g1_s1:2 -> g0_s0:3
[2026-06-22 18:05:30] MAC FLAP 46:9c:bc:ee:cf:25 g0_s1:2 -> g0_s0:3
[2026-06-22 18:05:30] MAC FLAP b2:7b:14:3f:6d:2e g2_s1:2 -> g0_s0:3
[2026-06-22 18:05:30] MAC FLAP ba:a3:f7:d5:25:ce g2_s0:2 -> g0_s0:3
[2026-06-22 18:05:30] MAC FLAP 86:e9:f9:a5:bf:8c g2_s1:2 -> g0_s0:3
[2026-06-22 18:05:30] MAC FLAP 92:e0:fa:df:41:3a g2_s1:2 -> g0_s0:3
[2026-06-22 18:05:30] MAC FLAP a6:08:49:a1:b7:91 g0_s0:1 -> g0_s1:2
[2026-06-22 18:05:30] MAC FLAP de:f6:4d:4b:90:4b g0_s0:3 -> g0_s1:2
[2026-06-22 18:05:30] MAC FLAP 46:9c:bc:ee:cf:25 g0_s0:3 -> g0_s1:2
[2026-06-22 18:05:30] MAC FLAP b2:7b:14:3f:6d:2e g0_s0:3 -> g0_s1:2
[2026-06-22 18:05:30] MAC FLAP ba:a3:f7:d5:25:ce g0_s0:3 -> g0_s1:2
[2026-06-22 18:05:30] MAC FLAP 86:e9:f9:a5:bf:8c g0_s0:3 -> g0_s1:2
[2026-06-22 18:05:30] MAC FLAP 92:e0:fa:df:41:3a g0_s0:3 -> g0_s1:2
[2026-06-22 18:05:30] MAC FLAP a6:08:49:a1:b7:91 g0_s1:2 -> g1_s0:3
[2026-06-22 18:05:30] MAC FLAP de:f6:4d:4b:90:4b g0_s1:2 -> g1_s0:4
[2026-06-22 18:05:30] MAC FLAP 1a:4a:a3:63:c4:d4 g0_s0:2 -> g1_s0:3
[2026-06-22 18:05:30] MAC FLAP b2:7b:14:3f:6d:2e g0_s1:2 -> g1_s0:2
[2026-06-22 18:05:30] MAC FLAP 16:8b:d1:2e:12:b7 g2_s1:2 -> g1_s0:3
[2026-06-22 18:05:30] MAC FLAP ba:a3:f7:d5:25:ce g0_s1:2 -> g1_s0:4
[2026-06-22 18:05:30] MAC FLAP 86:e9:f9:a5:bf:8c g0_s1:2 -> g1_s0:4
[2026-06-22 18:05:30] MAC FLAP 92:e0:fa:df:41:3a g0_s1:2 -> g1_s0:1
[2026-06-22 18:05:30] MAC FLAP a6:08:49:a1:b7:91 g1_s0:3 -> g1_s1:2
[2026-06-22 18:05:30] MAC FLAP de:f6:4d:4b:90:4b g1_s0:4 -> g1_s1:2
[2026-06-22 18:05:30] MAC FLAP 1a:4a:a3:63:c4:d4 g1_s0:3 -> g1_s1:2
[2026-06-22 18:05:30] MAC FLAP 16:8b:d1:2e:12:b7 g1_s0:3 -> g1_s1:2
[2026-06-22 18:05:30] MAC FLAP ba:a3:f7:d5:25:ce g1_s0:4 -> g1_s1:2
[2026-06-22 18:05:30] MAC FLAP 86:e9:f9:a5:bf:8c g1_s0:4 -> g1_s1:2
[2026-06-22 18:05:30] MAC FLAP 92:e0:fa:df:41:3a g1_s0:1 -> g1_s1:2
[2026-06-22 18:05:30] MAC FLAP a6:08:49:a1:b7:91 g1_s1:2 -> g2_s0:3
[2026-06-22 18:05:30] MAC FLAP b2:7b:14:3f:6d:2e g1_s0:2 -> g2_s0:3
[2026-06-22 18:05:30] MAC FLAP 1a:4a:a3:63:c4:d4 g1_s1:2 -> g2_s0:3
[2026-06-22 18:05:30] MAC FLAP ba:a3:f7:d5:25:ce g1_s1:2 -> g2_s0:2
[2026-06-22 18:05:30] MAC FLAP 16:8b:d1:2e:12:b7 g1_s1:2 -> g2_s0:3
[2026-06-22 18:05:30] MAC FLAP 86:e9:f9:a5:bf:8c g1_s1:2 -> g2_s0:1
[2026-06-22 18:05:30] MAC FLAP aa:5a:ee:c6:d4:4d g2_s1:2 -> g2_s0:3
[2026-06-22 18:05:30] MAC FLAP 92:e0:fa:df:41:3a g1_s1:2 -> g2_s0:3
[2026-06-22 18:05:30] MAC FLAP a6:08:49:a1:b7:91 g2_s0:3 -> g2_s1:2
[2026-06-22 18:05:30] MAC FLAP 1a:4a:a3:63:c4:d4 g2_s0:3 -> g2_s1:2
[2026-06-22 18:05:30] MAC FLAP b2:7b:14:3f:6d:2e g2_s0:3 -> g2_s1:2
[2026-06-22 18:05:30] MAC FLAP 16:8b:d1:2e:12:b7 g2_s0:3 -> g2_s1:2
[2026-06-22 18:05:30] MAC FLAP 86:e9:f9:a5:bf:8c g2_s0:1 -> g2_s1:2
[2026-06-22 18:05:30] MAC FLAP 92:e0:fa:df:41:3a g2_s0:3 -> g2_s1:2
[2026-06-22 18:05:30] MAC FLAP aa:5a:ee:c6:d4:4d g2_s0:3 -> g2_s1:2
[2026-06-22 18:05:35] MAC FLAP a6:08:49:a1:b7:91 g2_s1:2 -> g0_s0:1
[2026-06-22 18:05:35] MAC FLAP 1a:4a:a3:63:c4:d4 g2_s1:2 -> g0_s0:2
[2026-06-22 18:05:35] MAC FLAP de:f6:4d:4b:90:4b g1_s1:2 -> g0_s0:3
[2026-06-22 18:05:35] MAC FLAP b2:7b:14:3f:6d:2e g2_s1:2 -> g0_s0:3
[2026-06-22 18:05:35] MAC FLAP ba:a3:f7:d5:25:ce g2_s0:2 -> g0_s0:3
[2026-06-22 18:05:35] MAC FLAP 86:e9:f9:a5:bf:8c g2_s1:2 -> g0_s0:3
[2026-06-22 18:05:35] MAC FLAP 92:e0:fa:df:41:3a g2_s1:2 -> g0_s0:3
[2026-06-22 18:05:35] MAC FLAP 46:9c:bc:ee:cf:25 g0_s1:2 -> g0_s0:3
[2026-06-22 18:05:35] MAC FLAP a6:08:49:a1:b7:91 g0_s0:1 -> g0_s1:2
[2026-06-22 18:05:35] MAC FLAP de:f6:4d:4b:90:4b g0_s0:3 -> g0_s1:2
[2026-06-22 18:05:35] MAC FLAP b2:7b:14:3f:6d:2e g0_s0:3 -> g0_s1:2
[2026-06-22 18:05:35] MAC FLAP ba:a3:f7:d5:25:ce g0_s0:3 -> g0_s1:2
[2026-06-22 18:05:35] MAC FLAP 86:e9:f9:a5:bf:8c g0_s0:3 -> g0_s1:2
[2026-06-22 18:05:35] MAC FLAP 92:e0:fa:df:41:3a g0_s0:3 -> g0_s1:2
[2026-06-22 18:05:35] MAC FLAP 46:9c:bc:ee:cf:25 g0_s0:3 -> g0_s1:2
[2026-06-22 18:05:35] MAC FLAP a6:08:49:a1:b7:91 g0_s1:2 -> g1_s0:3
[2026-06-22 18:05:35] MAC FLAP de:f6:4d:4b:90:4b g0_s1:2 -> g1_s0:4
[2026-06-22 18:05:35] MAC FLAP 1a:4a:a3:63:c4:d4 g0_s0:2 -> g1_s0:3
[2026-06-22 18:05:35] MAC FLAP b2:7b:14:3f:6d:2e g0_s1:2 -> g1_s0:2
[2026-06-22 18:05:35] MAC FLAP 16:8b:d1:2e:12:b7 g2_s1:2 -> g1_s0:3
[2026-06-22 18:05:35] MAC FLAP ba:a3:f7:d5:25:ce g0_s1:2 -> g1_s0:4
[2026-06-22 18:05:35] MAC FLAP 86:e9:f9:a5:bf:8c g0_s1:2 -> g1_s0:4
[2026-06-22 18:05:35] MAC FLAP 92:e0:fa:df:41:3a g0_s1:2 -> g1_s0:1
[2026-06-22 18:05:35] MAC FLAP a6:08:49:a1:b7:91 g1_s0:3 -> g1_s1:2
[2026-06-22 18:05:35] MAC FLAP de:f6:4d:4b:90:4b g1_s0:4 -> g1_s1:2
[2026-06-22 18:05:35] MAC FLAP 1a:4a:a3:63:c4:d4 g1_s0:3 -> g1_s1:2
[2026-06-22 18:05:35] MAC FLAP 16:8b:d1:2e:12:b7 g1_s0:3 -> g1_s1:2
[2026-06-22 18:05:35] MAC FLAP ba:a3:f7:d5:25:ce g1_s0:4 -> g1_s1:2
[2026-06-22 18:05:35] MAC FLAP 86:e9:f9:a5:bf:8c g1_s0:4 -> g1_s1:2
[2026-06-22 18:05:35] MAC FLAP 92:e0:fa:df:41:3a g1_s0:1 -> g1_s1:2
[2026-06-22 18:05:35] MAC FLAP a6:08:49:a1:b7:91 g1_s1:2 -> g2_s0:3
[2026-06-22 18:05:35] MAC FLAP b2:7b:14:3f:6d:2e g1_s0:2 -> g2_s0:3
[2026-06-22 18:05:35] MAC FLAP 1a:4a:a3:63:c4:d4 g1_s1:2 -> g2_s0:3
[2026-06-22 18:05:35] MAC FLAP ba:a3:f7:d5:25:ce g1_s1:2 -> g2_s0:2
[2026-06-22 18:05:35] MAC FLAP 16:8b:d1:2e:12:b7 g1_s1:2 -> g2_s0:3
[2026-06-22 18:05:35] MAC FLAP 86:e9:f9:a5:bf:8c g1_s1:2 -> g2_s0:1
[2026-06-22 18:05:35] MAC FLAP aa:5a:ee:c6:d4:4d g2_s1:2 -> g2_s0:3
[2026-06-22 18:05:35] MAC FLAP 92:e0:fa:df:41:3a g1_s1:2 -> g2_s0:3
[2026-06-22 18:05:35] MAC FLAP a6:08:49:a1:b7:91 g2_s0:3 -> g2_s1:2
[2026-06-22 18:05:35] MAC FLAP 1a:4a:a3:63:c4:d4 g2_s0:3 -> g2_s1:2
[2026-06-22 18:05:35] MAC FLAP b2:7b:14:3f:6d:2e g2_s0:3 -> g2_s1:2
[2026-06-22 18:05:35] MAC FLAP 16:8b:d1:2e:12:b7 g2_s0:3 -> g2_s1:2
[2026-06-22 18:05:35] MAC FLAP 86:e9:f9:a5:bf:8c g2_s0:1 -> g2_s1:2
[2026-06-22 18:05:35] MAC FLAP 92:e0:fa:df:41:3a g2_s0:3 -> g2_s1:2
[2026-06-22 18:05:35] MAC FLAP aa:5a:ee:c6:d4:4d g2_s0:3 -> g2_s1:2
[2026-06-22 18:05:40] MAC FLAP a6:08:49:a1:b7:91 g2_s1:2 -> g0_s0:1
[2026-06-22 18:05:40] MAC FLAP 1a:4a:a3:63:c4:d4 g2_s1:2 -> g0_s0:2
[2026-06-22 18:05:40] MAC FLAP de:f6:4d:4b:90:4b g1_s1:2 -> g0_s0:3
[2026-06-22 18:05:40] MAC FLAP b2:7b:14:3f:6d:2e g2_s1:2 -> g0_s0:3
[2026-06-22 18:05:40] MAC FLAP ba:a3:f7:d5:25:ce g2_s0:2 -> g0_s0:3
[2026-06-22 18:05:40] MAC FLAP 86:e9:f9:a5:bf:8c g2_s1:2 -> g0_s0:3
[2026-06-22 18:05:40] MAC FLAP 92:e0:fa:df:41:3a g2_s1:2 -> g0_s0:3
[2026-06-22 18:05:40] MAC FLAP 46:9c:bc:ee:cf:25 g0_s1:2 -> g0_s0:3
[2026-06-22 18:05:40] MAC FLAP a6:08:49:a1:b7:91 g0_s0:1 -> g0_s1:2
[2026-06-22 18:05:40] MAC FLAP de:f6:4d:4b:90:4b g0_s0:3 -> g0_s1:2
[2026-06-22 18:05:40] MAC FLAP b2:7b:14:3f:6d:2e g0_s0:3 -> g0_s1:2
[2026-06-22 18:05:40] MAC FLAP ba:a3:f7:d5:25:ce g0_s0:3 -> g0_s1:2
[2026-06-22 18:05:40] MAC FLAP 86:e9:f9:a5:bf:8c g0_s0:3 -> g0_s1:2
[2026-06-22 18:05:40] MAC FLAP 92:e0:fa:df:41:3a g0_s0:3 -> g0_s1:2
[2026-06-22 18:05:40] MAC FLAP 46:9c:bc:ee:cf:25 g0_s0:3 -> g0_s1:2
[2026-06-22 18:05:40] MAC FLAP a6:08:49:a1:b7:91 g0_s1:2 -> g1_s0:3
[2026-06-22 18:05:40] MAC FLAP de:f6:4d:4b:90:4b g0_s1:2 -> g1_s0:4
[2026-06-22 18:05:40] MAC FLAP 1a:4a:a3:63:c4:d4 g0_s0:2 -> g1_s0:3
[2026-06-22 18:05:40] MAC FLAP b2:7b:14:3f:6d:2e g0_s1:2 -> g1_s0:2
[2026-06-22 18:05:40] MAC FLAP 16:8b:d1:2e:12:b7 g2_s1:2 -> g1_s0:3
[2026-06-22 18:05:40] MAC FLAP ba:a3:f7:d5:25:ce g0_s1:2 -> g1_s0:4
[2026-06-22 18:05:40] MAC FLAP 86:e9:f9:a5:bf:8c g0_s1:2 -> g1_s0:4
[2026-06-22 18:05:40] MAC FLAP 92:e0:fa:df:41:3a g0_s1:2 -> g1_s0:1
[2026-06-22 18:05:40] MAC FLAP a6:08:49:a1:b7:91 g1_s0:3 -> g1_s1:2
[2026-06-22 18:05:40] MAC FLAP de:f6:4d:4b:90:4b g1_s0:4 -> g1_s1:2
[2026-06-22 18:05:40] MAC FLAP 1a:4a:a3:63:c4:d4 g1_s0:3 -> g1_s1:2
[2026-06-22 18:05:40] MAC FLAP 16:8b:d1:2e:12:b7 g1_s0:3 -> g1_s1:2
[2026-06-22 18:05:40] MAC FLAP ba:a3:f7:d5:25:ce g1_s0:4 -> g1_s1:2
[2026-06-22 18:05:40] MAC FLAP 86:e9:f9:a5:bf:8c g1_s0:4 -> g1_s1:2
[2026-06-22 18:05:40] MAC FLAP 92:e0:fa:df:41:3a g1_s0:1 -> g1_s1:2
[2026-06-22 18:05:40] MAC FLAP a6:08:49:a1:b7:91 g1_s1:2 -> g2_s0:3
[2026-06-22 18:05:40] MAC FLAP b2:7b:14:3f:6d:2e g1_s0:2 -> g2_s0:3
[2026-06-22 18:05:40] MAC FLAP 1a:4a:a3:63:c4:d4 g1_s1:2 -> g2_s0:3
[2026-06-22 18:05:40] MAC FLAP ba:a3:f7:d5:25:ce g1_s1:2 -> g2_s0:2
[2026-06-22 18:05:40] MAC FLAP 16:8b:d1:2e:12:b7 g1_s1:2 -> g2_s0:3
[2026-06-22 18:05:40] MAC FLAP 86:e9:f9:a5:bf:8c g1_s1:2 -> g2_s0:1
[2026-06-22 18:05:40] MAC FLAP aa:5a:ee:c6:d4:4d g2_s1:2 -> g2_s0:3
[2026-06-22 18:05:40] MAC FLAP 92:e0:fa:df:41:3a g1_s1:2 -> g2_s0:3
[2026-06-22 18:05:40] MAC FLAP a6:08:49:a1:b7:91 g2_s0:3 -> g2_s1:2
[2026-06-22 18:05:40] MAC FLAP 1a:4a:a3:63:c4:d4 g2_s0:3 -> g2_s1:2
[2026-06-22 18:05:40] MAC FLAP b2:7b:14:3f:6d:2e g2_s0:3 -> g2_s1:2
[2026-06-22 18:05:40] MAC FLAP 16:8b:d1:2e:12:b7 g2_s0:3 -> g2_s1:2
[2026-06-22 18:05:40] MAC FLAP 86:e9:f9:a5:bf:8c g2_s0:1 -> g2_s1:2
[2026-06-22 18:05:40] MAC FLAP 92:e0:fa:df:41:3a g2_s0:3 -> g2_s1:2
[2026-06-22 18:05:40] MAC FLAP aa:5a:ee:c6:d4:4d g2_s0:3 -> g2_s1:2
[2026-06-22 18:05:53] Baseline snapshot created (36 entries)
[2026-06-22 18:05:53] LEARNED a6:08:49:a1:b7:91 -> g0_s0:1
[2026-06-22 18:05:53] LEARNED 1a:4a:a3:63:c4:d4 -> g0_s0:2
[2026-06-22 18:05:53] LEARNED de:f6:4d:4b:90:4b -> g0_s0:3
[2026-06-22 18:05:53] LEARNED b2:7b:14:3f:6d:2e -> g0_s0:3
[2026-06-22 18:05:53] LEARNED ba:a3:f7:d5:25:ce -> g0_s0:3
[2026-06-22 18:05:53] LEARNED 86:e9:f9:a5:bf:8c -> g0_s0:3
[2026-06-22 18:05:53] LEARNED 92:e0:fa:df:41:3a -> g0_s0:3
[2026-06-22 18:05:53] LEARNED 46:9c:bc:ee:cf:25 -> g0_s0:3
[2026-06-22 18:05:53] LEARNED 9e:15:46:6f:0b:de -> g0_s0:2
[2026-06-22 18:05:53] MAC FLAP a6:08:49:a1:b7:91 g0_s0:1 -> g0_s1:2
[2026-06-22 18:05:53] MAC FLAP de:f6:4d:4b:90:4b g0_s0:3 -> g0_s1:2
[2026-06-22 18:05:53] MAC FLAP b2:7b:14:3f:6d:2e g0_s0:3 -> g0_s1:2
[2026-06-22 18:05:53] MAC FLAP ba:a3:f7:d5:25:ce g0_s0:3 -> g0_s1:2
[2026-06-22 18:05:53] MAC FLAP 86:e9:f9:a5:bf:8c g0_s0:3 -> g0_s1:2
[2026-06-22 18:05:53] MAC FLAP 92:e0:fa:df:41:3a g0_s0:3 -> g0_s1:2
[2026-06-22 18:05:53] MAC FLAP 46:9c:bc:ee:cf:25 g0_s0:3 -> g0_s1:2
[2026-06-22 18:05:53] MAC FLAP 9e:15:46:6f:0b:de g0_s0:2 -> g0_s1:1
[2026-06-22 18:05:53] LEARNED 86:6c:f6:0e:d0:c5 -> g0_s1:2
[2026-06-22 18:05:53] MAC FLAP a6:08:49:a1:b7:91 g0_s1:2 -> g1_s0:3
[2026-06-22 18:05:53] MAC FLAP de:f6:4d:4b:90:4b g0_s1:2 -> g1_s0:4
[2026-06-22 18:05:53] MAC FLAP 1a:4a:a3:63:c4:d4 g0_s0:2 -> g1_s0:3
[2026-06-22 18:05:53] MAC FLAP b2:7b:14:3f:6d:2e g0_s1:2 -> g1_s0:2
[2026-06-22 18:05:53] LEARNED 16:8b:d1:2e:12:b7 -> g1_s0:3
[2026-06-22 18:05:53] MAC FLAP ba:a3:f7:d5:25:ce g0_s1:2 -> g1_s0:4
[2026-06-22 18:05:53] MAC FLAP 86:e9:f9:a5:bf:8c g0_s1:2 -> g1_s0:4
[2026-06-22 18:05:53] MAC FLAP 92:e0:fa:df:41:3a g0_s1:2 -> g1_s0:1
[2026-06-22 18:05:53] MAC FLAP 9e:15:46:6f:0b:de g0_s1:1 -> g1_s0:3
[2026-06-22 18:05:53] MAC FLAP a6:08:49:a1:b7:91 g1_s0:3 -> g1_s1:2
[2026-06-22 18:05:53] MAC FLAP de:f6:4d:4b:90:4b g1_s0:4 -> g1_s1:2
[2026-06-22 18:05:53] LEARNED ae:61:7c:da:b1:a0 -> g1_s1:2
[2026-06-22 18:05:53] MAC FLAP 1a:4a:a3:63:c4:d4 g1_s0:3 -> g1_s1:2
[2026-06-22 18:05:53] MAC FLAP 16:8b:d1:2e:12:b7 g1_s0:3 -> g1_s1:2
[2026-06-22 18:05:53] MAC FLAP ba:a3:f7:d5:25:ce g1_s0:4 -> g1_s1:2
[2026-06-22 18:05:53] MAC FLAP 86:e9:f9:a5:bf:8c g1_s0:4 -> g1_s1:2
[2026-06-22 18:05:53] MAC FLAP 92:e0:fa:df:41:3a g1_s0:1 -> g1_s1:2
[2026-06-22 18:05:53] MAC FLAP 9e:15:46:6f:0b:de g1_s0:3 -> g1_s1:2
[2026-06-22 18:05:53] MAC FLAP a6:08:49:a1:b7:91 g1_s1:2 -> g2_s0:3
[2026-06-22 18:05:53] MAC FLAP b2:7b:14:3f:6d:2e g1_s0:2 -> g2_s0:3
[2026-06-22 18:05:53] MAC FLAP 1a:4a:a3:63:c4:d4 g1_s1:2 -> g2_s0:3
[2026-06-22 18:05:53] MAC FLAP ba:a3:f7:d5:25:ce g1_s1:2 -> g2_s0:2
[2026-06-22 18:05:53] MAC FLAP 16:8b:d1:2e:12:b7 g1_s1:2 -> g2_s0:3
[2026-06-22 18:05:53] MAC FLAP 86:e9:f9:a5:bf:8c g1_s1:2 -> g2_s0:1
[2026-06-22 18:05:53] LEARNED aa:5a:ee:c6:d4:4d -> g2_s0:3
[2026-06-22 18:05:53] MAC FLAP 92:e0:fa:df:41:3a g1_s1:2 -> g2_s0:3
[2026-06-22 18:05:53] MAC FLAP 9e:15:46:6f:0b:de g1_s1:2 -> g2_s0:3
[2026-06-22 18:05:53] MAC FLAP a6:08:49:a1:b7:91 g2_s0:3 -> g2_s1:2
[2026-06-22 18:05:53] LEARNED d2:54:f6:d0:65:f3 -> g2_s1:2
[2026-06-22 18:05:53] MAC FLAP 1a:4a:a3:63:c4:d4 g2_s0:3 -> g2_s1:2
[2026-06-22 18:05:53] MAC FLAP b2:7b:14:3f:6d:2e g2_s0:3 -> g2_s1:2
[2026-06-22 18:05:53] MAC FLAP 16:8b:d1:2e:12:b7 g2_s0:3 -> g2_s1:2
[2026-06-22 18:05:53] MAC FLAP 86:e9:f9:a5:bf:8c g2_s0:1 -> g2_s1:2
[2026-06-22 18:05:53] MAC FLAP 92:e0:fa:df:41:3a g2_s0:3 -> g2_s1:2
[2026-06-22 18:05:53] MAC FLAP aa:5a:ee:c6:d4:4d g2_s0:3 -> g2_s1:2
[2026-06-22 18:05:53] MAC FLAP 9e:15:46:6f:0b:de g2_s0:3 -> g2_s1:2
[2026-06-22 18:05:58] MAC FLAP a6:08:49:a1:b7:91 g2_s1:2 -> g0_s0:1
[2026-06-22 18:05:58] MAC FLAP 1a:4a:a3:63:c4:d4 g2_s1:2 -> g0_s0:2
[2026-06-22 18:05:58] MAC FLAP de:f6:4d:4b:90:4b g1_s1:2 -> g0_s0:3
[2026-06-22 18:05:58] MAC FLAP b2:7b:14:3f:6d:2e g2_s1:2 -> g0_s0:3
[2026-06-22 18:05:58] MAC FLAP ba:a3:f7:d5:25:ce g2_s0:2 -> g0_s0:3
[2026-06-22 18:05:58] MAC FLAP 86:e9:f9:a5:bf:8c g2_s1:2 -> g0_s0:3
[2026-06-22 18:05:58] MAC FLAP 92:e0:fa:df:41:3a g2_s1:2 -> g0_s0:3
[2026-06-22 18:05:58] MAC FLAP 46:9c:bc:ee:cf:25 g0_s1:2 -> g0_s0:3
[2026-06-22 18:05:58] MAC FLAP 9e:15:46:6f:0b:de g2_s1:2 -> g0_s0:2
[2026-06-22 18:05:58] MAC FLAP a6:08:49:a1:b7:91 g0_s0:1 -> g0_s1:2
[2026-06-22 18:05:58] MAC FLAP de:f6:4d:4b:90:4b g0_s0:3 -> g0_s1:2
[2026-06-22 18:05:58] MAC FLAP b2:7b:14:3f:6d:2e g0_s0:3 -> g0_s1:2
[2026-06-22 18:05:58] MAC FLAP ba:a3:f7:d5:25:ce g0_s0:3 -> g0_s1:2
[2026-06-22 18:05:58] MAC FLAP 86:e9:f9:a5:bf:8c g0_s0:3 -> g0_s1:2
[2026-06-22 18:05:58] MAC FLAP 92:e0:fa:df:41:3a g0_s0:3 -> g0_s1:2
[2026-06-22 18:05:58] MAC FLAP 46:9c:bc:ee:cf:25 g0_s0:3 -> g0_s1:2
[2026-06-22 18:05:58] MAC FLAP 9e:15:46:6f:0b:de g0_s0:2 -> g0_s1:1
[2026-06-22 18:05:58] MAC FLAP a6:08:49:a1:b7:91 g0_s1:2 -> g1_s0:3
[2026-06-22 18:05:58] MAC FLAP de:f6:4d:4b:90:4b g0_s1:2 -> g1_s0:4
[2026-06-22 18:05:58] MAC FLAP 1a:4a:a3:63:c4:d4 g0_s0:2 -> g1_s0:3
[2026-06-22 18:05:58] MAC FLAP b2:7b:14:3f:6d:2e g0_s1:2 -> g1_s0:2
[2026-06-22 18:05:58] MAC FLAP 16:8b:d1:2e:12:b7 g2_s1:2 -> g1_s0:3
[2026-06-22 18:05:58] MAC FLAP ba:a3:f7:d5:25:ce g0_s1:2 -> g1_s0:4
[2026-06-22 18:05:58] MAC FLAP 86:e9:f9:a5:bf:8c g0_s1:2 -> g1_s0:4
[2026-06-22 18:05:58] MAC FLAP 92:e0:fa:df:41:3a g0_s1:2 -> g1_s0:1
[2026-06-22 18:05:58] MAC FLAP 9e:15:46:6f:0b:de g0_s1:1 -> g1_s0:3
[2026-06-22 18:05:58] MAC FLAP a6:08:49:a1:b7:91 g1_s0:3 -> g1_s1:2
[2026-06-22 18:05:58] MAC FLAP de:f6:4d:4b:90:4b g1_s0:4 -> g1_s1:2
[2026-06-22 18:05:58] MAC FLAP 1a:4a:a3:63:c4:d4 g1_s0:3 -> g1_s1:2
[2026-06-22 18:05:58] MAC FLAP 16:8b:d1:2e:12:b7 g1_s0:3 -> g1_s1:2
[2026-06-22 18:05:58] MAC FLAP ba:a3:f7:d5:25:ce g1_s0:4 -> g1_s1:2
[2026-06-22 18:05:58] MAC FLAP 86:e9:f9:a5:bf:8c g1_s0:4 -> g1_s1:2
[2026-06-22 18:05:58] MAC FLAP 92:e0:fa:df:41:3a g1_s0:1 -> g1_s1:2
[2026-06-22 18:05:58] MAC FLAP 9e:15:46:6f:0b:de g1_s0:3 -> g1_s1:2
[2026-06-22 18:05:58] MAC FLAP a6:08:49:a1:b7:91 g1_s1:2 -> g2_s0:3
[2026-06-22 18:05:58] MAC FLAP b2:7b:14:3f:6d:2e g1_s0:2 -> g2_s0:3
[2026-06-22 18:05:58] MAC FLAP 1a:4a:a3:63:c4:d4 g1_s1:2 -> g2_s0:3
[2026-06-22 18:05:58] MAC FLAP ba:a3:f7:d5:25:ce g1_s1:2 -> g2_s0:2
[2026-06-22 18:05:58] MAC FLAP 16:8b:d1:2e:12:b7 g1_s1:2 -> g2_s0:3
[2026-06-22 18:05:58] MAC FLAP 86:e9:f9:a5:bf:8c g1_s1:2 -> g2_s0:1
[2026-06-22 18:05:58] MAC FLAP aa:5a:ee:c6:d4:4d g2_s1:2 -> g2_s0:3
[2026-06-22 18:05:58] MAC FLAP 92:e0:fa:df:41:3a g1_s1:2 -> g2_s0:3
[2026-06-22 18:05:58] MAC FLAP 9e:15:46:6f:0b:de g1_s1:2 -> g2_s0:3
[2026-06-22 18:05:58] MAC FLAP a6:08:49:a1:b7:91 g2_s0:3 -> g2_s1:2
[2026-06-22 18:05:58] MAC FLAP 1a:4a:a3:63:c4:d4 g2_s0:3 -> g2_s1:2
[2026-06-22 18:05:58] MAC FLAP b2:7b:14:3f:6d:2e g2_s0:3 -> g2_s1:2
[2026-06-22 18:05:58] MAC FLAP 16:8b:d1:2e:12:b7 g2_s0:3 -> g2_s1:2
[2026-06-22 18:05:58] MAC FLAP 86:e9:f9:a5:bf:8c g2_s0:1 -> g2_s1:2
[2026-06-22 18:05:58] MAC FLAP 92:e0:fa:df:41:3a g2_s0:3 -> g2_s1:2
[2026-06-22 18:05:58] MAC FLAP aa:5a:ee:c6:d4:4d g2_s0:3 -> g2_s1:2
[2026-06-22 18:05:58] MAC FLAP 9e:15:46:6f:0b:de g2_s0:3 -> g2_s1:2
[2026-06-22 18:06:04] MAC FLAP a6:08:49:a1:b7:91 g2_s1:2 -> g0_s0:1
[2026-06-22 18:06:04] MAC FLAP 1a:4a:a3:63:c4:d4 g2_s1:2 -> g0_s0:2
[2026-06-22 18:06:04] MAC FLAP de:f6:4d:4b:90:4b g1_s1:2 -> g0_s0:3
[2026-06-22 18:06:04] MAC FLAP b2:7b:14:3f:6d:2e g2_s1:2 -> g0_s0:3
[2026-06-22 18:06:04] MAC FLAP ba:a3:f7:d5:25:ce g2_s0:2 -> g0_s0:3
[2026-06-22 18:06:04] MAC FLAP 86:e9:f9:a5:bf:8c g2_s1:2 -> g0_s0:3
[2026-06-22 18:06:04] MAC FLAP 92:e0:fa:df:41:3a g2_s1:2 -> g0_s0:3
[2026-06-22 18:06:04] MAC FLAP 46:9c:bc:ee:cf:25 g0_s1:2 -> g0_s0:3
[2026-06-22 18:06:04] MAC FLAP 9e:15:46:6f:0b:de g2_s1:2 -> g0_s0:2
[2026-06-22 18:06:04] MAC FLAP a6:08:49:a1:b7:91 g0_s0:1 -> g0_s1:2
[2026-06-22 18:06:04] MAC FLAP de:f6:4d:4b:90:4b g0_s0:3 -> g0_s1:2
[2026-06-22 18:06:04] MAC FLAP b2:7b:14:3f:6d:2e g0_s0:3 -> g0_s1:2
[2026-06-22 18:06:04] MAC FLAP ba:a3:f7:d5:25:ce g0_s0:3 -> g0_s1:2
[2026-06-22 18:06:04] MAC FLAP 86:e9:f9:a5:bf:8c g0_s0:3 -> g0_s1:2
[2026-06-22 18:06:04] MAC FLAP 92:e0:fa:df:41:3a g0_s0:3 -> g0_s1:2
[2026-06-22 18:06:04] MAC FLAP 46:9c:bc:ee:cf:25 g0_s0:3 -> g0_s1:2
[2026-06-22 18:06:04] MAC FLAP 9e:15:46:6f:0b:de g0_s0:2 -> g0_s1:1
[2026-06-22 18:06:04] MAC FLAP a6:08:49:a1:b7:91 g0_s1:2 -> g1_s0:3
[2026-06-22 18:06:04] MAC FLAP de:f6:4d:4b:90:4b g0_s1:2 -> g1_s0:4
[2026-06-22 18:06:04] MAC FLAP 1a:4a:a3:63:c4:d4 g0_s0:2 -> g1_s0:3
[2026-06-22 18:06:04] MAC FLAP b2:7b:14:3f:6d:2e g0_s1:2 -> g1_s0:2
[2026-06-22 18:06:04] MAC FLAP 16:8b:d1:2e:12:b7 g2_s1:2 -> g1_s0:3
[2026-06-22 18:06:04] MAC FLAP ba:a3:f7:d5:25:ce g0_s1:2 -> g1_s0:4
[2026-06-22 18:06:04] MAC FLAP 86:e9:f9:a5:bf:8c g0_s1:2 -> g1_s0:4
[2026-06-22 18:06:04] MAC FLAP 92:e0:fa:df:41:3a g0_s1:2 -> g1_s0:1
[2026-06-22 18:06:04] MAC FLAP 9e:15:46:6f:0b:de g0_s1:1 -> g1_s0:3
[2026-06-22 18:06:04] MAC FLAP a6:08:49:a1:b7:91 g1_s0:3 -> g1_s1:2
[2026-06-22 18:06:04] MAC FLAP de:f6:4d:4b:90:4b g1_s0:4 -> g1_s1:2
[2026-06-22 18:06:04] MAC FLAP 1a:4a:a3:63:c4:d4 g1_s0:3 -> g1_s1:2
[2026-06-22 18:06:04] MAC FLAP 16:8b:d1:2e:12:b7 g1_s0:3 -> g1_s1:2
[2026-06-22 18:06:04] MAC FLAP ba:a3:f7:d5:25:ce g1_s0:4 -> g1_s1:2
[2026-06-22 18:06:04] MAC FLAP 86:e9:f9:a5:bf:8c g1_s0:4 -> g1_s1:2
[2026-06-22 18:06:04] MAC FLAP 92:e0:fa:df:41:3a g1_s0:1 -> g1_s1:2
[2026-06-22 18:06:04] MAC FLAP 9e:15:46:6f:0b:de g1_s0:3 -> g1_s1:2
[2026-06-22 18:06:04] MAC FLAP a6:08:49:a1:b7:91 g1_s1:2 -> g2_s0:3
[2026-06-22 18:06:04] MAC FLAP b2:7b:14:3f:6d:2e g1_s0:2 -> g2_s0:3
[2026-06-22 18:06:04] MAC FLAP 1a:4a:a3:63:c4:d4 g1_s1:2 -> g2_s0:3
[2026-06-22 18:06:04] MAC FLAP ba:a3:f7:d5:25:ce g1_s1:2 -> g2_s0:2
[2026-06-22 18:06:04] MAC FLAP 16:8b:d1:2e:12:b7 g1_s1:2 -> g2_s0:3
[2026-06-22 18:06:04] MAC FLAP 86:e9:f9:a5:bf:8c g1_s1:2 -> g2_s0:1
[2026-06-22 18:06:04] MAC FLAP aa:5a:ee:c6:d4:4d g2_s1:2 -> g2_s0:3
[2026-06-22 18:06:04] MAC FLAP 92:e0:fa:df:41:3a g1_s1:2 -> g2_s0:3
[2026-06-22 18:06:04] MAC FLAP 9e:15:46:6f:0b:de g1_s1:2 -> g2_s0:3
[2026-06-22 18:06:04] MAC FLAP a6:08:49:a1:b7:91 g2_s0:3 -> g2_s1:2
[2026-06-22 18:06:04] MAC FLAP 1a:4a:a3:63:c4:d4 g2_s0:3 -> g2_s1:2
[2026-06-22 18:06:04] MAC FLAP b2:7b:14:3f:6d:2e g2_s0:3 -> g2_s1:2
[2026-06-22 18:06:04] MAC FLAP 16:8b:d1:2e:12:b7 g2_s0:3 -> g2_s1:2
[2026-06-22 18:06:04] MAC FLAP 86:e9:f9:a5:bf:8c g2_s0:1 -> g2_s1:2
[2026-06-22 18:06:04] MAC FLAP 92:e0:fa:df:41:3a g2_s0:3 -> g2_s1:2
[2026-06-22 18:06:04] MAC FLAP aa:5a:ee:c6:d4:4d g2_s0:3 -> g2_s1:2
[2026-06-22 18:06:04] MAC FLAP 9e:15:46:6f:0b:de g2_s0:3 -> g2_s1:2
[2026-06-22 18:06:09] MAC FLAP a6:08:49:a1:b7:91 g2_s1:2 -> g0_s0:1
[2026-06-22 18:06:09] MAC FLAP de:f6:4d:4b:90:4b g1_s1:2 -> g0_s0:3
[2026-06-22 18:06:09] MAC FLAP b2:7b:14:3f:6d:2e g2_s1:2 -> g0_s0:3
[2026-06-22 18:06:09] MAC FLAP ba:a3:f7:d5:25:ce g2_s0:2 -> g0_s0:3
[2026-06-22 18:06:09] MAC FLAP 86:e9:f9:a5:bf:8c g2_s1:2 -> g0_s0:3
[2026-06-22 18:06:09] MAC FLAP 92:e0:fa:df:41:3a g2_s1:2 -> g0_s0:3
[2026-06-22 18:06:09] MAC FLAP 46:9c:bc:ee:cf:25 g0_s1:2 -> g0_s0:3
[2026-06-22 18:06:09] MAC FLAP 9e:15:46:6f:0b:de g2_s1:2 -> g0_s0:2
[2026-06-22 18:06:09] MAC FLAP 1a:4a:a3:63:c4:d4 g2_s1:2 -> g0_s0:2
[2026-06-22 18:06:09] MAC FLAP a6:08:49:a1:b7:91 g0_s0:1 -> g0_s1:2
[2026-06-22 18:06:09] MAC FLAP de:f6:4d:4b:90:4b g0_s0:3 -> g0_s1:2
[2026-06-22 18:06:09] MAC FLAP b2:7b:14:3f:6d:2e g0_s0:3 -> g0_s1:2
[2026-06-22 18:06:09] MAC FLAP ba:a3:f7:d5:25:ce g0_s0:3 -> g0_s1:2
[2026-06-22 18:06:09] MAC FLAP 86:e9:f9:a5:bf:8c g0_s0:3 -> g0_s1:2
[2026-06-22 18:06:09] MAC FLAP 92:e0:fa:df:41:3a g0_s0:3 -> g0_s1:2
[2026-06-22 18:06:09] MAC FLAP 46:9c:bc:ee:cf:25 g0_s0:3 -> g0_s1:2
[2026-06-22 18:06:09] MAC FLAP 9e:15:46:6f:0b:de g0_s0:2 -> g0_s1:1
[2026-06-22 18:06:09] MAC FLAP a6:08:49:a1:b7:91 g0_s1:2 -> g1_s0:3
[2026-06-22 18:06:09] MAC FLAP de:f6:4d:4b:90:4b g0_s1:2 -> g1_s0:4
[2026-06-22 18:06:09] MAC FLAP b2:7b:14:3f:6d:2e g0_s1:2 -> g1_s0:2
[2026-06-22 18:06:09] MAC FLAP 16:8b:d1:2e:12:b7 g2_s1:2 -> g1_s0:3
[2026-06-22 18:06:09] MAC FLAP ba:a3:f7:d5:25:ce g0_s1:2 -> g1_s0:4
[2026-06-22 18:06:09] MAC FLAP 86:e9:f9:a5:bf:8c g0_s1:2 -> g1_s0:4
[2026-06-22 18:06:09] MAC FLAP 92:e0:fa:df:41:3a g0_s1:2 -> g1_s0:1
[2026-06-22 18:06:09] MAC FLAP 9e:15:46:6f:0b:de g0_s1:1 -> g1_s0:3
[2026-06-22 18:06:09] MAC FLAP 1a:4a:a3:63:c4:d4 g0_s0:2 -> g1_s0:3
[2026-06-22 18:06:09] MAC FLAP a6:08:49:a1:b7:91 g1_s0:3 -> g1_s1:2
[2026-06-22 18:06:09] MAC FLAP de:f6:4d:4b:90:4b g1_s0:4 -> g1_s1:2
[2026-06-22 18:06:09] MAC FLAP 16:8b:d1:2e:12:b7 g1_s0:3 -> g1_s1:2
[2026-06-22 18:06:09] MAC FLAP ba:a3:f7:d5:25:ce g1_s0:4 -> g1_s1:2
[2026-06-22 18:06:09] MAC FLAP 86:e9:f9:a5:bf:8c g1_s0:4 -> g1_s1:2
[2026-06-22 18:06:09] MAC FLAP 92:e0:fa:df:41:3a g1_s0:1 -> g1_s1:2
[2026-06-22 18:06:09] MAC FLAP 9e:15:46:6f:0b:de g1_s0:3 -> g1_s1:2
[2026-06-22 18:06:09] MAC FLAP 1a:4a:a3:63:c4:d4 g1_s0:3 -> g1_s1:2
[2026-06-22 18:06:09] MAC FLAP a6:08:49:a1:b7:91 g1_s1:2 -> g2_s0:3
[2026-06-22 18:06:09] MAC FLAP b2:7b:14:3f:6d:2e g1_s0:2 -> g2_s0:3
[2026-06-22 18:06:09] MAC FLAP ba:a3:f7:d5:25:ce g1_s1:2 -> g2_s0:2
[2026-06-22 18:06:09] MAC FLAP 16:8b:d1:2e:12:b7 g1_s1:2 -> g2_s0:3
[2026-06-22 18:06:09] MAC FLAP 86:e9:f9:a5:bf:8c g1_s1:2 -> g2_s0:1
[2026-06-22 18:06:09] MAC FLAP aa:5a:ee:c6:d4:4d g2_s1:2 -> g2_s0:3
[2026-06-22 18:06:09] MAC FLAP 92:e0:fa:df:41:3a g1_s1:2 -> g2_s0:3
[2026-06-22 18:06:09] MAC FLAP 9e:15:46:6f:0b:de g1_s1:2 -> g2_s0:3
[2026-06-22 18:06:09] MAC FLAP 1a:4a:a3:63:c4:d4 g1_s1:2 -> g2_s0:3
[2026-06-22 18:06:09] MAC FLAP a6:08:49:a1:b7:91 g2_s0:3 -> g2_s1:2
[2026-06-22 18:06:09] MAC FLAP b2:7b:14:3f:6d:2e g2_s0:3 -> g2_s1:2
[2026-06-22 18:06:09] MAC FLAP 16:8b:d1:2e:12:b7 g2_s0:3 -> g2_s1:2
[2026-06-22 18:06:09] MAC FLAP 86:e9:f9:a5:bf:8c g2_s0:1 -> g2_s1:2
[2026-06-22 18:06:09] MAC FLAP 92:e0:fa:df:41:3a g2_s0:3 -> g2_s1:2
[2026-06-22 18:06:09] MAC FLAP aa:5a:ee:c6:d4:4d g2_s0:3 -> g2_s1:2
[2026-06-22 18:06:09] MAC FLAP 9e:15:46:6f:0b:de g2_s0:3 -> g2_s1:2
[2026-06-22 18:06:09] MAC FLAP 1a:4a:a3:63:c4:d4 g2_s0:3 -> g2_s1:2
[2026-06-22 18:06:14] MAC FLAP a6:08:49:a1:b7:91 g2_s1:2 -> g0_s0:1
[2026-06-22 18:06:14] MAC FLAP de:f6:4d:4b:90:4b g1_s1:2 -> g0_s0:3
[2026-06-22 18:06:14] MAC FLAP b2:7b:14:3f:6d:2e g2_s1:2 -> g0_s0:3
[2026-06-22 18:06:14] MAC FLAP ba:a3:f7:d5:25:ce g2_s0:2 -> g0_s0:3
[2026-06-22 18:06:14] MAC FLAP 86:e9:f9:a5:bf:8c g2_s1:2 -> g0_s0:3
[2026-06-22 18:06:14] MAC FLAP 92:e0:fa:df:41:3a g2_s1:2 -> g0_s0:3
[2026-06-22 18:06:14] MAC FLAP 46:9c:bc:ee:cf:25 g0_s1:2 -> g0_s0:3
[2026-06-22 18:06:14] MAC FLAP 9e:15:46:6f:0b:de g2_s1:2 -> g0_s0:2
[2026-06-22 18:06:14] MAC FLAP 1a:4a:a3:63:c4:d4 g2_s1:2 -> g0_s0:2
[2026-06-22 18:06:14] MAC FLAP a6:08:49:a1:b7:91 g0_s0:1 -> g0_s1:2
[2026-06-22 18:06:14] MAC FLAP de:f6:4d:4b:90:4b g0_s0:3 -> g0_s1:2
[2026-06-22 18:06:14] MAC FLAP b2:7b:14:3f:6d:2e g0_s0:3 -> g0_s1:2
[2026-06-22 18:06:14] MAC FLAP ba:a3:f7:d5:25:ce g0_s0:3 -> g0_s1:2
[2026-06-22 18:06:14] MAC FLAP 86:e9:f9:a5:bf:8c g0_s0:3 -> g0_s1:2
[2026-06-22 18:06:14] MAC FLAP 92:e0:fa:df:41:3a g0_s0:3 -> g0_s1:2
[2026-06-22 18:06:14] MAC FLAP 46:9c:bc:ee:cf:25 g0_s0:3 -> g0_s1:2
[2026-06-22 18:06:14] MAC FLAP 9e:15:46:6f:0b:de g0_s0:2 -> g0_s1:1
[2026-06-22 18:06:14] MAC FLAP a6:08:49:a1:b7:91 g0_s1:2 -> g1_s0:3
[2026-06-22 18:06:14] MAC FLAP de:f6:4d:4b:90:4b g0_s1:2 -> g1_s0:4
[2026-06-22 18:06:14] MAC FLAP b2:7b:14:3f:6d:2e g0_s1:2 -> g1_s0:2
[2026-06-22 18:06:14] MAC FLAP 16:8b:d1:2e:12:b7 g2_s1:2 -> g1_s0:3
[2026-06-22 18:06:14] MAC FLAP ba:a3:f7:d5:25:ce g0_s1:2 -> g1_s0:4
[2026-06-22 18:06:14] MAC FLAP 86:e9:f9:a5:bf:8c g0_s1:2 -> g1_s0:4
[2026-06-22 18:06:14] MAC FLAP 92:e0:fa:df:41:3a g0_s1:2 -> g1_s0:1
[2026-06-22 18:06:14] MAC FLAP 9e:15:46:6f:0b:de g0_s1:1 -> g1_s0:3
[2026-06-22 18:06:14] MAC FLAP 1a:4a:a3:63:c4:d4 g0_s0:2 -> g1_s0:3
[2026-06-22 18:06:14] MAC FLAP a6:08:49:a1:b7:91 g1_s0:3 -> g1_s1:2
[2026-06-22 18:06:14] MAC FLAP de:f6:4d:4b:90:4b g1_s0:4 -> g1_s1:2
[2026-06-22 18:06:14] MAC FLAP 16:8b:d1:2e:12:b7 g1_s0:3 -> g1_s1:2
[2026-06-22 18:06:14] MAC FLAP ba:a3:f7:d5:25:ce g1_s0:4 -> g1_s1:2
[2026-06-22 18:06:14] MAC FLAP 86:e9:f9:a5:bf:8c g1_s0:4 -> g1_s1:2
[2026-06-22 18:06:14] MAC FLAP 92:e0:fa:df:41:3a g1_s0:1 -> g1_s1:2
[2026-06-22 18:06:14] MAC FLAP 9e:15:46:6f:0b:de g1_s0:3 -> g1_s1:2
[2026-06-22 18:06:14] MAC FLAP 1a:4a:a3:63:c4:d4 g1_s0:3 -> g1_s1:2
[2026-06-22 18:06:14] MAC FLAP a6:08:49:a1:b7:91 g1_s1:2 -> g2_s0:3
[2026-06-22 18:06:14] MAC FLAP b2:7b:14:3f:6d:2e g1_s0:2 -> g2_s0:3
[2026-06-22 18:06:14] MAC FLAP ba:a3:f7:d5:25:ce g1_s1:2 -> g2_s0:2
[2026-06-22 18:06:14] MAC FLAP 16:8b:d1:2e:12:b7 g1_s1:2 -> g2_s0:3
[2026-06-22 18:06:14] MAC FLAP 86:e9:f9:a5:bf:8c g1_s1:2 -> g2_s0:1
[2026-06-22 18:06:14] MAC FLAP aa:5a:ee:c6:d4:4d g2_s1:2 -> g2_s0:3
[2026-06-22 18:06:14] MAC FLAP 92:e0:fa:df:41:3a g1_s1:2 -> g2_s0:3
[2026-06-22 18:06:14] MAC FLAP 9e:15:46:6f:0b:de g1_s1:2 -> g2_s0:3
[2026-06-22 18:06:14] MAC FLAP 1a:4a:a3:63:c4:d4 g1_s1:2 -> g2_s0:3
[2026-06-22 18:06:14] MAC FLAP a6:08:49:a1:b7:91 g2_s0:3 -> g2_s1:2
[2026-06-22 18:06:14] MAC FLAP b2:7b:14:3f:6d:2e g2_s0:3 -> g2_s1:2
[2026-06-22 18:06:14] MAC FLAP 16:8b:d1:2e:12:b7 g2_s0:3 -> g2_s1:2
[2026-06-22 18:06:14] MAC FLAP 86:e9:f9:a5:bf:8c g2_s0:1 -> g2_s1:2
[2026-06-22 18:06:14] MAC FLAP 92:e0:fa:df:41:3a g2_s0:3 -> g2_s1:2
[2026-06-22 18:06:14] MAC FLAP aa:5a:ee:c6:d4:4d g2_s0:3 -> g2_s1:2
[2026-06-22 18:06:14] MAC FLAP 9e:15:46:6f:0b:de g2_s0:3 -> g2_s1:2
[2026-06-22 18:06:14] MAC FLAP 1a:4a:a3:63:c4:d4 g2_s0:3 -> g2_s1:2
[2026-06-22 18:06:19] MAC FLAP a6:08:49:a1:b7:91 g2_s1:2 -> g0_s0:1
[2026-06-22 18:06:19] MAC FLAP de:f6:4d:4b:90:4b g1_s1:2 -> g0_s0:3
[2026-06-22 18:06:20] MAC FLAP b2:7b:14:3f:6d:2e g2_s1:2 -> g0_s0:3
[2026-06-22 18:06:20] MAC FLAP ba:a3:f7:d5:25:ce g2_s0:2 -> g0_s0:3
[2026-06-22 18:06:20] MAC FLAP 86:e9:f9:a5:bf:8c g2_s1:2 -> g0_s0:3
[2026-06-22 18:06:20] MAC FLAP 92:e0:fa:df:41:3a g2_s1:2 -> g0_s0:3
[2026-06-22 18:06:20] MAC FLAP 46:9c:bc:ee:cf:25 g0_s1:2 -> g0_s0:3
[2026-06-22 18:06:20] MAC FLAP 9e:15:46:6f:0b:de g2_s1:2 -> g0_s0:2
[2026-06-22 18:06:20] MAC FLAP 1a:4a:a3:63:c4:d4 g2_s1:2 -> g0_s0:2
[2026-06-22 18:06:20] MAC FLAP a6:08:49:a1:b7:91 g0_s0:1 -> g0_s1:2
[2026-06-22 18:06:20] MAC FLAP de:f6:4d:4b:90:4b g0_s0:3 -> g0_s1:2
[2026-06-22 18:06:20] MAC FLAP b2:7b:14:3f:6d:2e g0_s0:3 -> g0_s1:2
[2026-06-22 18:06:20] MAC FLAP ba:a3:f7:d5:25:ce g0_s0:3 -> g0_s1:2
[2026-06-22 18:06:20] MAC FLAP 86:e9:f9:a5:bf:8c g0_s0:3 -> g0_s1:2
[2026-06-22 18:06:20] MAC FLAP 92:e0:fa:df:41:3a g0_s0:3 -> g0_s1:2
[2026-06-22 18:06:20] MAC FLAP 46:9c:bc:ee:cf:25 g0_s0:3 -> g0_s1:2
[2026-06-22 18:06:20] MAC FLAP 9e:15:46:6f:0b:de g0_s0:2 -> g0_s1:1
[2026-06-22 18:06:20] MAC FLAP a6:08:49:a1:b7:91 g0_s1:2 -> g1_s0:3
[2026-06-22 18:06:20] MAC FLAP de:f6:4d:4b:90:4b g0_s1:2 -> g1_s0:4
[2026-06-22 18:06:20] MAC FLAP b2:7b:14:3f:6d:2e g0_s1:2 -> g1_s0:2
[2026-06-22 18:06:20] MAC FLAP 16:8b:d1:2e:12:b7 g2_s1:2 -> g1_s0:3
[2026-06-22 18:06:20] MAC FLAP ba:a3:f7:d5:25:ce g0_s1:2 -> g1_s0:4
[2026-06-22 18:06:20] MAC FLAP 86:e9:f9:a5:bf:8c g0_s1:2 -> g1_s0:4
[2026-06-22 18:06:20] MAC FLAP 92:e0:fa:df:41:3a g0_s1:2 -> g1_s0:1
[2026-06-22 18:06:20] MAC FLAP 9e:15:46:6f:0b:de g0_s1:1 -> g1_s0:3
[2026-06-22 18:06:20] MAC FLAP 1a:4a:a3:63:c4:d4 g0_s0:2 -> g1_s0:3
[2026-06-22 18:06:20] MAC FLAP a6:08:49:a1:b7:91 g1_s0:3 -> g1_s1:2
[2026-06-22 18:06:20] MAC FLAP de:f6:4d:4b:90:4b g1_s0:4 -> g1_s1:2
[2026-06-22 18:06:20] MAC FLAP 16:8b:d1:2e:12:b7 g1_s0:3 -> g1_s1:2
[2026-06-22 18:06:20] MAC FLAP ba:a3:f7:d5:25:ce g1_s0:4 -> g1_s1:2
[2026-06-22 18:06:20] MAC FLAP 86:e9:f9:a5:bf:8c g1_s0:4 -> g1_s1:2
[2026-06-22 18:06:20] MAC FLAP 92:e0:fa:df:41:3a g1_s0:1 -> g1_s1:2
[2026-06-22 18:06:20] MAC FLAP 9e:15:46:6f:0b:de g1_s0:3 -> g1_s1:2
[2026-06-22 18:06:20] MAC FLAP 1a:4a:a3:63:c4:d4 g1_s0:3 -> g1_s1:2
[2026-06-22 18:06:20] MAC FLAP a6:08:49:a1:b7:91 g1_s1:2 -> g2_s0:3
[2026-06-22 18:06:20] MAC FLAP b2:7b:14:3f:6d:2e g1_s0:2 -> g2_s0:3
[2026-06-22 18:06:20] MAC FLAP ba:a3:f7:d5:25:ce g1_s1:2 -> g2_s0:2
[2026-06-22 18:06:20] MAC FLAP 16:8b:d1:2e:12:b7 g1_s1:2 -> g2_s0:3
[2026-06-22 18:06:20] MAC FLAP 86:e9:f9:a5:bf:8c g1_s1:2 -> g2_s0:1
[2026-06-22 18:06:20] MAC FLAP aa:5a:ee:c6:d4:4d g2_s1:2 -> g2_s0:3
[2026-06-22 18:06:20] MAC FLAP 92:e0:fa:df:41:3a g1_s1:2 -> g2_s0:3
[2026-06-22 18:06:20] MAC FLAP 9e:15:46:6f:0b:de g1_s1:2 -> g2_s0:3
[2026-06-22 18:06:20] MAC FLAP 1a:4a:a3:63:c4:d4 g1_s1:2 -> g2_s0:3
[2026-06-22 18:06:20] MAC FLAP a6:08:49:a1:b7:91 g2_s0:3 -> g2_s1:2
[2026-06-22 18:06:20] MAC FLAP b2:7b:14:3f:6d:2e g2_s0:3 -> g2_s1:2
[2026-06-22 18:06:20] MAC FLAP 16:8b:d1:2e:12:b7 g2_s0:3 -> g2_s1:2
[2026-06-22 18:06:20] MAC FLAP 86:e9:f9:a5:bf:8c g2_s0:1 -> g2_s1:2
[2026-06-22 18:06:20] MAC FLAP 92:e0:fa:df:41:3a g2_s0:3 -> g2_s1:2
[2026-06-22 18:06:20] MAC FLAP aa:5a:ee:c6:d4:4d g2_s0:3 -> g2_s1:2
[2026-06-22 18:06:20] MAC FLAP 9e:15:46:6f:0b:de g2_s0:3 -> g2_s1:2
[2026-06-22 18:06:20] MAC FLAP 1a:4a:a3:63:c4:d4 g2_s0:3 -> g2_s1:2
[2026-06-22 18:06:25] MAC FLAP a6:08:49:a1:b7:91 g2_s1:2 -> g0_s0:1
[2026-06-22 18:06:25] MAC FLAP de:f6:4d:4b:90:4b g1_s1:2 -> g0_s0:3
[2026-06-22 18:06:25] MAC FLAP b2:7b:14:3f:6d:2e g2_s1:2 -> g0_s0:3
[2026-06-22 18:06:25] MAC FLAP ba:a3:f7:d5:25:ce g2_s0:2 -> g0_s0:3
[2026-06-22 18:06:25] MAC FLAP 86:e9:f9:a5:bf:8c g2_s1:2 -> g0_s0:3
[2026-06-22 18:06:25] MAC FLAP 92:e0:fa:df:41:3a g2_s1:2 -> g0_s0:3
[2026-06-22 18:06:25] MAC FLAP 46:9c:bc:ee:cf:25 g0_s1:2 -> g0_s0:3
[2026-06-22 18:06:25] MAC FLAP 9e:15:46:6f:0b:de g2_s1:2 -> g0_s0:2
[2026-06-22 18:06:25] MAC FLAP 1a:4a:a3:63:c4:d4 g2_s1:2 -> g0_s0:2
[2026-06-22 18:06:25] MAC FLAP a6:08:49:a1:b7:91 g0_s0:1 -> g0_s1:2
[2026-06-22 18:06:25] MAC FLAP de:f6:4d:4b:90:4b g0_s0:3 -> g0_s1:2
[2026-06-22 18:06:25] MAC FLAP b2:7b:14:3f:6d:2e g0_s0:3 -> g0_s1:2
[2026-06-22 18:06:25] MAC FLAP ba:a3:f7:d5:25:ce g0_s0:3 -> g0_s1:2
[2026-06-22 18:06:25] MAC FLAP 86:e9:f9:a5:bf:8c g0_s0:3 -> g0_s1:2
[2026-06-22 18:06:25] MAC FLAP 92:e0:fa:df:41:3a g0_s0:3 -> g0_s1:2
[2026-06-22 18:06:25] MAC FLAP 46:9c:bc:ee:cf:25 g0_s0:3 -> g0_s1:2
[2026-06-22 18:06:25] MAC FLAP 9e:15:46:6f:0b:de g0_s0:2 -> g0_s1:1
[2026-06-22 18:06:25] MAC FLAP a6:08:49:a1:b7:91 g0_s1:2 -> g1_s0:3
[2026-06-22 18:06:25] MAC FLAP de:f6:4d:4b:90:4b g0_s1:2 -> g1_s0:4
[2026-06-22 18:06:25] MAC FLAP b2:7b:14:3f:6d:2e g0_s1:2 -> g1_s0:2
[2026-06-22 18:06:25] MAC FLAP 16:8b:d1:2e:12:b7 g2_s1:2 -> g1_s0:3
[2026-06-22 18:06:25] MAC FLAP ba:a3:f7:d5:25:ce g0_s1:2 -> g1_s0:4
[2026-06-22 18:06:25] MAC FLAP 86:e9:f9:a5:bf:8c g0_s1:2 -> g1_s0:4
[2026-06-22 18:06:25] MAC FLAP 92:e0:fa:df:41:3a g0_s1:2 -> g1_s0:1
[2026-06-22 18:06:25] MAC FLAP 9e:15:46:6f:0b:de g0_s1:1 -> g1_s0:3
[2026-06-22 18:06:25] MAC FLAP 1a:4a:a3:63:c4:d4 g0_s0:2 -> g1_s0:3
[2026-06-22 18:06:25] MAC FLAP a6:08:49:a1:b7:91 g1_s0:3 -> g1_s1:2
[2026-06-22 18:06:25] MAC FLAP de:f6:4d:4b:90:4b g1_s0:4 -> g1_s1:2
[2026-06-22 18:06:25] MAC FLAP 16:8b:d1:2e:12:b7 g1_s0:3 -> g1_s1:2
[2026-06-22 18:06:25] MAC FLAP ba:a3:f7:d5:25:ce g1_s0:4 -> g1_s1:2
[2026-06-22 18:06:25] MAC FLAP 86:e9:f9:a5:bf:8c g1_s0:4 -> g1_s1:2
[2026-06-22 18:06:25] MAC FLAP 92:e0:fa:df:41:3a g1_s0:1 -> g1_s1:2
[2026-06-22 18:06:25] MAC FLAP 9e:15:46:6f:0b:de g1_s0:3 -> g1_s1:2
[2026-06-22 18:06:25] MAC FLAP 1a:4a:a3:63:c4:d4 g1_s0:3 -> g1_s1:2
[2026-06-22 18:06:25] MAC FLAP a6:08:49:a1:b7:91 g1_s1:2 -> g2_s0:3
[2026-06-22 18:06:25] MAC FLAP b2:7b:14:3f:6d:2e g1_s0:2 -> g2_s0:3
[2026-06-22 18:06:25] MAC FLAP ba:a3:f7:d5:25:ce g1_s1:2 -> g2_s0:2
[2026-06-22 18:06:25] MAC FLAP 16:8b:d1:2e:12:b7 g1_s1:2 -> g2_s0:3
[2026-06-22 18:06:25] MAC FLAP 86:e9:f9:a5:bf:8c g1_s1:2 -> g2_s0:1
[2026-06-22 18:06:25] MAC FLAP aa:5a:ee:c6:d4:4d g2_s1:2 -> g2_s0:3
[2026-06-22 18:06:25] MAC FLAP 92:e0:fa:df:41:3a g1_s1:2 -> g2_s0:3
[2026-06-22 18:06:25] MAC FLAP 9e:15:46:6f:0b:de g1_s1:2 -> g2_s0:3
[2026-06-22 18:06:25] MAC FLAP 1a:4a:a3:63:c4:d4 g1_s1:2 -> g2_s0:3
[2026-06-22 18:06:25] MAC FLAP a6:08:49:a1:b7:91 g2_s0:3 -> g2_s1:2
[2026-06-22 18:06:25] MAC FLAP b2:7b:14:3f:6d:2e g2_s0:3 -> g2_s1:2
[2026-06-22 18:06:25] MAC FLAP 16:8b:d1:2e:12:b7 g2_s0:3 -> g2_s1:2
[2026-06-22 18:06:25] MAC FLAP 86:e9:f9:a5:bf:8c g2_s0:1 -> g2_s1:2
[2026-06-22 18:06:25] MAC FLAP 92:e0:fa:df:41:3a g2_s0:3 -> g2_s1:2
[2026-06-22 18:06:25] MAC FLAP aa:5a:ee:c6:d4:4d g2_s0:3 -> g2_s1:2
[2026-06-22 18:06:25] MAC FLAP 9e:15:46:6f:0b:de g2_s0:3 -> g2_s1:2
[2026-06-22 18:06:25] MAC FLAP 1a:4a:a3:63:c4:d4 g2_s0:3 -> g2_s1:2
[2026-06-22 18:06:30] MAC FLAP a6:08:49:a1:b7:91 g2_s1:2 -> g0_s0:1
[2026-06-22 18:06:30] MAC FLAP de:f6:4d:4b:90:4b g1_s1:2 -> g0_s0:3
[2026-06-22 18:06:30] MAC FLAP b2:7b:14:3f:6d:2e g2_s1:2 -> g0_s0:3
[2026-06-22 18:06:30] MAC FLAP ba:a3:f7:d5:25:ce g2_s0:2 -> g0_s0:3
[2026-06-22 18:06:30] MAC FLAP 86:e9:f9:a5:bf:8c g2_s1:2 -> g0_s0:3
[2026-06-22 18:06:30] MAC FLAP 92:e0:fa:df:41:3a g2_s1:2 -> g0_s0:3
[2026-06-22 18:06:30] MAC FLAP 46:9c:bc:ee:cf:25 g0_s1:2 -> g0_s0:3
[2026-06-22 18:06:30] MAC FLAP 9e:15:46:6f:0b:de g2_s1:2 -> g0_s0:2
[2026-06-22 18:06:30] MAC FLAP 1a:4a:a3:63:c4:d4 g2_s1:2 -> g0_s0:2
[2026-06-22 18:06:30] LEARNED ee:d8:1f:c6:58:dc -> g0_s0:3
[2026-06-22 18:06:30] MAC FLAP a6:08:49:a1:b7:91 g0_s0:1 -> g0_s1:2
[2026-06-22 18:06:30] MAC FLAP de:f6:4d:4b:90:4b g0_s0:3 -> g0_s1:2
[2026-06-22 18:06:30] MAC FLAP b2:7b:14:3f:6d:2e g0_s0:3 -> g0_s1:2
[2026-06-22 18:06:30] MAC FLAP ba:a3:f7:d5:25:ce g0_s0:3 -> g0_s1:2
[2026-06-22 18:06:30] MAC FLAP 86:e9:f9:a5:bf:8c g0_s0:3 -> g0_s1:2
[2026-06-22 18:06:30] MAC FLAP 92:e0:fa:df:41:3a g0_s0:3 -> g0_s1:2
[2026-06-22 18:06:30] MAC FLAP 46:9c:bc:ee:cf:25 g0_s0:3 -> g0_s1:2
[2026-06-22 18:06:30] MAC FLAP 9e:15:46:6f:0b:de g0_s0:2 -> g0_s1:1
[2026-06-22 18:06:30] MAC FLAP ee:d8:1f:c6:58:dc g0_s0:3 -> g0_s1:2
[2026-06-22 18:06:30] MAC FLAP a6:08:49:a1:b7:91 g0_s1:2 -> g1_s0:3
[2026-06-22 18:06:30] MAC FLAP de:f6:4d:4b:90:4b g0_s1:2 -> g1_s0:4
[2026-06-22 18:06:30] MAC FLAP b2:7b:14:3f:6d:2e g0_s1:2 -> g1_s0:2
[2026-06-22 18:06:30] MAC FLAP 16:8b:d1:2e:12:b7 g2_s1:2 -> g1_s0:3
[2026-06-22 18:06:30] MAC FLAP ba:a3:f7:d5:25:ce g0_s1:2 -> g1_s0:4
[2026-06-22 18:06:30] MAC FLAP 86:e9:f9:a5:bf:8c g0_s1:2 -> g1_s0:4
[2026-06-22 18:06:30] MAC FLAP 92:e0:fa:df:41:3a g0_s1:2 -> g1_s0:1
[2026-06-22 18:06:30] MAC FLAP 9e:15:46:6f:0b:de g0_s1:1 -> g1_s0:3
[2026-06-22 18:06:30] MAC FLAP 1a:4a:a3:63:c4:d4 g0_s0:2 -> g1_s0:3
[2026-06-22 18:06:30] MAC FLAP ee:d8:1f:c6:58:dc g0_s1:2 -> g1_s0:4
[2026-06-22 18:06:30] MAC FLAP a6:08:49:a1:b7:91 g1_s0:3 -> g1_s1:2
[2026-06-22 18:06:30] MAC FLAP de:f6:4d:4b:90:4b g1_s0:4 -> g1_s1:2
[2026-06-22 18:06:30] MAC FLAP 16:8b:d1:2e:12:b7 g1_s0:3 -> g1_s1:2
[2026-06-22 18:06:30] MAC FLAP ba:a3:f7:d5:25:ce g1_s0:4 -> g1_s1:2
[2026-06-22 18:06:30] MAC FLAP 86:e9:f9:a5:bf:8c g1_s0:4 -> g1_s1:2
[2026-06-22 18:06:30] MAC FLAP 92:e0:fa:df:41:3a g1_s0:1 -> g1_s1:2
[2026-06-22 18:06:30] MAC FLAP 9e:15:46:6f:0b:de g1_s0:3 -> g1_s1:2
[2026-06-22 18:06:30] MAC FLAP 1a:4a:a3:63:c4:d4 g1_s0:3 -> g1_s1:2
[2026-06-22 18:06:30] MAC FLAP ee:d8:1f:c6:58:dc g1_s0:4 -> g1_s1:2
[2026-06-22 18:06:30] MAC FLAP a6:08:49:a1:b7:91 g1_s1:2 -> g2_s0:3
[2026-06-22 18:06:30] MAC FLAP b2:7b:14:3f:6d:2e g1_s0:2 -> g2_s0:3
[2026-06-22 18:06:30] MAC FLAP ba:a3:f7:d5:25:ce g1_s1:2 -> g2_s0:2
[2026-06-22 18:06:30] MAC FLAP 16:8b:d1:2e:12:b7 g1_s1:2 -> g2_s0:3
[2026-06-22 18:06:30] MAC FLAP 86:e9:f9:a5:bf:8c g1_s1:2 -> g2_s0:1
[2026-06-22 18:06:30] MAC FLAP aa:5a:ee:c6:d4:4d g2_s1:2 -> g2_s0:3
[2026-06-22 18:06:30] MAC FLAP 92:e0:fa:df:41:3a g1_s1:2 -> g2_s0:3
[2026-06-22 18:06:30] MAC FLAP 9e:15:46:6f:0b:de g1_s1:2 -> g2_s0:3
[2026-06-22 18:06:30] MAC FLAP 1a:4a:a3:63:c4:d4 g1_s1:2 -> g2_s0:3
[2026-06-22 18:06:30] MAC FLAP ee:d8:1f:c6:58:dc g1_s1:2 -> g2_s0:2
[2026-06-22 18:06:30] MAC FLAP a6:08:49:a1:b7:91 g2_s0:3 -> g2_s1:2
[2026-06-22 18:06:30] MAC FLAP b2:7b:14:3f:6d:2e g2_s0:3 -> g2_s1:2
[2026-06-22 18:06:30] MAC FLAP 16:8b:d1:2e:12:b7 g2_s0:3 -> g2_s1:2
[2026-06-22 18:06:30] MAC FLAP 86:e9:f9:a5:bf:8c g2_s0:1 -> g2_s1:2
[2026-06-22 18:06:30] MAC FLAP 92:e0:fa:df:41:3a g2_s0:3 -> g2_s1:2
[2026-06-22 18:06:30] MAC FLAP aa:5a:ee:c6:d4:4d g2_s0:3 -> g2_s1:2
[2026-06-22 18:06:30] MAC FLAP 9e:15:46:6f:0b:de g2_s0:3 -> g2_s1:2
[2026-06-22 18:06:30] MAC FLAP 1a:4a:a3:63:c4:d4 g2_s0:3 -> g2_s1:2
[2026-06-22 18:06:30] MAC FLAP ee:d8:1f:c6:58:dc g2_s0:2 -> g2_s1:1
[2026-06-22 18:06:36] MAC FLAP a6:08:49:a1:b7:91 g2_s1:2 -> g0_s0:1
[2026-06-22 18:06:36] MAC FLAP de:f6:4d:4b:90:4b g1_s1:2 -> g0_s0:3
[2026-06-22 18:06:36] MAC FLAP b2:7b:14:3f:6d:2e g2_s1:2 -> g0_s0:3
[2026-06-22 18:06:36] MAC FLAP ba:a3:f7:d5:25:ce g2_s0:2 -> g0_s0:3
[2026-06-22 18:06:36] MAC FLAP 86:e9:f9:a5:bf:8c g2_s1:2 -> g0_s0:3
[2026-06-22 18:06:36] MAC FLAP 92:e0:fa:df:41:3a g2_s1:2 -> g0_s0:3
[2026-06-22 18:06:36] MAC FLAP 46:9c:bc:ee:cf:25 g0_s1:2 -> g0_s0:3
[2026-06-22 18:06:36] MAC FLAP 9e:15:46:6f:0b:de g2_s1:2 -> g0_s0:2
[2026-06-22 18:06:36] MAC FLAP 1a:4a:a3:63:c4:d4 g2_s1:2 -> g0_s0:2
[2026-06-22 18:06:36] MAC FLAP ee:d8:1f:c6:58:dc g2_s1:1 -> g0_s0:3
[2026-06-22 18:06:36] MAC FLAP a6:08:49:a1:b7:91 g0_s0:1 -> g0_s1:2
[2026-06-22 18:06:36] MAC FLAP de:f6:4d:4b:90:4b g0_s0:3 -> g0_s1:2
[2026-06-22 18:06:36] MAC FLAP b2:7b:14:3f:6d:2e g0_s0:3 -> g0_s1:2
[2026-06-22 18:06:36] MAC FLAP ba:a3:f7:d5:25:ce g0_s0:3 -> g0_s1:2
[2026-06-22 18:06:36] MAC FLAP 86:e9:f9:a5:bf:8c g0_s0:3 -> g0_s1:2
[2026-06-22 18:06:36] MAC FLAP 92:e0:fa:df:41:3a g0_s0:3 -> g0_s1:2
[2026-06-22 18:06:36] MAC FLAP 46:9c:bc:ee:cf:25 g0_s0:3 -> g0_s1:2
[2026-06-22 18:06:36] MAC FLAP 9e:15:46:6f:0b:de g0_s0:2 -> g0_s1:1
[2026-06-22 18:06:36] MAC FLAP ee:d8:1f:c6:58:dc g0_s0:3 -> g0_s1:2
[2026-06-22 18:06:36] MAC FLAP a6:08:49:a1:b7:91 g0_s1:2 -> g1_s0:3
[2026-06-22 18:06:36] MAC FLAP de:f6:4d:4b:90:4b g0_s1:2 -> g1_s0:4
[2026-06-22 18:06:36] MAC FLAP b2:7b:14:3f:6d:2e g0_s1:2 -> g1_s0:2
[2026-06-22 18:06:36] MAC FLAP 16:8b:d1:2e:12:b7 g2_s1:2 -> g1_s0:3
[2026-06-22 18:06:36] MAC FLAP ba:a3:f7:d5:25:ce g0_s1:2 -> g1_s0:4
[2026-06-22 18:06:36] MAC FLAP 86:e9:f9:a5:bf:8c g0_s1:2 -> g1_s0:4
[2026-06-22 18:06:36] MAC FLAP 92:e0:fa:df:41:3a g0_s1:2 -> g1_s0:1
[2026-06-22 18:06:36] MAC FLAP 9e:15:46:6f:0b:de g0_s1:1 -> g1_s0:3
[2026-06-22 18:06:36] MAC FLAP 1a:4a:a3:63:c4:d4 g0_s0:2 -> g1_s0:3
[2026-06-22 18:06:36] MAC FLAP ee:d8:1f:c6:58:dc g0_s1:2 -> g1_s0:4
[2026-06-22 18:06:36] MAC FLAP a6:08:49:a1:b7:91 g1_s0:3 -> g1_s1:2
[2026-06-22 18:06:36] MAC FLAP de:f6:4d:4b:90:4b g1_s0:4 -> g1_s1:2
[2026-06-22 18:06:36] MAC FLAP 16:8b:d1:2e:12:b7 g1_s0:3 -> g1_s1:2
[2026-06-22 18:06:36] MAC FLAP ba:a3:f7:d5:25:ce g1_s0:4 -> g1_s1:2
[2026-06-22 18:06:36] MAC FLAP 86:e9:f9:a5:bf:8c g1_s0:4 -> g1_s1:2
[2026-06-22 18:06:36] MAC FLAP 92:e0:fa:df:41:3a g1_s0:1 -> g1_s1:2
[2026-06-22 18:06:36] MAC FLAP 9e:15:46:6f:0b:de g1_s0:3 -> g1_s1:2
[2026-06-22 18:06:36] MAC FLAP 1a:4a:a3:63:c4:d4 g1_s0:3 -> g1_s1:2
[2026-06-22 18:06:36] MAC FLAP ee:d8:1f:c6:58:dc g1_s0:4 -> g1_s1:2
[2026-06-22 18:06:36] MAC FLAP a6:08:49:a1:b7:91 g1_s1:2 -> g2_s0:3
[2026-06-22 18:06:36] MAC FLAP b2:7b:14:3f:6d:2e g1_s0:2 -> g2_s0:3
[2026-06-22 18:06:36] MAC FLAP ba:a3:f7:d5:25:ce g1_s1:2 -> g2_s0:2
[2026-06-22 18:06:36] MAC FLAP 16:8b:d1:2e:12:b7 g1_s1:2 -> g2_s0:3
[2026-06-22 18:06:36] MAC FLAP 86:e9:f9:a5:bf:8c g1_s1:2 -> g2_s0:1
[2026-06-22 18:06:36] MAC FLAP aa:5a:ee:c6:d4:4d g2_s1:2 -> g2_s0:3
[2026-06-22 18:06:36] MAC FLAP 92:e0:fa:df:41:3a g1_s1:2 -> g2_s0:3
[2026-06-22 18:06:36] MAC FLAP 9e:15:46:6f:0b:de g1_s1:2 -> g2_s0:3
[2026-06-22 18:06:36] MAC FLAP 1a:4a:a3:63:c4:d4 g1_s1:2 -> g2_s0:3
[2026-06-22 18:06:36] MAC FLAP ee:d8:1f:c6:58:dc g1_s1:2 -> g2_s0:2
[2026-06-22 18:06:36] MAC FLAP a6:08:49:a1:b7:91 g2_s0:3 -> g2_s1:2
[2026-06-22 18:06:36] MAC FLAP b2:7b:14:3f:6d:2e g2_s0:3 -> g2_s1:2
[2026-06-22 18:06:36] MAC FLAP 16:8b:d1:2e:12:b7 g2_s0:3 -> g2_s1:2
[2026-06-22 18:06:36] MAC FLAP 86:e9:f9:a5:bf:8c g2_s0:1 -> g2_s1:2
[2026-06-22 18:06:36] MAC FLAP 92:e0:fa:df:41:3a g2_s0:3 -> g2_s1:2
[2026-06-22 18:06:36] MAC FLAP aa:5a:ee:c6:d4:4d g2_s0:3 -> g2_s1:2
[2026-06-22 18:06:36] MAC FLAP 9e:15:46:6f:0b:de g2_s0:3 -> g2_s1:2
[2026-06-22 18:06:36] MAC FLAP 1a:4a:a3:63:c4:d4 g2_s0:3 -> g2_s1:2
[2026-06-22 18:06:36] MAC FLAP ee:d8:1f:c6:58:dc g2_s0:2 -> g2_s1:1
[2026-06-22 18:06:41] MAC FLAP a6:08:49:a1:b7:91 g2_s1:2 -> g0_s0:1
[2026-06-22 18:06:41] MAC FLAP de:f6:4d:4b:90:4b g1_s1:2 -> g0_s0:3
[2026-06-22 18:06:41] MAC FLAP b2:7b:14:3f:6d:2e g2_s1:2 -> g0_s0:3
[2026-06-22 18:06:41] MAC FLAP ba:a3:f7:d5:25:ce g2_s0:2 -> g0_s0:3
[2026-06-22 18:06:41] MAC FLAP 86:e9:f9:a5:bf:8c g2_s1:2 -> g0_s0:3
[2026-06-22 18:06:41] MAC FLAP 92:e0:fa:df:41:3a g2_s1:2 -> g0_s0:3
[2026-06-22 18:06:41] MAC FLAP 46:9c:bc:ee:cf:25 g0_s1:2 -> g0_s0:3
[2026-06-22 18:06:41] MAC FLAP 9e:15:46:6f:0b:de g2_s1:2 -> g0_s0:2
[2026-06-22 18:06:41] MAC FLAP 1a:4a:a3:63:c4:d4 g2_s1:2 -> g0_s0:2
[2026-06-22 18:06:41] MAC FLAP ee:d8:1f:c6:58:dc g2_s1:1 -> g0_s0:3
[2026-06-22 18:06:41] MAC FLAP a6:08:49:a1:b7:91 g0_s0:1 -> g0_s1:2
[2026-06-22 18:06:41] MAC FLAP de:f6:4d:4b:90:4b g0_s0:3 -> g0_s1:2
[2026-06-22 18:06:41] MAC FLAP b2:7b:14:3f:6d:2e g0_s0:3 -> g0_s1:2
[2026-06-22 18:06:41] MAC FLAP ba:a3:f7:d5:25:ce g0_s0:3 -> g0_s1:2
[2026-06-22 18:06:41] MAC FLAP 86:e9:f9:a5:bf:8c g0_s0:3 -> g0_s1:2
[2026-06-22 18:06:41] MAC FLAP 92:e0:fa:df:41:3a g0_s0:3 -> g0_s1:2
[2026-06-22 18:06:41] MAC FLAP 46:9c:bc:ee:cf:25 g0_s0:3 -> g0_s1:2
[2026-06-22 18:06:41] MAC FLAP 9e:15:46:6f:0b:de g0_s0:2 -> g0_s1:1
[2026-06-22 18:06:41] MAC FLAP ee:d8:1f:c6:58:dc g0_s0:3 -> g0_s1:2
[2026-06-22 18:06:41] MAC FLAP a6:08:49:a1:b7:91 g0_s1:2 -> g1_s0:3
[2026-06-22 18:06:41] MAC FLAP de:f6:4d:4b:90:4b g0_s1:2 -> g1_s0:4
[2026-06-22 18:06:41] MAC FLAP b2:7b:14:3f:6d:2e g0_s1:2 -> g1_s0:2
[2026-06-22 18:06:41] MAC FLAP 16:8b:d1:2e:12:b7 g2_s1:2 -> g1_s0:3
[2026-06-22 18:06:41] MAC FLAP ba:a3:f7:d5:25:ce g0_s1:2 -> g1_s0:4
[2026-06-22 18:06:41] MAC FLAP 86:e9:f9:a5:bf:8c g0_s1:2 -> g1_s0:4
[2026-06-22 18:06:41] MAC FLAP 92:e0:fa:df:41:3a g0_s1:2 -> g1_s0:1
[2026-06-22 18:06:41] MAC FLAP 9e:15:46:6f:0b:de g0_s1:1 -> g1_s0:3
[2026-06-22 18:06:41] MAC FLAP 1a:4a:a3:63:c4:d4 g0_s0:2 -> g1_s0:3
[2026-06-22 18:06:41] MAC FLAP ee:d8:1f:c6:58:dc g0_s1:2 -> g1_s0:4
[2026-06-22 18:06:41] MAC FLAP a6:08:49:a1:b7:91 g1_s0:3 -> g1_s1:2
[2026-06-22 18:06:41] MAC FLAP de:f6:4d:4b:90:4b g1_s0:4 -> g1_s1:2
[2026-06-22 18:06:41] MAC FLAP 16:8b:d1:2e:12:b7 g1_s0:3 -> g1_s1:2
[2026-06-22 18:06:41] MAC FLAP ba:a3:f7:d5:25:ce g1_s0:4 -> g1_s1:2
[2026-06-22 18:06:41] MAC FLAP 86:e9:f9:a5:bf:8c g1_s0:4 -> g1_s1:2
[2026-06-22 18:06:41] MAC FLAP 92:e0:fa:df:41:3a g1_s0:1 -> g1_s1:2
[2026-06-22 18:06:41] MAC FLAP 9e:15:46:6f:0b:de g1_s0:3 -> g1_s1:2
[2026-06-22 18:06:41] MAC FLAP 1a:4a:a3:63:c4:d4 g1_s0:3 -> g1_s1:2
[2026-06-22 18:06:41] MAC FLAP ee:d8:1f:c6:58:dc g1_s0:4 -> g1_s1:2
[2026-06-22 18:06:41] MAC FLAP a6:08:49:a1:b7:91 g1_s1:2 -> g2_s0:3
[2026-06-22 18:06:41] MAC FLAP b2:7b:14:3f:6d:2e g1_s0:2 -> g2_s0:3
[2026-06-22 18:06:41] MAC FLAP ba:a3:f7:d5:25:ce g1_s1:2 -> g2_s0:2
[2026-06-22 18:06:41] MAC FLAP 16:8b:d1:2e:12:b7 g1_s1:2 -> g2_s0:3
[2026-06-22 18:06:41] MAC FLAP 86:e9:f9:a5:bf:8c g1_s1:2 -> g2_s0:1
[2026-06-22 18:06:41] MAC FLAP aa:5a:ee:c6:d4:4d g2_s1:2 -> g2_s0:3
[2026-06-22 18:06:41] MAC FLAP 92:e0:fa:df:41:3a g1_s1:2 -> g2_s0:3
[2026-06-22 18:06:41] MAC FLAP 9e:15:46:6f:0b:de g1_s1:2 -> g2_s0:3
[2026-06-22 18:06:41] MAC FLAP 1a:4a:a3:63:c4:d4 g1_s1:2 -> g2_s0:3
[2026-06-22 18:06:41] MAC FLAP ee:d8:1f:c6:58:dc g1_s1:2 -> g2_s0:2
[2026-06-22 18:06:41] MAC FLAP a6:08:49:a1:b7:91 g2_s0:3 -> g2_s1:2
[2026-06-22 18:06:41] MAC FLAP b2:7b:14:3f:6d:2e g2_s0:3 -> g2_s1:2
[2026-06-22 18:06:41] MAC FLAP 16:8b:d1:2e:12:b7 g2_s0:3 -> g2_s1:2
[2026-06-22 18:06:41] MAC FLAP 86:e9:f9:a5:bf:8c g2_s0:1 -> g2_s1:2
[2026-06-22 18:06:41] MAC FLAP 92:e0:fa:df:41:3a g2_s0:3 -> g2_s1:2
[2026-06-22 18:06:41] MAC FLAP aa:5a:ee:c6:d4:4d g2_s0:3 -> g2_s1:2
[2026-06-22 18:06:41] MAC FLAP 9e:15:46:6f:0b:de g2_s0:3 -> g2_s1:2
[2026-06-22 18:06:41] MAC FLAP 1a:4a:a3:63:c4:d4 g2_s0:3 -> g2_s1:2
[2026-06-22 18:06:41] MAC FLAP ee:d8:1f:c6:58:dc g2_s0:2 -> g2_s1:1
[2026-06-22 18:06:46] MAC FLAP a6:08:49:a1:b7:91 g2_s1:2 -> g0_s0:1
[2026-06-22 18:06:46] MAC FLAP de:f6:4d:4b:90:4b g1_s1:2 -> g0_s0:3
[2026-06-22 18:06:46] MAC FLAP ba:a3:f7:d5:25:ce g2_s0:2 -> g0_s0:3
[2026-06-22 18:06:46] MAC FLAP 86:e9:f9:a5:bf:8c g2_s1:2 -> g0_s0:3
[2026-06-22 18:06:46] MAC FLAP 92:e0:fa:df:41:3a g2_s1:2 -> g0_s0:3
[2026-06-22 18:06:46] MAC FLAP 46:9c:bc:ee:cf:25 g0_s1:2 -> g0_s0:3
[2026-06-22 18:06:46] MAC FLAP 9e:15:46:6f:0b:de g2_s1:2 -> g0_s0:2
[2026-06-22 18:06:46] MAC FLAP 1a:4a:a3:63:c4:d4 g2_s1:2 -> g0_s0:2
[2026-06-22 18:06:46] MAC FLAP ee:d8:1f:c6:58:dc g2_s1:1 -> g0_s0:3
[2026-06-22 18:06:46] MAC FLAP b2:7b:14:3f:6d:2e g2_s1:2 -> g0_s0:3
[2026-06-22 18:06:46] MAC FLAP a6:08:49:a1:b7:91 g0_s0:1 -> g0_s1:2
[2026-06-22 18:06:46] MAC FLAP de:f6:4d:4b:90:4b g0_s0:3 -> g0_s1:2
[2026-06-22 18:06:46] MAC FLAP ba:a3:f7:d5:25:ce g0_s0:3 -> g0_s1:2
[2026-06-22 18:06:46] MAC FLAP 86:e9:f9:a5:bf:8c g0_s0:3 -> g0_s1:2
[2026-06-22 18:06:46] MAC FLAP 92:e0:fa:df:41:3a g0_s0:3 -> g0_s1:2
[2026-06-22 18:06:46] MAC FLAP 46:9c:bc:ee:cf:25 g0_s0:3 -> g0_s1:2
[2026-06-22 18:06:46] MAC FLAP 9e:15:46:6f:0b:de g0_s0:2 -> g0_s1:1
[2026-06-22 18:06:46] MAC FLAP ee:d8:1f:c6:58:dc g0_s0:3 -> g0_s1:2
[2026-06-22 18:06:46] MAC FLAP b2:7b:14:3f:6d:2e g0_s0:3 -> g0_s1:2
[2026-06-22 18:06:46] MAC FLAP a6:08:49:a1:b7:91 g0_s1:2 -> g1_s0:3
[2026-06-22 18:06:46] MAC FLAP de:f6:4d:4b:90:4b g0_s1:2 -> g1_s0:4
[2026-06-22 18:06:46] MAC FLAP 16:8b:d1:2e:12:b7 g2_s1:2 -> g1_s0:3
[2026-06-22 18:06:46] MAC FLAP ba:a3:f7:d5:25:ce g0_s1:2 -> g1_s0:4
[2026-06-22 18:06:46] MAC FLAP 86:e9:f9:a5:bf:8c g0_s1:2 -> g1_s0:4
[2026-06-22 18:06:46] MAC FLAP 92:e0:fa:df:41:3a g0_s1:2 -> g1_s0:1
[2026-06-22 18:06:46] MAC FLAP 9e:15:46:6f:0b:de g0_s1:1 -> g1_s0:3
[2026-06-22 18:06:46] MAC FLAP 1a:4a:a3:63:c4:d4 g0_s0:2 -> g1_s0:3
[2026-06-22 18:06:46] MAC FLAP ee:d8:1f:c6:58:dc g0_s1:2 -> g1_s0:4
[2026-06-22 18:06:46] MAC FLAP b2:7b:14:3f:6d:2e g0_s1:2 -> g1_s0:2
[2026-06-22 18:06:46] MAC FLAP a6:08:49:a1:b7:91 g1_s0:3 -> g1_s1:2
[2026-06-22 18:06:46] MAC FLAP de:f6:4d:4b:90:4b g1_s0:4 -> g1_s1:2
[2026-06-22 18:06:46] MAC FLAP 16:8b:d1:2e:12:b7 g1_s0:3 -> g1_s1:2
[2026-06-22 18:06:46] MAC FLAP ba:a3:f7:d5:25:ce g1_s0:4 -> g1_s1:2
[2026-06-22 18:06:46] MAC FLAP 86:e9:f9:a5:bf:8c g1_s0:4 -> g1_s1:2
[2026-06-22 18:06:46] MAC FLAP 92:e0:fa:df:41:3a g1_s0:1 -> g1_s1:2
[2026-06-22 18:06:46] MAC FLAP 9e:15:46:6f:0b:de g1_s0:3 -> g1_s1:2
[2026-06-22 18:06:46] MAC FLAP 1a:4a:a3:63:c4:d4 g1_s0:3 -> g1_s1:2
[2026-06-22 18:06:46] MAC FLAP ee:d8:1f:c6:58:dc g1_s0:4 -> g1_s1:2
[2026-06-22 18:06:46] MAC FLAP a6:08:49:a1:b7:91 g1_s1:2 -> g2_s0:3
[2026-06-22 18:06:46] MAC FLAP ba:a3:f7:d5:25:ce g1_s1:2 -> g2_s0:2
[2026-06-22 18:06:46] MAC FLAP 16:8b:d1:2e:12:b7 g1_s1:2 -> g2_s0:3
[2026-06-22 18:06:46] MAC FLAP 86:e9:f9:a5:bf:8c g1_s1:2 -> g2_s0:1
[2026-06-22 18:06:46] MAC FLAP aa:5a:ee:c6:d4:4d g2_s1:2 -> g2_s0:3
[2026-06-22 18:06:46] MAC FLAP 92:e0:fa:df:41:3a g1_s1:2 -> g2_s0:3
[2026-06-22 18:06:46] MAC FLAP 9e:15:46:6f:0b:de g1_s1:2 -> g2_s0:3
[2026-06-22 18:06:46] MAC FLAP 1a:4a:a3:63:c4:d4 g1_s1:2 -> g2_s0:3
[2026-06-22 18:06:46] MAC FLAP ee:d8:1f:c6:58:dc g1_s1:2 -> g2_s0:2
[2026-06-22 18:06:46] MAC FLAP b2:7b:14:3f:6d:2e g1_s0:2 -> g2_s0:3
[2026-06-22 18:06:46] MAC FLAP a6:08:49:a1:b7:91 g2_s0:3 -> g2_s1:2
[2026-06-22 18:06:46] MAC FLAP 16:8b:d1:2e:12:b7 g2_s0:3 -> g2_s1:2
[2026-06-22 18:06:46] MAC FLAP 86:e9:f9:a5:bf:8c g2_s0:1 -> g2_s1:2
[2026-06-22 18:06:46] MAC FLAP 92:e0:fa:df:41:3a g2_s0:3 -> g2_s1:2
[2026-06-22 18:06:46] MAC FLAP aa:5a:ee:c6:d4:4d g2_s0:3 -> g2_s1:2
[2026-06-22 18:06:46] MAC FLAP 9e:15:46:6f:0b:de g2_s0:3 -> g2_s1:2
[2026-06-22 18:06:46] MAC FLAP 1a:4a:a3:63:c4:d4 g2_s0:3 -> g2_s1:2
[2026-06-22 18:06:46] MAC FLAP ee:d8:1f:c6:58:dc g2_s0:2 -> g2_s1:1
[2026-06-22 18:06:46] MAC FLAP b2:7b:14:3f:6d:2e g2_s0:3 -> g2_s1:2
[2026-06-22 18:06:51] MAC FLAP a6:08:49:a1:b7:91 g2_s1:2 -> g0_s0:1
[2026-06-22 18:06:51] MAC FLAP de:f6:4d:4b:90:4b g1_s1:2 -> g0_s0:3
[2026-06-22 18:06:51] MAC FLAP ba:a3:f7:d5:25:ce g2_s0:2 -> g0_s0:3
[2026-06-22 18:06:51] MAC FLAP 86:e9:f9:a5:bf:8c g2_s1:2 -> g0_s0:3
[2026-06-22 18:06:51] MAC FLAP 92:e0:fa:df:41:3a g2_s1:2 -> g0_s0:3
[2026-06-22 18:06:51] MAC FLAP 46:9c:bc:ee:cf:25 g0_s1:2 -> g0_s0:3
[2026-06-22 18:06:51] MAC FLAP 9e:15:46:6f:0b:de g2_s1:2 -> g0_s0:2
[2026-06-22 18:06:51] MAC FLAP 1a:4a:a3:63:c4:d4 g2_s1:2 -> g0_s0:2
[2026-06-22 18:06:51] MAC FLAP ee:d8:1f:c6:58:dc g2_s1:1 -> g0_s0:3
[2026-06-22 18:06:51] MAC FLAP b2:7b:14:3f:6d:2e g2_s1:2 -> g0_s0:3
[2026-06-22 18:06:51] MAC FLAP a6:08:49:a1:b7:91 g0_s0:1 -> g0_s1:2
[2026-06-22 18:06:51] MAC FLAP de:f6:4d:4b:90:4b g0_s0:3 -> g0_s1:2
[2026-06-22 18:06:51] MAC FLAP ba:a3:f7:d5:25:ce g0_s0:3 -> g0_s1:2
[2026-06-22 18:06:51] MAC FLAP 86:e9:f9:a5:bf:8c g0_s0:3 -> g0_s1:2
[2026-06-22 18:06:51] MAC FLAP 92:e0:fa:df:41:3a g0_s0:3 -> g0_s1:2
[2026-06-22 18:06:51] MAC FLAP 46:9c:bc:ee:cf:25 g0_s0:3 -> g0_s1:2
[2026-06-22 18:06:51] MAC FLAP 9e:15:46:6f:0b:de g0_s0:2 -> g0_s1:1
[2026-06-22 18:06:51] MAC FLAP ee:d8:1f:c6:58:dc g0_s0:3 -> g0_s1:2
[2026-06-22 18:06:51] MAC FLAP b2:7b:14:3f:6d:2e g0_s0:3 -> g0_s1:2
[2026-06-22 18:06:51] MAC FLAP a6:08:49:a1:b7:91 g0_s1:2 -> g1_s0:3
[2026-06-22 18:06:51] MAC FLAP de:f6:4d:4b:90:4b g0_s1:2 -> g1_s0:4
[2026-06-22 18:06:51] MAC FLAP 16:8b:d1:2e:12:b7 g2_s1:2 -> g1_s0:3
[2026-06-22 18:06:51] MAC FLAP ba:a3:f7:d5:25:ce g0_s1:2 -> g1_s0:4
[2026-06-22 18:06:51] MAC FLAP 86:e9:f9:a5:bf:8c g0_s1:2 -> g1_s0:4
[2026-06-22 18:06:51] MAC FLAP 92:e0:fa:df:41:3a g0_s1:2 -> g1_s0:1
[2026-06-22 18:06:51] MAC FLAP 9e:15:46:6f:0b:de g0_s1:1 -> g1_s0:3
[2026-06-22 18:06:51] MAC FLAP 1a:4a:a3:63:c4:d4 g0_s0:2 -> g1_s0:3
[2026-06-22 18:06:51] MAC FLAP ee:d8:1f:c6:58:dc g0_s1:2 -> g1_s0:4
[2026-06-22 18:06:51] MAC FLAP b2:7b:14:3f:6d:2e g0_s1:2 -> g1_s0:2
[2026-06-22 18:06:51] MAC FLAP a6:08:49:a1:b7:91 g1_s0:3 -> g1_s1:2
[2026-06-22 18:06:51] MAC FLAP de:f6:4d:4b:90:4b g1_s0:4 -> g1_s1:2
[2026-06-22 18:06:51] MAC FLAP 16:8b:d1:2e:12:b7 g1_s0:3 -> g1_s1:2
[2026-06-22 18:06:51] MAC FLAP ba:a3:f7:d5:25:ce g1_s0:4 -> g1_s1:2
[2026-06-22 18:06:51] MAC FLAP 86:e9:f9:a5:bf:8c g1_s0:4 -> g1_s1:2
[2026-06-22 18:06:51] MAC FLAP 92:e0:fa:df:41:3a g1_s0:1 -> g1_s1:2
[2026-06-22 18:06:51] MAC FLAP 9e:15:46:6f:0b:de g1_s0:3 -> g1_s1:2
[2026-06-22 18:06:51] MAC FLAP 1a:4a:a3:63:c4:d4 g1_s0:3 -> g1_s1:2
[2026-06-22 18:06:51] MAC FLAP ee:d8:1f:c6:58:dc g1_s0:4 -> g1_s1:2
[2026-06-22 18:06:51] MAC FLAP a6:08:49:a1:b7:91 g1_s1:2 -> g2_s0:3
[2026-06-22 18:06:51] MAC FLAP ba:a3:f7:d5:25:ce g1_s1:2 -> g2_s0:2
[2026-06-22 18:06:51] MAC FLAP 16:8b:d1:2e:12:b7 g1_s1:2 -> g2_s0:3
[2026-06-22 18:06:51] MAC FLAP 86:e9:f9:a5:bf:8c g1_s1:2 -> g2_s0:1
[2026-06-22 18:06:51] MAC FLAP aa:5a:ee:c6:d4:4d g2_s1:2 -> g2_s0:3
[2026-06-22 18:06:51] MAC FLAP 92:e0:fa:df:41:3a g1_s1:2 -> g2_s0:3
[2026-06-22 18:06:51] MAC FLAP 9e:15:46:6f:0b:de g1_s1:2 -> g2_s0:3
[2026-06-22 18:06:51] MAC FLAP 1a:4a:a3:63:c4:d4 g1_s1:2 -> g2_s0:3
[2026-06-22 18:06:51] MAC FLAP ee:d8:1f:c6:58:dc g1_s1:2 -> g2_s0:2
[2026-06-22 18:06:51] MAC FLAP b2:7b:14:3f:6d:2e g1_s0:2 -> g2_s0:3
[2026-06-22 18:06:51] MAC FLAP a6:08:49:a1:b7:91 g2_s0:3 -> g2_s1:2
[2026-06-22 18:06:51] MAC FLAP 16:8b:d1:2e:12:b7 g2_s0:3 -> g2_s1:2
[2026-06-22 18:06:51] MAC FLAP 86:e9:f9:a5:bf:8c g2_s0:1 -> g2_s1:2
[2026-06-22 18:06:51] MAC FLAP 92:e0:fa:df:41:3a g2_s0:3 -> g2_s1:2
[2026-06-22 18:06:51] MAC FLAP aa:5a:ee:c6:d4:4d g2_s0:3 -> g2_s1:2
[2026-06-22 18:06:51] MAC FLAP 9e:15:46:6f:0b:de g2_s0:3 -> g2_s1:2
[2026-06-22 18:06:51] MAC FLAP 1a:4a:a3:63:c4:d4 g2_s0:3 -> g2_s1:2
[2026-06-22 18:06:51] MAC FLAP ee:d8:1f:c6:58:dc g2_s0:2 -> g2_s1:1
[2026-06-22 18:06:51] MAC FLAP b2:7b:14:3f:6d:2e g2_s0:3 -> g2_s1:2
[2026-06-22 18:06:56] MAC FLAP a6:08:49:a1:b7:91 g2_s1:2 -> g0_s0:1
[2026-06-22 18:06:56] MAC FLAP de:f6:4d:4b:90:4b g1_s1:2 -> g0_s0:3
[2026-06-22 18:06:56] MAC FLAP ba:a3:f7:d5:25:ce g2_s0:2 -> g0_s0:3
[2026-06-22 18:06:56] MAC FLAP 86:e9:f9:a5:bf:8c g2_s1:2 -> g0_s0:3
[2026-06-22 18:06:56] MAC FLAP 92:e0:fa:df:41:3a g2_s1:2 -> g0_s0:3
[2026-06-22 18:06:56] MAC FLAP 46:9c:bc:ee:cf:25 g0_s1:2 -> g0_s0:3
[2026-06-22 18:06:56] MAC FLAP 9e:15:46:6f:0b:de g2_s1:2 -> g0_s0:2
[2026-06-22 18:06:56] MAC FLAP 1a:4a:a3:63:c4:d4 g2_s1:2 -> g0_s0:2
[2026-06-22 18:06:56] MAC FLAP ee:d8:1f:c6:58:dc g2_s1:1 -> g0_s0:3
[2026-06-22 18:06:56] MAC FLAP b2:7b:14:3f:6d:2e g2_s1:2 -> g0_s0:3
[2026-06-22 18:06:56] MAC FLAP a6:08:49:a1:b7:91 g0_s0:1 -> g0_s1:2
[2026-06-22 18:06:56] MAC FLAP de:f6:4d:4b:90:4b g0_s0:3 -> g0_s1:2
[2026-06-22 18:06:56] MAC FLAP ba:a3:f7:d5:25:ce g0_s0:3 -> g0_s1:2
[2026-06-22 18:06:56] MAC FLAP 86:e9:f9:a5:bf:8c g0_s0:3 -> g0_s1:2
[2026-06-22 18:06:56] MAC FLAP 92:e0:fa:df:41:3a g0_s0:3 -> g0_s1:2
[2026-06-22 18:06:56] MAC FLAP 46:9c:bc:ee:cf:25 g0_s0:3 -> g0_s1:2
[2026-06-22 18:06:56] MAC FLAP 9e:15:46:6f:0b:de g0_s0:2 -> g0_s1:1
[2026-06-22 18:06:56] MAC FLAP ee:d8:1f:c6:58:dc g0_s0:3 -> g0_s1:2
[2026-06-22 18:06:56] MAC FLAP b2:7b:14:3f:6d:2e g0_s0:3 -> g0_s1:2
[2026-06-22 18:06:56] MAC FLAP a6:08:49:a1:b7:91 g0_s1:2 -> g1_s0:3
[2026-06-22 18:06:56] MAC FLAP de:f6:4d:4b:90:4b g0_s1:2 -> g1_s0:4
[2026-06-22 18:06:56] MAC FLAP 16:8b:d1:2e:12:b7 g2_s1:2 -> g1_s0:3
[2026-06-22 18:06:56] MAC FLAP ba:a3:f7:d5:25:ce g0_s1:2 -> g1_s0:4
[2026-06-22 18:06:56] MAC FLAP 86:e9:f9:a5:bf:8c g0_s1:2 -> g1_s0:4
[2026-06-22 18:06:56] MAC FLAP 92:e0:fa:df:41:3a g0_s1:2 -> g1_s0:1
[2026-06-22 18:06:56] MAC FLAP 9e:15:46:6f:0b:de g0_s1:1 -> g1_s0:3
[2026-06-22 18:06:56] MAC FLAP 1a:4a:a3:63:c4:d4 g0_s0:2 -> g1_s0:3
[2026-06-22 18:06:56] MAC FLAP ee:d8:1f:c6:58:dc g0_s1:2 -> g1_s0:4
[2026-06-22 18:06:56] MAC FLAP b2:7b:14:3f:6d:2e g0_s1:2 -> g1_s0:2
[2026-06-22 18:06:56] MAC FLAP a6:08:49:a1:b7:91 g1_s0:3 -> g1_s1:2
[2026-06-22 18:06:56] MAC FLAP de:f6:4d:4b:90:4b g1_s0:4 -> g1_s1:2
[2026-06-22 18:06:56] MAC FLAP 16:8b:d1:2e:12:b7 g1_s0:3 -> g1_s1:2
[2026-06-22 18:06:56] MAC FLAP ba:a3:f7:d5:25:ce g1_s0:4 -> g1_s1:2
[2026-06-22 18:06:56] MAC FLAP 86:e9:f9:a5:bf:8c g1_s0:4 -> g1_s1:2
[2026-06-22 18:06:56] MAC FLAP 92:e0:fa:df:41:3a g1_s0:1 -> g1_s1:2
[2026-06-22 18:06:56] MAC FLAP 9e:15:46:6f:0b:de g1_s0:3 -> g1_s1:2
[2026-06-22 18:06:56] MAC FLAP 1a:4a:a3:63:c4:d4 g1_s0:3 -> g1_s1:2
[2026-06-22 18:06:56] MAC FLAP ee:d8:1f:c6:58:dc g1_s0:4 -> g1_s1:2
[2026-06-22 18:06:56] MAC FLAP a6:08:49:a1:b7:91 g1_s1:2 -> g2_s0:3
[2026-06-22 18:06:56] MAC FLAP ba:a3:f7:d5:25:ce g1_s1:2 -> g2_s0:2
[2026-06-22 18:06:56] MAC FLAP 16:8b:d1:2e:12:b7 g1_s1:2 -> g2_s0:3
[2026-06-22 18:06:56] MAC FLAP 86:e9:f9:a5:bf:8c g1_s1:2 -> g2_s0:1
[2026-06-22 18:06:56] MAC FLAP aa:5a:ee:c6:d4:4d g2_s1:2 -> g2_s0:3
[2026-06-22 18:06:56] MAC FLAP 92:e0:fa:df:41:3a g1_s1:2 -> g2_s0:3
[2026-06-22 18:06:56] MAC FLAP 9e:15:46:6f:0b:de g1_s1:2 -> g2_s0:3
[2026-06-22 18:06:56] MAC FLAP 1a:4a:a3:63:c4:d4 g1_s1:2 -> g2_s0:3
[2026-06-22 18:06:56] MAC FLAP ee:d8:1f:c6:58:dc g1_s1:2 -> g2_s0:2
[2026-06-22 18:06:56] MAC FLAP b2:7b:14:3f:6d:2e g1_s0:2 -> g2_s0:3
[2026-06-22 18:06:56] MAC FLAP a6:08:49:a1:b7:91 g2_s0:3 -> g2_s1:2
[2026-06-22 18:06:56] MAC FLAP 16:8b:d1:2e:12:b7 g2_s0:3 -> g2_s1:2
[2026-06-22 18:06:56] MAC FLAP 86:e9:f9:a5:bf:8c g2_s0:1 -> g2_s1:2
[2026-06-22 18:06:56] MAC FLAP 92:e0:fa:df:41:3a g2_s0:3 -> g2_s1:2
[2026-06-22 18:06:56] MAC FLAP aa:5a:ee:c6:d4:4d g2_s0:3 -> g2_s1:2
[2026-06-22 18:06:56] MAC FLAP 9e:15:46:6f:0b:de g2_s0:3 -> g2_s1:2
[2026-06-22 18:06:56] MAC FLAP 1a:4a:a3:63:c4:d4 g2_s0:3 -> g2_s1:2
[2026-06-22 18:06:56] MAC FLAP ee:d8:1f:c6:58:dc g2_s0:2 -> g2_s1:1
[2026-06-22 18:06:56] MAC FLAP b2:7b:14:3f:6d:2e g2_s0:3 -> g2_s1:2
[2026-06-22 18:07:01] MAC FLAP a6:08:49:a1:b7:91 g2_s1:2 -> g0_s0:1
[2026-06-22 18:07:01] MAC FLAP de:f6:4d:4b:90:4b g1_s1:2 -> g0_s0:3
[2026-06-22 18:07:01] MAC FLAP ba:a3:f7:d5:25:ce g2_s0:2 -> g0_s0:3
[2026-06-22 18:07:01] MAC FLAP 86:e9:f9:a5:bf:8c g2_s1:2 -> g0_s0:3
[2026-06-22 18:07:01] MAC FLAP 92:e0:fa:df:41:3a g2_s1:2 -> g0_s0:3
[2026-06-22 18:07:01] MAC FLAP 46:9c:bc:ee:cf:25 g0_s1:2 -> g0_s0:3
[2026-06-22 18:07:01] MAC FLAP 9e:15:46:6f:0b:de g2_s1:2 -> g0_s0:2
[2026-06-22 18:07:01] MAC FLAP 1a:4a:a3:63:c4:d4 g2_s1:2 -> g0_s0:2
[2026-06-22 18:07:01] MAC FLAP ee:d8:1f:c6:58:dc g2_s1:1 -> g0_s0:3
[2026-06-22 18:07:01] MAC FLAP b2:7b:14:3f:6d:2e g2_s1:2 -> g0_s0:3
[2026-06-22 18:07:01] MAC FLAP a6:08:49:a1:b7:91 g0_s0:1 -> g0_s1:2
[2026-06-22 18:07:01] MAC FLAP de:f6:4d:4b:90:4b g0_s0:3 -> g0_s1:2
[2026-06-22 18:07:01] MAC FLAP ba:a3:f7:d5:25:ce g0_s0:3 -> g0_s1:2
[2026-06-22 18:07:01] MAC FLAP 86:e9:f9:a5:bf:8c g0_s0:3 -> g0_s1:2
[2026-06-22 18:07:01] MAC FLAP 92:e0:fa:df:41:3a g0_s0:3 -> g0_s1:2
[2026-06-22 18:07:01] MAC FLAP 46:9c:bc:ee:cf:25 g0_s0:3 -> g0_s1:2
[2026-06-22 18:07:01] MAC FLAP 9e:15:46:6f:0b:de g0_s0:2 -> g0_s1:1
[2026-06-22 18:07:01] MAC FLAP ee:d8:1f:c6:58:dc g0_s0:3 -> g0_s1:2
[2026-06-22 18:07:01] MAC FLAP b2:7b:14:3f:6d:2e g0_s0:3 -> g0_s1:2
[2026-06-22 18:07:01] MAC FLAP a6:08:49:a1:b7:91 g0_s1:2 -> g1_s0:3
[2026-06-22 18:07:01] MAC FLAP de:f6:4d:4b:90:4b g0_s1:2 -> g1_s0:4
[2026-06-22 18:07:01] MAC FLAP 16:8b:d1:2e:12:b7 g2_s1:2 -> g1_s0:3
[2026-06-22 18:07:01] MAC FLAP ba:a3:f7:d5:25:ce g0_s1:2 -> g1_s0:4
[2026-06-22 18:07:01] MAC FLAP 86:e9:f9:a5:bf:8c g0_s1:2 -> g1_s0:4
[2026-06-22 18:07:01] MAC FLAP 92:e0:fa:df:41:3a g0_s1:2 -> g1_s0:1
[2026-06-22 18:07:01] MAC FLAP 9e:15:46:6f:0b:de g0_s1:1 -> g1_s0:3
[2026-06-22 18:07:01] MAC FLAP 1a:4a:a3:63:c4:d4 g0_s0:2 -> g1_s0:3
[2026-06-22 18:07:01] MAC FLAP ee:d8:1f:c6:58:dc g0_s1:2 -> g1_s0:4
[2026-06-22 18:07:01] MAC FLAP b2:7b:14:3f:6d:2e g0_s1:2 -> g1_s0:2
[2026-06-22 18:07:01] MAC FLAP a6:08:49:a1:b7:91 g1_s0:3 -> g1_s1:2
[2026-06-22 18:07:01] MAC FLAP de:f6:4d:4b:90:4b g1_s0:4 -> g1_s1:2
[2026-06-22 18:07:01] MAC FLAP 16:8b:d1:2e:12:b7 g1_s0:3 -> g1_s1:2
[2026-06-22 18:07:01] MAC FLAP ba:a3:f7:d5:25:ce g1_s0:4 -> g1_s1:2
[2026-06-22 18:07:01] MAC FLAP 86:e9:f9:a5:bf:8c g1_s0:4 -> g1_s1:2
[2026-06-22 18:07:16] Baseline snapshot created (40 entries)
[2026-06-22 18:07:16] LEARNED a6:08:49:a1:b7:91 -> g0_s0:1
[2026-06-22 18:07:16] LEARNED de:f6:4d:4b:90:4b -> g0_s0:3
[2026-06-22 18:07:16] LEARNED ba:a3:f7:d5:25:ce -> g0_s0:3
[2026-06-22 18:07:16] LEARNED 86:e9:f9:a5:bf:8c -> g0_s0:3
[2026-06-22 18:07:16] LEARNED 92:e0:fa:df:41:3a -> g0_s0:3
[2026-06-22 18:07:16] LEARNED 46:9c:bc:ee:cf:25 -> g0_s0:3
[2026-06-22 18:07:16] LEARNED 9e:15:46:6f:0b:de -> g0_s0:2
[2026-06-22 18:07:16] LEARNED 1a:4a:a3:63:c4:d4 -> g0_s0:2
[2026-06-22 18:07:16] LEARNED ee:d8:1f:c6:58:dc -> g0_s0:3
[2026-06-22 18:07:16] LEARNED b2:7b:14:3f:6d:2e -> g0_s0:3
[2026-06-22 18:07:16] MAC FLAP a6:08:49:a1:b7:91 g0_s0:1 -> g0_s1:2
[2026-06-22 18:07:16] MAC FLAP de:f6:4d:4b:90:4b g0_s0:3 -> g0_s1:2
[2026-06-22 18:07:16] MAC FLAP ba:a3:f7:d5:25:ce g0_s0:3 -> g0_s1:2
[2026-06-22 18:07:16] MAC FLAP 86:e9:f9:a5:bf:8c g0_s0:3 -> g0_s1:2
[2026-06-22 18:07:16] MAC FLAP 92:e0:fa:df:41:3a g0_s0:3 -> g0_s1:2
[2026-06-22 18:07:16] MAC FLAP 46:9c:bc:ee:cf:25 g0_s0:3 -> g0_s1:2
[2026-06-22 18:07:16] MAC FLAP 9e:15:46:6f:0b:de g0_s0:2 -> g0_s1:1
[2026-06-22 18:07:16] LEARNED 86:6c:f6:0e:d0:c5 -> g0_s1:2
[2026-06-22 18:07:16] MAC FLAP ee:d8:1f:c6:58:dc g0_s0:3 -> g0_s1:2
[2026-06-22 18:07:16] MAC FLAP b2:7b:14:3f:6d:2e g0_s0:3 -> g0_s1:2
[2026-06-22 18:07:16] MAC FLAP a6:08:49:a1:b7:91 g0_s1:2 -> g1_s0:3
[2026-06-22 18:07:16] MAC FLAP de:f6:4d:4b:90:4b g0_s1:2 -> g1_s0:4
[2026-06-22 18:07:16] LEARNED 16:8b:d1:2e:12:b7 -> g1_s0:3
[2026-06-22 18:07:16] MAC FLAP ba:a3:f7:d5:25:ce g0_s1:2 -> g1_s0:4
[2026-06-22 18:07:16] MAC FLAP 86:e9:f9:a5:bf:8c g0_s1:2 -> g1_s0:4
[2026-06-22 18:07:16] MAC FLAP 92:e0:fa:df:41:3a g0_s1:2 -> g1_s0:1
[2026-06-22 18:07:16] MAC FLAP 9e:15:46:6f:0b:de g0_s1:1 -> g1_s0:3
[2026-06-22 18:07:16] MAC FLAP 1a:4a:a3:63:c4:d4 g0_s0:2 -> g1_s0:3
[2026-06-22 18:07:16] MAC FLAP ee:d8:1f:c6:58:dc g0_s1:2 -> g1_s0:4
[2026-06-22 18:07:16] MAC FLAP b2:7b:14:3f:6d:2e g0_s1:2 -> g1_s0:2
[2026-06-22 18:07:16] MAC FLAP a6:08:49:a1:b7:91 g1_s0:3 -> g1_s1:2
[2026-06-22 18:07:16] MAC FLAP de:f6:4d:4b:90:4b g1_s0:4 -> g1_s1:2
[2026-06-22 18:07:16] MAC FLAP 16:8b:d1:2e:12:b7 g1_s0:3 -> g1_s1:2
[2026-06-22 18:07:16] MAC FLAP ba:a3:f7:d5:25:ce g1_s0:4 -> g1_s1:2
[2026-06-22 18:07:16] MAC FLAP 86:e9:f9:a5:bf:8c g1_s0:4 -> g1_s1:2
[2026-06-22 18:07:16] MAC FLAP 92:e0:fa:df:41:3a g1_s0:1 -> g1_s1:2
[2026-06-22 18:07:16] MAC FLAP 9e:15:46:6f:0b:de g1_s0:3 -> g1_s1:2
[2026-06-22 18:07:16] MAC FLAP 1a:4a:a3:63:c4:d4 g1_s0:3 -> g1_s1:2
[2026-06-22 18:07:16] LEARNED ae:61:7c:da:b1:a0 -> g1_s1:2
[2026-06-22 18:07:16] MAC FLAP ee:d8:1f:c6:58:dc g1_s0:4 -> g1_s1:2
[2026-06-22 18:07:16] MAC FLAP a6:08:49:a1:b7:91 g1_s1:2 -> g2_s0:3
[2026-06-22 18:07:16] MAC FLAP ba:a3:f7:d5:25:ce g1_s1:2 -> g2_s0:2
[2026-06-22 18:07:16] MAC FLAP 16:8b:d1:2e:12:b7 g1_s1:2 -> g2_s0:3
[2026-06-22 18:07:16] MAC FLAP 86:e9:f9:a5:bf:8c g1_s1:2 -> g2_s0:1
[2026-06-22 18:07:16] LEARNED aa:5a:ee:c6:d4:4d -> g2_s0:3
[2026-06-22 18:07:16] MAC FLAP 92:e0:fa:df:41:3a g1_s1:2 -> g2_s0:3
[2026-06-22 18:07:16] MAC FLAP 9e:15:46:6f:0b:de g1_s1:2 -> g2_s0:3
[2026-06-22 18:07:16] MAC FLAP 1a:4a:a3:63:c4:d4 g1_s1:2 -> g2_s0:3
[2026-06-22 18:07:16] MAC FLAP ee:d8:1f:c6:58:dc g1_s1:2 -> g2_s0:2
[2026-06-22 18:07:16] MAC FLAP b2:7b:14:3f:6d:2e g1_s0:2 -> g2_s0:3
[2026-06-22 18:07:16] MAC FLAP a6:08:49:a1:b7:91 g2_s0:3 -> g2_s1:2
[2026-06-22 18:07:16] LEARNED d2:54:f6:d0:65:f3 -> g2_s1:2
[2026-06-22 18:07:16] MAC FLAP 16:8b:d1:2e:12:b7 g2_s0:3 -> g2_s1:2
[2026-06-22 18:07:16] MAC FLAP 86:e9:f9:a5:bf:8c g2_s0:1 -> g2_s1:2
[2026-06-22 18:07:16] MAC FLAP 92:e0:fa:df:41:3a g2_s0:3 -> g2_s1:2
[2026-06-22 18:07:16] MAC FLAP aa:5a:ee:c6:d4:4d g2_s0:3 -> g2_s1:2
[2026-06-22 18:07:16] MAC FLAP 9e:15:46:6f:0b:de g2_s0:3 -> g2_s1:2
[2026-06-22 18:07:16] MAC FLAP 1a:4a:a3:63:c4:d4 g2_s0:3 -> g2_s1:2
[2026-06-22 18:07:16] MAC FLAP ee:d8:1f:c6:58:dc g2_s0:2 -> g2_s1:1
[2026-06-22 18:07:16] MAC FLAP b2:7b:14:3f:6d:2e g2_s0:3 -> g2_s1:2
[2026-06-22 18:07:21] MAC FLAP a6:08:49:a1:b7:91 g2_s1:2 -> g0_s0:1
[2026-06-22 18:07:21] MAC FLAP de:f6:4d:4b:90:4b g1_s1:2 -> g0_s0:3
[2026-06-22 18:07:21] MAC FLAP ba:a3:f7:d5:25:ce g2_s0:2 -> g0_s0:3
[2026-06-22 18:07:21] MAC FLAP 86:e9:f9:a5:bf:8c g2_s1:2 -> g0_s0:3
[2026-06-22 18:07:21] MAC FLAP 92:e0:fa:df:41:3a g2_s1:2 -> g0_s0:3
[2026-06-22 18:07:21] MAC FLAP 46:9c:bc:ee:cf:25 g0_s1:2 -> g0_s0:3
[2026-06-22 18:07:21] MAC FLAP 9e:15:46:6f:0b:de g2_s1:2 -> g0_s0:2
[2026-06-22 18:07:21] MAC FLAP 1a:4a:a3:63:c4:d4 g2_s1:2 -> g0_s0:2
[2026-06-22 18:07:21] MAC FLAP ee:d8:1f:c6:58:dc g2_s1:1 -> g0_s0:3
[2026-06-22 18:07:21] MAC FLAP b2:7b:14:3f:6d:2e g2_s1:2 -> g0_s0:3
[2026-06-22 18:07:21] MAC FLAP a6:08:49:a1:b7:91 g0_s0:1 -> g0_s1:2
[2026-06-22 18:07:21] MAC FLAP de:f6:4d:4b:90:4b g0_s0:3 -> g0_s1:2
[2026-06-22 18:07:21] MAC FLAP ba:a3:f7:d5:25:ce g0_s0:3 -> g0_s1:2
[2026-06-22 18:07:21] MAC FLAP 86:e9:f9:a5:bf:8c g0_s0:3 -> g0_s1:2
[2026-06-22 18:07:21] MAC FLAP 92:e0:fa:df:41:3a g0_s0:3 -> g0_s1:2
[2026-06-22 18:07:21] MAC FLAP 46:9c:bc:ee:cf:25 g0_s0:3 -> g0_s1:2
[2026-06-22 18:07:21] MAC FLAP 9e:15:46:6f:0b:de g0_s0:2 -> g0_s1:1
[2026-06-22 18:07:21] MAC FLAP ee:d8:1f:c6:58:dc g0_s0:3 -> g0_s1:2
[2026-06-22 18:07:21] MAC FLAP b2:7b:14:3f:6d:2e g0_s0:3 -> g0_s1:2
[2026-06-22 18:07:21] MAC FLAP a6:08:49:a1:b7:91 g0_s1:2 -> g1_s0:3
[2026-06-22 18:07:21] MAC FLAP de:f6:4d:4b:90:4b g0_s1:2 -> g1_s0:4
[2026-06-22 18:07:21] MAC FLAP 16:8b:d1:2e:12:b7 g2_s1:2 -> g1_s0:3
[2026-06-22 18:07:21] MAC FLAP ba:a3:f7:d5:25:ce g0_s1:2 -> g1_s0:4
[2026-06-22 18:07:21] MAC FLAP 86:e9:f9:a5:bf:8c g0_s1:2 -> g1_s0:4
[2026-06-22 18:07:21] MAC FLAP 92:e0:fa:df:41:3a g0_s1:2 -> g1_s0:1
[2026-06-22 18:07:21] MAC FLAP 9e:15:46:6f:0b:de g0_s1:1 -> g1_s0:3
[2026-06-22 18:07:21] MAC FLAP 1a:4a:a3:63:c4:d4 g0_s0:2 -> g1_s0:3
[2026-06-22 18:07:21] MAC FLAP ee:d8:1f:c6:58:dc g0_s1:2 -> g1_s0:4
[2026-06-22 18:07:21] MAC FLAP b2:7b:14:3f:6d:2e g0_s1:2 -> g1_s0:2
[2026-06-22 18:07:21] MAC FLAP a6:08:49:a1:b7:91 g1_s0:3 -> g1_s1:2
[2026-06-22 18:07:21] MAC FLAP de:f6:4d:4b:90:4b g1_s0:4 -> g1_s1:2
[2026-06-22 18:07:21] MAC FLAP 16:8b:d1:2e:12:b7 g1_s0:3 -> g1_s1:2
[2026-06-22 18:07:21] MAC FLAP ba:a3:f7:d5:25:ce g1_s0:4 -> g1_s1:2
[2026-06-22 18:07:21] MAC FLAP 86:e9:f9:a5:bf:8c g1_s0:4 -> g1_s1:2
[2026-06-22 18:07:21] MAC FLAP 92:e0:fa:df:41:3a g1_s0:1 -> g1_s1:2
[2026-06-22 18:07:21] MAC FLAP 9e:15:46:6f:0b:de g1_s0:3 -> g1_s1:2
[2026-06-22 18:07:21] MAC FLAP 1a:4a:a3:63:c4:d4 g1_s0:3 -> g1_s1:2
[2026-06-22 18:07:21] MAC FLAP ee:d8:1f:c6:58:dc g1_s0:4 -> g1_s1:2
[2026-06-22 18:07:21] MAC FLAP a6:08:49:a1:b7:91 g1_s1:2 -> g2_s0:3
[2026-06-22 18:07:21] MAC FLAP ba:a3:f7:d5:25:ce g1_s1:2 -> g2_s0:2
[2026-06-22 18:07:21] MAC FLAP 16:8b:d1:2e:12:b7 g1_s1:2 -> g2_s0:3
[2026-06-22 18:07:21] MAC FLAP 86:e9:f9:a5:bf:8c g1_s1:2 -> g2_s0:1
[2026-06-22 18:07:21] MAC FLAP aa:5a:ee:c6:d4:4d g2_s1:2 -> g2_s0:3
[2026-06-22 18:07:21] MAC FLAP 92:e0:fa:df:41:3a g1_s1:2 -> g2_s0:3
[2026-06-22 18:07:21] MAC FLAP 9e:15:46:6f:0b:de g1_s1:2 -> g2_s0:3
[2026-06-22 18:07:21] MAC FLAP 1a:4a:a3:63:c4:d4 g1_s1:2 -> g2_s0:3
[2026-06-22 18:07:21] MAC FLAP ee:d8:1f:c6:58:dc g1_s1:2 -> g2_s0:2
[2026-06-22 18:07:21] MAC FLAP b2:7b:14:3f:6d:2e g1_s0:2 -> g2_s0:3
[2026-06-22 18:07:21] MAC FLAP a6:08:49:a1:b7:91 g2_s0:3 -> g2_s1:2
[2026-06-22 18:07:21] MAC FLAP 16:8b:d1:2e:12:b7 g2_s0:3 -> g2_s1:2
[2026-06-22 18:07:21] MAC FLAP 86:e9:f9:a5:bf:8c g2_s0:1 -> g2_s1:2
[2026-06-22 18:07:21] MAC FLAP 92:e0:fa:df:41:3a g2_s0:3 -> g2_s1:2
[2026-06-22 18:07:21] MAC FLAP aa:5a:ee:c6:d4:4d g2_s0:3 -> g2_s1:2
[2026-06-22 18:07:21] MAC FLAP 9e:15:46:6f:0b:de g2_s0:3 -> g2_s1:2
[2026-06-22 18:07:21] MAC FLAP 1a:4a:a3:63:c4:d4 g2_s0:3 -> g2_s1:2
[2026-06-22 18:07:21] MAC FLAP ee:d8:1f:c6:58:dc g2_s0:2 -> g2_s1:1
[2026-06-22 18:07:21] MAC FLAP b2:7b:14:3f:6d:2e g2_s0:3 -> g2_s1:2
[2026-06-22 18:07:26] MAC FLAP a6:08:49:a1:b7:91 g2_s1:2 -> g0_s0:1
[2026-06-22 18:07:26] MAC FLAP de:f6:4d:4b:90:4b g1_s1:2 -> g0_s0:3
[2026-06-22 18:07:26] MAC FLAP ba:a3:f7:d5:25:ce g2_s0:2 -> g0_s0:3
[2026-06-22 18:07:26] MAC FLAP 86:e9:f9:a5:bf:8c g2_s1:2 -> g0_s0:3
[2026-06-22 18:07:26] MAC FLAP 92:e0:fa:df:41:3a g2_s1:2 -> g0_s0:3
[2026-06-22 18:07:26] MAC FLAP 46:9c:bc:ee:cf:25 g0_s1:2 -> g0_s0:3
[2026-06-22 18:07:26] MAC FLAP 9e:15:46:6f:0b:de g2_s1:2 -> g0_s0:2
[2026-06-22 18:07:26] MAC FLAP 1a:4a:a3:63:c4:d4 g2_s1:2 -> g0_s0:2
[2026-06-22 18:07:26] MAC FLAP ee:d8:1f:c6:58:dc g2_s1:1 -> g0_s0:3
[2026-06-22 18:07:26] MAC FLAP b2:7b:14:3f:6d:2e g2_s1:2 -> g0_s0:3
[2026-06-22 18:07:26] MAC FLAP a6:08:49:a1:b7:91 g0_s0:1 -> g0_s1:2
[2026-06-22 18:07:26] MAC FLAP de:f6:4d:4b:90:4b g0_s0:3 -> g0_s1:2
[2026-06-22 18:07:26] MAC FLAP ba:a3:f7:d5:25:ce g0_s0:3 -> g0_s1:2
[2026-06-22 18:07:26] MAC FLAP 86:e9:f9:a5:bf:8c g0_s0:3 -> g0_s1:2
[2026-06-22 18:07:26] MAC FLAP 92:e0:fa:df:41:3a g0_s0:3 -> g0_s1:2
[2026-06-22 18:07:26] MAC FLAP 46:9c:bc:ee:cf:25 g0_s0:3 -> g0_s1:2
[2026-06-22 18:07:26] MAC FLAP 9e:15:46:6f:0b:de g0_s0:2 -> g0_s1:1
[2026-06-22 18:07:26] MAC FLAP ee:d8:1f:c6:58:dc g0_s0:3 -> g0_s1:2
[2026-06-22 18:07:26] MAC FLAP b2:7b:14:3f:6d:2e g0_s0:3 -> g0_s1:2
[2026-06-22 18:07:26] MAC FLAP a6:08:49:a1:b7:91 g0_s1:2 -> g1_s0:3
[2026-06-22 18:07:26] MAC FLAP de:f6:4d:4b:90:4b g0_s1:2 -> g1_s0:4
[2026-06-22 18:07:26] MAC FLAP 16:8b:d1:2e:12:b7 g2_s1:2 -> g1_s0:3
[2026-06-22 18:07:26] MAC FLAP ba:a3:f7:d5:25:ce g0_s1:2 -> g1_s0:4
[2026-06-22 18:07:26] MAC FLAP 86:e9:f9:a5:bf:8c g0_s1:2 -> g1_s0:4
[2026-06-22 18:07:26] MAC FLAP 92:e0:fa:df:41:3a g0_s1:2 -> g1_s0:1
[2026-06-22 18:07:26] MAC FLAP 9e:15:46:6f:0b:de g0_s1:1 -> g1_s0:3
[2026-06-22 18:07:26] MAC FLAP 1a:4a:a3:63:c4:d4 g0_s0:2 -> g1_s0:3
[2026-06-22 18:07:26] MAC FLAP ee:d8:1f:c6:58:dc g0_s1:2 -> g1_s0:4
[2026-06-22 18:07:26] MAC FLAP b2:7b:14:3f:6d:2e g0_s1:2 -> g1_s0:2
[2026-06-22 18:07:26] MAC FLAP a6:08:49:a1:b7:91 g1_s0:3 -> g1_s1:2
[2026-06-22 18:07:26] MAC FLAP de:f6:4d:4b:90:4b g1_s0:4 -> g1_s1:2
[2026-06-22 18:07:26] MAC FLAP 16:8b:d1:2e:12:b7 g1_s0:3 -> g1_s1:2
[2026-06-22 18:07:26] MAC FLAP ba:a3:f7:d5:25:ce g1_s0:4 -> g1_s1:2
[2026-06-22 18:07:26] MAC FLAP 86:e9:f9:a5:bf:8c g1_s0:4 -> g1_s1:2
[2026-06-22 18:07:26] MAC FLAP 92:e0:fa:df:41:3a g1_s0:1 -> g1_s1:2
[2026-06-22 18:07:26] MAC FLAP 9e:15:46:6f:0b:de g1_s0:3 -> g1_s1:2
[2026-06-22 18:07:26] MAC FLAP 1a:4a:a3:63:c4:d4 g1_s0:3 -> g1_s1:2
[2026-06-22 18:07:26] MAC FLAP ee:d8:1f:c6:58:dc g1_s0:4 -> g1_s1:2
[2026-06-22 18:07:26] MAC FLAP a6:08:49:a1:b7:91 g1_s1:2 -> g2_s0:3
[2026-06-22 18:07:26] MAC FLAP ba:a3:f7:d5:25:ce g1_s1:2 -> g2_s0:2
[2026-06-22 18:07:26] MAC FLAP 16:8b:d1:2e:12:b7 g1_s1:2 -> g2_s0:3
[2026-06-22 18:07:26] MAC FLAP 86:e9:f9:a5:bf:8c g1_s1:2 -> g2_s0:1
[2026-06-22 18:07:26] MAC FLAP aa:5a:ee:c6:d4:4d g2_s1:2 -> g2_s0:3
[2026-06-22 18:07:26] MAC FLAP 92:e0:fa:df:41:3a g1_s1:2 -> g2_s0:3
[2026-06-22 18:07:26] MAC FLAP 9e:15:46:6f:0b:de g1_s1:2 -> g2_s0:3
[2026-06-22 18:07:26] MAC FLAP 1a:4a:a3:63:c4:d4 g1_s1:2 -> g2_s0:3
[2026-06-22 18:07:26] MAC FLAP ee:d8:1f:c6:58:dc g1_s1:2 -> g2_s0:2
[2026-06-22 18:07:26] MAC FLAP b2:7b:14:3f:6d:2e g1_s0:2 -> g2_s0:3
[2026-06-22 18:07:26] MAC FLAP a6:08:49:a1:b7:91 g2_s0:3 -> g2_s1:2
[2026-06-22 18:07:26] MAC FLAP 16:8b:d1:2e:12:b7 g2_s0:3 -> g2_s1:2
[2026-06-22 18:07:26] MAC FLAP 86:e9:f9:a5:bf:8c g2_s0:1 -> g2_s1:2
[2026-06-22 18:07:26] MAC FLAP 92:e0:fa:df:41:3a g2_s0:3 -> g2_s1:2
[2026-06-22 18:07:26] MAC FLAP aa:5a:ee:c6:d4:4d g2_s0:3 -> g2_s1:2
[2026-06-22 18:07:26] MAC FLAP 9e:15:46:6f:0b:de g2_s0:3 -> g2_s1:2
[2026-06-22 18:07:26] MAC FLAP 1a:4a:a3:63:c4:d4 g2_s0:3 -> g2_s1:2
[2026-06-22 18:07:26] MAC FLAP ee:d8:1f:c6:58:dc g2_s0:2 -> g2_s1:1
[2026-06-22 18:07:26] MAC FLAP b2:7b:14:3f:6d:2e g2_s0:3 -> g2_s1:2
[2026-06-22 18:07:31] MAC FLAP a6:08:49:a1:b7:91 g2_s1:2 -> g0_s0:1
[2026-06-22 18:07:31] MAC FLAP de:f6:4d:4b:90:4b g1_s1:2 -> g0_s0:3
[2026-06-22 18:07:31] MAC FLAP ba:a3:f7:d5:25:ce g2_s0:2 -> g0_s0:3
[2026-06-22 18:07:31] MAC FLAP 86:e9:f9:a5:bf:8c g2_s1:2 -> g0_s0:3
[2026-06-22 18:07:31] MAC FLAP 92:e0:fa:df:41:3a g2_s1:2 -> g0_s0:3
[2026-06-22 18:07:31] MAC FLAP 46:9c:bc:ee:cf:25 g0_s1:2 -> g0_s0:3
[2026-06-22 18:07:31] MAC FLAP 9e:15:46:6f:0b:de g2_s1:2 -> g0_s0:2
[2026-06-22 18:07:31] MAC FLAP 1a:4a:a3:63:c4:d4 g2_s1:2 -> g0_s0:2
[2026-06-22 18:07:31] MAC FLAP ee:d8:1f:c6:58:dc g2_s1:1 -> g0_s0:3
[2026-06-22 18:07:31] MAC FLAP b2:7b:14:3f:6d:2e g2_s1:2 -> g0_s0:3
[2026-06-22 18:07:31] MAC FLAP a6:08:49:a1:b7:91 g0_s0:1 -> g0_s1:2
[2026-06-22 18:07:31] MAC FLAP de:f6:4d:4b:90:4b g0_s0:3 -> g0_s1:2
[2026-06-22 18:07:31] MAC FLAP ba:a3:f7:d5:25:ce g0_s0:3 -> g0_s1:2
[2026-06-22 18:07:31] MAC FLAP 86:e9:f9:a5:bf:8c g0_s0:3 -> g0_s1:2
[2026-06-22 18:07:31] MAC FLAP 92:e0:fa:df:41:3a g0_s0:3 -> g0_s1:2
[2026-06-22 18:07:31] MAC FLAP 46:9c:bc:ee:cf:25 g0_s0:3 -> g0_s1:2
[2026-06-22 18:07:31] MAC FLAP 9e:15:46:6f:0b:de g0_s0:2 -> g0_s1:1
[2026-06-22 18:07:31] MAC FLAP ee:d8:1f:c6:58:dc g0_s0:3 -> g0_s1:2
[2026-06-22 18:07:31] MAC FLAP b2:7b:14:3f:6d:2e g0_s0:3 -> g0_s1:2
[2026-06-22 18:07:31] MAC FLAP a6:08:49:a1:b7:91 g0_s1:2 -> g1_s0:3
[2026-06-22 18:07:31] MAC FLAP de:f6:4d:4b:90:4b g0_s1:2 -> g1_s0:4
[2026-06-22 18:07:31] MAC FLAP 16:8b:d1:2e:12:b7 g2_s1:2 -> g1_s0:3
[2026-06-22 18:07:31] MAC FLAP ba:a3:f7:d5:25:ce g0_s1:2 -> g1_s0:4
[2026-06-22 18:07:31] MAC FLAP 86:e9:f9:a5:bf:8c g0_s1:2 -> g1_s0:4
[2026-06-22 18:07:31] MAC FLAP 92:e0:fa:df:41:3a g0_s1:2 -> g1_s0:1
[2026-06-22 18:07:31] MAC FLAP 9e:15:46:6f:0b:de g0_s1:1 -> g1_s0:3
[2026-06-22 18:07:31] MAC FLAP 1a:4a:a3:63:c4:d4 g0_s0:2 -> g1_s0:3
[2026-06-22 18:07:31] MAC FLAP ee:d8:1f:c6:58:dc g0_s1:2 -> g1_s0:4
[2026-06-22 18:07:31] MAC FLAP b2:7b:14:3f:6d:2e g0_s1:2 -> g1_s0:2
[2026-06-22 18:07:31] MAC FLAP a6:08:49:a1:b7:91 g1_s0:3 -> g1_s1:2
[2026-06-22 18:07:31] MAC FLAP de:f6:4d:4b:90:4b g1_s0:4 -> g1_s1:2
[2026-06-22 18:07:31] MAC FLAP 16:8b:d1:2e:12:b7 g1_s0:3 -> g1_s1:2
[2026-06-22 18:07:31] MAC FLAP ba:a3:f7:d5:25:ce g1_s0:4 -> g1_s1:2
[2026-06-22 18:07:31] MAC FLAP 86:e9:f9:a5:bf:8c g1_s0:4 -> g1_s1:2
[2026-06-22 18:07:31] MAC FLAP 92:e0:fa:df:41:3a g1_s0:1 -> g1_s1:2
[2026-06-22 18:07:31] MAC FLAP 9e:15:46:6f:0b:de g1_s0:3 -> g1_s1:2
[2026-06-22 18:07:31] MAC FLAP 1a:4a:a3:63:c4:d4 g1_s0:3 -> g1_s1:2
[2026-06-22 18:07:31] MAC FLAP ee:d8:1f:c6:58:dc g1_s0:4 -> g1_s1:2
[2026-06-22 18:07:31] MAC FLAP a6:08:49:a1:b7:91 g1_s1:2 -> g2_s0:3
[2026-06-22 18:07:31] MAC FLAP ba:a3:f7:d5:25:ce g1_s1:2 -> g2_s0:2
[2026-06-22 18:07:31] MAC FLAP 16:8b:d1:2e:12:b7 g1_s1:2 -> g2_s0:3
[2026-06-22 18:07:31] MAC FLAP 86:e9:f9:a5:bf:8c g1_s1:2 -> g2_s0:1
[2026-06-22 18:07:31] MAC FLAP aa:5a:ee:c6:d4:4d g2_s1:2 -> g2_s0:3
[2026-06-22 18:07:31] MAC FLAP 92:e0:fa:df:41:3a g1_s1:2 -> g2_s0:3
[2026-06-22 18:07:31] MAC FLAP 9e:15:46:6f:0b:de g1_s1:2 -> g2_s0:3
[2026-06-22 18:07:31] MAC FLAP 1a:4a:a3:63:c4:d4 g1_s1:2 -> g2_s0:3
[2026-06-22 18:07:31] MAC FLAP ee:d8:1f:c6:58:dc g1_s1:2 -> g2_s0:2
[2026-06-22 18:07:31] MAC FLAP b2:7b:14:3f:6d:2e g1_s0:2 -> g2_s0:3
[2026-06-22 18:07:31] MAC FLAP a6:08:49:a1:b7:91 g2_s0:3 -> g2_s1:2
[2026-06-22 18:07:31] MAC FLAP 16:8b:d1:2e:12:b7 g2_s0:3 -> g2_s1:2
[2026-06-22 18:07:31] MAC FLAP 86:e9:f9:a5:bf:8c g2_s0:1 -> g2_s1:2
[2026-06-22 18:07:31] MAC FLAP 92:e0:fa:df:41:3a g2_s0:3 -> g2_s1:2
[2026-06-22 18:07:31] MAC FLAP aa:5a:ee:c6:d4:4d g2_s0:3 -> g2_s1:2
[2026-06-22 18:07:31] MAC FLAP 9e:15:46:6f:0b:de g2_s0:3 -> g2_s1:2
[2026-06-22 18:07:31] MAC FLAP 1a:4a:a3:63:c4:d4 g2_s0:3 -> g2_s1:2
[2026-06-22 18:07:31] MAC FLAP ee:d8:1f:c6:58:dc g2_s0:2 -> g2_s1:1
[2026-06-22 18:07:31] MAC FLAP b2:7b:14:3f:6d:2e g2_s0:3 -> g2_s1:2
[2026-06-22 18:07:36] MAC FLAP a6:08:49:a1:b7:91 g2_s1:2 -> g0_s0:1
[2026-06-22 18:07:36] MAC FLAP de:f6:4d:4b:90:4b g1_s1:2 -> g0_s0:3
[2026-06-22 18:07:36] MAC FLAP ba:a3:f7:d5:25:ce g2_s0:2 -> g0_s0:3
[2026-06-22 18:07:36] MAC FLAP 86:e9:f9:a5:bf:8c g2_s1:2 -> g0_s0:3
[2026-06-22 18:07:36] MAC FLAP 92:e0:fa:df:41:3a g2_s1:2 -> g0_s0:3
[2026-06-22 18:07:36] MAC FLAP 46:9c:bc:ee:cf:25 g0_s1:2 -> g0_s0:3
[2026-06-22 18:07:36] MAC FLAP 9e:15:46:6f:0b:de g2_s1:2 -> g0_s0:2
[2026-06-22 18:07:36] MAC FLAP 1a:4a:a3:63:c4:d4 g2_s1:2 -> g0_s0:2
[2026-06-22 18:07:36] MAC FLAP ee:d8:1f:c6:58:dc g2_s1:1 -> g0_s0:3
[2026-06-22 18:07:36] MAC FLAP b2:7b:14:3f:6d:2e g2_s1:2 -> g0_s0:3
[2026-06-22 18:07:36] MAC FLAP a6:08:49:a1:b7:91 g0_s0:1 -> g0_s1:2
[2026-06-22 18:07:36] MAC FLAP de:f6:4d:4b:90:4b g0_s0:3 -> g0_s1:2
[2026-06-22 18:07:36] MAC FLAP ba:a3:f7:d5:25:ce g0_s0:3 -> g0_s1:2
[2026-06-22 18:07:36] MAC FLAP 86:e9:f9:a5:bf:8c g0_s0:3 -> g0_s1:2
[2026-06-22 18:07:36] MAC FLAP 92:e0:fa:df:41:3a g0_s0:3 -> g0_s1:2
[2026-06-22 18:07:36] MAC FLAP 46:9c:bc:ee:cf:25 g0_s0:3 -> g0_s1:2
[2026-06-22 18:07:36] MAC FLAP 9e:15:46:6f:0b:de g0_s0:2 -> g0_s1:1
[2026-06-22 18:07:36] MAC FLAP ee:d8:1f:c6:58:dc g0_s0:3 -> g0_s1:2
[2026-06-22 18:07:36] MAC FLAP b2:7b:14:3f:6d:2e g0_s0:3 -> g0_s1:2
[2026-06-22 18:07:36] MAC FLAP a6:08:49:a1:b7:91 g0_s1:2 -> g1_s0:3
[2026-06-22 18:07:36] MAC FLAP de:f6:4d:4b:90:4b g0_s1:2 -> g1_s0:4
[2026-06-22 18:07:36] MAC FLAP 16:8b:d1:2e:12:b7 g2_s1:2 -> g1_s0:3
[2026-06-22 18:07:36] MAC FLAP ba:a3:f7:d5:25:ce g0_s1:2 -> g1_s0:4
[2026-06-22 18:07:36] MAC FLAP 86:e9:f9:a5:bf:8c g0_s1:2 -> g1_s0:4
[2026-06-22 18:07:36] MAC FLAP 92:e0:fa:df:41:3a g0_s1:2 -> g1_s0:1
[2026-06-22 18:07:36] MAC FLAP 9e:15:46:6f:0b:de g0_s1:1 -> g1_s0:3
[2026-06-22 18:07:36] MAC FLAP 1a:4a:a3:63:c4:d4 g0_s0:2 -> g1_s0:3
[2026-06-22 18:07:36] MAC FLAP ee:d8:1f:c6:58:dc g0_s1:2 -> g1_s0:4
[2026-06-22 18:07:36] MAC FLAP b2:7b:14:3f:6d:2e g0_s1:2 -> g1_s0:2
[2026-06-22 18:07:36] MAC FLAP a6:08:49:a1:b7:91 g1_s0:3 -> g1_s1:2
[2026-06-22 18:07:36] MAC FLAP de:f6:4d:4b:90:4b g1_s0:4 -> g1_s1:2
[2026-06-22 18:07:36] MAC FLAP 16:8b:d1:2e:12:b7 g1_s0:3 -> g1_s1:2
[2026-06-22 18:07:36] MAC FLAP ba:a3:f7:d5:25:ce g1_s0:4 -> g1_s1:2
[2026-06-22 18:07:36] MAC FLAP 86:e9:f9:a5:bf:8c g1_s0:4 -> g1_s1:2
[2026-06-22 18:07:36] MAC FLAP 92:e0:fa:df:41:3a g1_s0:1 -> g1_s1:2
[2026-06-22 18:07:36] MAC FLAP 9e:15:46:6f:0b:de g1_s0:3 -> g1_s1:2
[2026-06-22 18:07:36] MAC FLAP 1a:4a:a3:63:c4:d4 g1_s0:3 -> g1_s1:2
[2026-06-22 18:07:36] MAC FLAP ee:d8:1f:c6:58:dc g1_s0:4 -> g1_s1:2
[2026-06-22 18:07:36] MAC FLAP a6:08:49:a1:b7:91 g1_s1:2 -> g2_s0:3
[2026-06-22 18:07:36] MAC FLAP ba:a3:f7:d5:25:ce g1_s1:2 -> g2_s0:2
[2026-06-22 18:07:36] MAC FLAP 16:8b:d1:2e:12:b7 g1_s1:2 -> g2_s0:3
[2026-06-22 18:07:36] MAC FLAP 86:e9:f9:a5:bf:8c g1_s1:2 -> g2_s0:1
[2026-06-22 18:07:36] MAC FLAP aa:5a:ee:c6:d4:4d g2_s1:2 -> g2_s0:3
[2026-06-22 18:07:36] MAC FLAP 92:e0:fa:df:41:3a g1_s1:2 -> g2_s0:3
[2026-06-22 18:07:36] MAC FLAP 9e:15:46:6f:0b:de g1_s1:2 -> g2_s0:3
[2026-06-22 18:07:36] MAC FLAP 1a:4a:a3:63:c4:d4 g1_s1:2 -> g2_s0:3
[2026-06-22 18:07:36] MAC FLAP ee:d8:1f:c6:58:dc g1_s1:2 -> g2_s0:2
[2026-06-22 18:07:36] MAC FLAP b2:7b:14:3f:6d:2e g1_s0:2 -> g2_s0:3
[2026-06-22 18:07:36] MAC FLAP a6:08:49:a1:b7:91 g2_s0:3 -> g2_s1:2
[2026-06-22 18:07:36] MAC FLAP 16:8b:d1:2e:12:b7 g2_s0:3 -> g2_s1:2
[2026-06-22 18:07:36] MAC FLAP 86:e9:f9:a5:bf:8c g2_s0:1 -> g2_s1:2
[2026-06-22 18:07:36] MAC FLAP 92:e0:fa:df:41:3a g2_s0:3 -> g2_s1:2
[2026-06-22 18:07:36] MAC FLAP aa:5a:ee:c6:d4:4d g2_s0:3 -> g2_s1:2
[2026-06-22 18:07:36] MAC FLAP 9e:15:46:6f:0b:de g2_s0:3 -> g2_s1:2
[2026-06-22 18:07:36] MAC FLAP 1a:4a:a3:63:c4:d4 g2_s0:3 -> g2_s1:2
[2026-06-22 18:07:36] MAC FLAP ee:d8:1f:c6:58:dc g2_s0:2 -> g2_s1:1
[2026-06-22 18:07:36] MAC FLAP b2:7b:14:3f:6d:2e g2_s0:3 -> g2_s1:2
[2026-06-22 18:07:43] MAC FLAP a6:08:49:a1:b7:91 g2_s1:2 -> g0_s0:1
[2026-06-22 18:07:43] MAC FLAP de:f6:4d:4b:90:4b g1_s1:2 -> g0_s0:3
[2026-06-22 18:07:43] MAC FLAP ba:a3:f7:d5:25:ce g2_s0:2 -> g0_s0:3
[2026-06-22 18:07:43] MAC FLAP 86:e9:f9:a5:bf:8c g2_s1:2 -> g0_s0:3
[2026-06-22 18:07:43] MAC FLAP 92:e0:fa:df:41:3a g2_s1:2 -> g0_s0:3
[2026-06-22 18:07:43] MAC FLAP 46:9c:bc:ee:cf:25 g0_s1:2 -> g0_s0:3
[2026-06-22 18:07:43] MAC FLAP 9e:15:46:6f:0b:de g2_s1:2 -> g0_s0:2
[2026-06-22 18:07:43] MAC FLAP 1a:4a:a3:63:c4:d4 g2_s1:2 -> g0_s0:2
[2026-06-22 18:07:43] MAC FLAP ee:d8:1f:c6:58:dc g2_s1:1 -> g0_s0:3
[2026-06-22 18:07:43] MAC FLAP b2:7b:14:3f:6d:2e g2_s1:2 -> g0_s0:3
[2026-06-22 18:07:43] MAC FLAP a6:08:49:a1:b7:91 g0_s0:1 -> g0_s1:2
[2026-06-22 18:07:43] MAC FLAP de:f6:4d:4b:90:4b g0_s0:3 -> g0_s1:2
[2026-06-22 18:07:43] MAC FLAP ba:a3:f7:d5:25:ce g0_s0:3 -> g0_s1:2
[2026-06-22 18:07:43] MAC FLAP 86:e9:f9:a5:bf:8c g0_s0:3 -> g0_s1:2
[2026-06-22 18:07:43] MAC FLAP 92:e0:fa:df:41:3a g0_s0:3 -> g0_s1:2
[2026-06-22 18:07:43] MAC FLAP 46:9c:bc:ee:cf:25 g0_s0:3 -> g0_s1:2
[2026-06-22 18:07:43] MAC FLAP 9e:15:46:6f:0b:de g0_s0:2 -> g0_s1:1
[2026-06-22 18:07:43] MAC FLAP ee:d8:1f:c6:58:dc g0_s0:3 -> g0_s1:2
[2026-06-22 18:07:43] MAC FLAP b2:7b:14:3f:6d:2e g0_s0:3 -> g0_s1:2
[2026-06-22 18:07:43] MAC FLAP a6:08:49:a1:b7:91 g0_s1:2 -> g1_s0:3
[2026-06-22 18:07:43] MAC FLAP de:f6:4d:4b:90:4b g0_s1:2 -> g1_s0:4
[2026-06-22 18:07:43] MAC FLAP 16:8b:d1:2e:12:b7 g2_s1:2 -> g1_s0:3
[2026-06-22 18:07:43] MAC FLAP ba:a3:f7:d5:25:ce g0_s1:2 -> g1_s0:4
[2026-06-22 18:07:43] MAC FLAP 86:e9:f9:a5:bf:8c g0_s1:2 -> g1_s0:4
[2026-06-22 18:07:43] MAC FLAP 92:e0:fa:df:41:3a g0_s1:2 -> g1_s0:1
[2026-06-22 18:07:43] MAC FLAP 9e:15:46:6f:0b:de g0_s1:1 -> g1_s0:3
[2026-06-22 18:07:43] MAC FLAP 1a:4a:a3:63:c4:d4 g0_s0:2 -> g1_s0:3
[2026-06-22 18:07:43] MAC FLAP ee:d8:1f:c6:58:dc g0_s1:2 -> g1_s0:4
[2026-06-22 18:07:43] MAC FLAP b2:7b:14:3f:6d:2e g0_s1:2 -> g1_s0:2
[2026-06-22 18:07:43] MAC FLAP a6:08:49:a1:b7:91 g1_s0:3 -> g1_s1:2
[2026-06-22 18:07:43] MAC FLAP de:f6:4d:4b:90:4b g1_s0:4 -> g1_s1:2
[2026-06-22 18:07:43] MAC FLAP 16:8b:d1:2e:12:b7 g1_s0:3 -> g1_s1:2
[2026-06-22 18:07:43] MAC FLAP ba:a3:f7:d5:25:ce g1_s0:4 -> g1_s1:2
[2026-06-22 18:07:43] MAC FLAP 86:e9:f9:a5:bf:8c g1_s0:4 -> g1_s1:2
[2026-06-22 18:07:43] MAC FLAP 92:e0:fa:df:41:3a g1_s0:1 -> g1_s1:2
[2026-06-22 18:07:43] MAC FLAP 9e:15:46:6f:0b:de g1_s0:3 -> g1_s1:2
[2026-06-22 18:07:43] MAC FLAP 1a:4a:a3:63:c4:d4 g1_s0:3 -> g1_s1:2
[2026-06-22 18:07:43] MAC FLAP ee:d8:1f:c6:58:dc g1_s0:4 -> g1_s1:2
[2026-06-22 18:07:43] MAC FLAP a6:08:49:a1:b7:91 g1_s1:2 -> g2_s0:3
[2026-06-22 18:07:43] MAC FLAP ba:a3:f7:d5:25:ce g1_s1:2 -> g2_s0:2
[2026-06-22 18:07:43] MAC FLAP 16:8b:d1:2e:12:b7 g1_s1:2 -> g2_s0:3
[2026-06-22 18:07:43] MAC FLAP 86:e9:f9:a5:bf:8c g1_s1:2 -> g2_s0:1
[2026-06-22 18:07:43] MAC FLAP aa:5a:ee:c6:d4:4d g2_s1:2 -> g2_s0:3
[2026-06-22 18:07:43] MAC FLAP 92:e0:fa:df:41:3a g1_s1:2 -> g2_s0:3
[2026-06-22 18:07:43] MAC FLAP 9e:15:46:6f:0b:de g1_s1:2 -> g2_s0:3
[2026-06-22 18:07:43] MAC FLAP 1a:4a:a3:63:c4:d4 g1_s1:2 -> g2_s0:3
[2026-06-22 18:07:43] MAC FLAP ee:d8:1f:c6:58:dc g1_s1:2 -> g2_s0:2
[2026-06-22 18:07:43] MAC FLAP b2:7b:14:3f:6d:2e g1_s0:2 -> g2_s0:3
[2026-06-22 18:07:43] MAC FLAP a6:08:49:a1:b7:91 g2_s0:3 -> g2_s1:2
[2026-06-22 18:07:43] MAC FLAP 16:8b:d1:2e:12:b7 g2_s0:3 -> g2_s1:2
[2026-06-22 18:07:43] MAC FLAP 86:e9:f9:a5:bf:8c g2_s0:1 -> g2_s1:2
[2026-06-22 18:07:43] MAC FLAP 92:e0:fa:df:41:3a g2_s0:3 -> g2_s1:2
[2026-06-22 18:07:43] MAC FLAP aa:5a:ee:c6:d4:4d g2_s0:3 -> g2_s1:2
[2026-06-22 18:07:43] MAC FLAP 9e:15:46:6f:0b:de g2_s0:3 -> g2_s1:2
[2026-06-22 18:07:43] MAC FLAP 1a:4a:a3:63:c4:d4 g2_s0:3 -> g2_s1:2
[2026-06-22 18:07:43] MAC FLAP ee:d8:1f:c6:58:dc g2_s0:2 -> g2_s1:1
[2026-06-22 18:07:43] MAC FLAP b2:7b:14:3f:6d:2e g2_s0:3 -> g2_s1:2
[2026-06-22 18:07:48] MAC FLAP a6:08:49:a1:b7:91 g2_s1:2 -> g0_s0:1
[2026-06-22 18:07:48] MAC FLAP de:f6:4d:4b:90:4b g1_s1:2 -> g0_s0:3
[2026-06-22 18:07:48] MAC FLAP ba:a3:f7:d5:25:ce g2_s0:2 -> g0_s0:3
[2026-06-22 18:07:48] MAC FLAP 86:e9:f9:a5:bf:8c g2_s1:2 -> g0_s0:3
[2026-06-22 18:07:48] MAC FLAP 92:e0:fa:df:41:3a g2_s1:2 -> g0_s0:3
[2026-06-22 18:07:48] MAC FLAP 46:9c:bc:ee:cf:25 g0_s1:2 -> g0_s0:3
[2026-06-22 18:07:48] MAC FLAP 9e:15:46:6f:0b:de g2_s1:2 -> g0_s0:2
[2026-06-22 18:07:48] MAC FLAP 1a:4a:a3:63:c4:d4 g2_s1:2 -> g0_s0:2
[2026-06-22 18:07:48] MAC FLAP ee:d8:1f:c6:58:dc g2_s1:1 -> g0_s0:3
[2026-06-22 18:07:48] MAC FLAP b2:7b:14:3f:6d:2e g2_s1:2 -> g0_s0:3
[2026-06-22 18:07:48] MAC FLAP a6:08:49:a1:b7:91 g0_s0:1 -> g0_s1:2
[2026-06-22 18:07:48] MAC FLAP de:f6:4d:4b:90:4b g0_s0:3 -> g0_s1:2
[2026-06-22 18:07:48] MAC FLAP ba:a3:f7:d5:25:ce g0_s0:3 -> g0_s1:2
[2026-06-22 18:07:48] MAC FLAP 86:e9:f9:a5:bf:8c g0_s0:3 -> g0_s1:2
[2026-06-22 18:07:48] MAC FLAP 92:e0:fa:df:41:3a g0_s0:3 -> g0_s1:2
[2026-06-22 18:07:48] MAC FLAP 46:9c:bc:ee:cf:25 g0_s0:3 -> g0_s1:2
[2026-06-22 18:07:48] MAC FLAP 9e:15:46:6f:0b:de g0_s0:2 -> g0_s1:1
[2026-06-22 18:07:48] MAC FLAP ee:d8:1f:c6:58:dc g0_s0:3 -> g0_s1:2
[2026-06-22 18:07:48] MAC FLAP b2:7b:14:3f:6d:2e g0_s0:3 -> g0_s1:2
[2026-06-22 18:07:48] MAC FLAP a6:08:49:a1:b7:91 g0_s1:2 -> g1_s0:3
[2026-06-22 18:07:48] MAC FLAP de:f6:4d:4b:90:4b g0_s1:2 -> g1_s0:4
[2026-06-22 18:07:48] MAC FLAP 16:8b:d1:2e:12:b7 g2_s1:2 -> g1_s0:3
[2026-06-22 18:07:48] MAC FLAP ba:a3:f7:d5:25:ce g0_s1:2 -> g1_s0:4
[2026-06-22 18:07:48] MAC FLAP 86:e9:f9:a5:bf:8c g0_s1:2 -> g1_s0:4
[2026-06-22 18:07:48] MAC FLAP 92:e0:fa:df:41:3a g0_s1:2 -> g1_s0:1
[2026-06-22 18:07:48] MAC FLAP 9e:15:46:6f:0b:de g0_s1:1 -> g1_s0:3
[2026-06-22 18:07:48] MAC FLAP 1a:4a:a3:63:c4:d4 g0_s0:2 -> g1_s0:3
[2026-06-22 18:07:48] MAC FLAP ee:d8:1f:c6:58:dc g0_s1:2 -> g1_s0:4
[2026-06-22 18:07:48] MAC FLAP b2:7b:14:3f:6d:2e g0_s1:2 -> g1_s0:2
[2026-06-22 18:07:48] MAC FLAP a6:08:49:a1:b7:91 g1_s0:3 -> g1_s1:2
[2026-06-22 18:07:48] MAC FLAP de:f6:4d:4b:90:4b g1_s0:4 -> g1_s1:2
[2026-06-22 18:07:48] MAC FLAP 16:8b:d1:2e:12:b7 g1_s0:3 -> g1_s1:2
[2026-06-22 18:07:48] MAC FLAP ba:a3:f7:d5:25:ce g1_s0:4 -> g1_s1:2
[2026-06-22 18:07:48] MAC FLAP 86:e9:f9:a5:bf:8c g1_s0:4 -> g1_s1:2
[2026-06-22 18:07:48] MAC FLAP 92:e0:fa:df:41:3a g1_s0:1 -> g1_s1:2
[2026-06-22 18:07:48] MAC FLAP 9e:15:46:6f:0b:de g1_s0:3 -> g1_s1:2
[2026-06-22 18:07:48] MAC FLAP 1a:4a:a3:63:c4:d4 g1_s0:3 -> g1_s1:2
[2026-06-22 18:07:48] MAC FLAP ee:d8:1f:c6:58:dc g1_s0:4 -> g1_s1:2
[2026-06-22 18:07:48] MAC FLAP a6:08:49:a1:b7:91 g1_s1:2 -> g2_s0:3
[2026-06-22 18:07:48] MAC FLAP ba:a3:f7:d5:25:ce g1_s1:2 -> g2_s0:2
[2026-06-22 18:07:48] MAC FLAP 16:8b:d1:2e:12:b7 g1_s1:2 -> g2_s0:3
[2026-06-22 18:07:48] MAC FLAP 86:e9:f9:a5:bf:8c g1_s1:2 -> g2_s0:1
[2026-06-22 18:07:48] MAC FLAP aa:5a:ee:c6:d4:4d g2_s1:2 -> g2_s0:3
[2026-06-22 18:07:48] MAC FLAP 92:e0:fa:df:41:3a g1_s1:2 -> g2_s0:3
[2026-06-22 18:07:48] MAC FLAP 9e:15:46:6f:0b:de g1_s1:2 -> g2_s0:3
[2026-06-22 18:07:48] MAC FLAP 1a:4a:a3:63:c4:d4 g1_s1:2 -> g2_s0:3
[2026-06-22 18:07:48] MAC FLAP ee:d8:1f:c6:58:dc g1_s1:2 -> g2_s0:2
[2026-06-22 18:07:48] MAC FLAP b2:7b:14:3f:6d:2e g1_s0:2 -> g2_s0:3
[2026-06-22 18:07:48] MAC FLAP a6:08:49:a1:b7:91 g2_s0:3 -> g2_s1:2
[2026-06-22 18:07:48] MAC FLAP 16:8b:d1:2e:12:b7 g2_s0:3 -> g2_s1:2
[2026-06-22 18:07:48] MAC FLAP 86:e9:f9:a5:bf:8c g2_s0:1 -> g2_s1:2
[2026-06-22 18:07:48] MAC FLAP 92:e0:fa:df:41:3a g2_s0:3 -> g2_s1:2
[2026-06-22 18:07:48] MAC FLAP aa:5a:ee:c6:d4:4d g2_s0:3 -> g2_s1:2
[2026-06-22 18:07:48] MAC FLAP 9e:15:46:6f:0b:de g2_s0:3 -> g2_s1:2
[2026-06-22 18:07:48] MAC FLAP 1a:4a:a3:63:c4:d4 g2_s0:3 -> g2_s1:2
[2026-06-22 18:07:48] MAC FLAP ee:d8:1f:c6:58:dc g2_s0:2 -> g2_s1:1
[2026-06-22 18:07:48] MAC FLAP b2:7b:14:3f:6d:2e g2_s0:3 -> g2_s1:2
[2026-06-22 18:07:54] Baseline snapshot created (40 entries)
[2026-06-22 18:07:54] LEARNED a6:08:49:a1:b7:91 -> g0_s0:1
[2026-06-22 18:07:54] LEARNED ba:a3:f7:d5:25:ce -> g0_s0:3
[2026-06-22 18:07:54] LEARNED 86:e9:f9:a5:bf:8c -> g0_s0:3
[2026-06-22 18:07:54] LEARNED 92:e0:fa:df:41:3a -> g0_s0:3
[2026-06-22 18:07:54] LEARNED 46:9c:bc:ee:cf:25 -> g0_s0:3
[2026-06-22 18:07:54] LEARNED 9e:15:46:6f:0b:de -> g0_s0:2
[2026-06-22 18:07:54] LEARNED 1a:4a:a3:63:c4:d4 -> g0_s0:2
[2026-06-22 18:07:54] LEARNED ee:d8:1f:c6:58:dc -> g0_s0:3
[2026-06-22 18:07:54] LEARNED b2:7b:14:3f:6d:2e -> g0_s0:3
[2026-06-22 18:07:54] LEARNED de:f6:4d:4b:90:4b -> g0_s0:3
[2026-06-22 18:07:54] MAC FLAP a6:08:49:a1:b7:91 g0_s0:1 -> g0_s1:2
[2026-06-22 18:07:54] MAC FLAP ba:a3:f7:d5:25:ce g0_s0:3 -> g0_s1:2
[2026-06-22 18:07:54] MAC FLAP 86:e9:f9:a5:bf:8c g0_s0:3 -> g0_s1:2
[2026-06-22 18:07:54] MAC FLAP 92:e0:fa:df:41:3a g0_s0:3 -> g0_s1:2
[2026-06-22 18:07:54] MAC FLAP 46:9c:bc:ee:cf:25 g0_s0:3 -> g0_s1:2
[2026-06-22 18:07:54] MAC FLAP 9e:15:46:6f:0b:de g0_s0:2 -> g0_s1:1
[2026-06-22 18:07:54] LEARNED 86:6c:f6:0e:d0:c5 -> g0_s1:2
[2026-06-22 18:07:54] MAC FLAP ee:d8:1f:c6:58:dc g0_s0:3 -> g0_s1:2
[2026-06-22 18:07:54] MAC FLAP b2:7b:14:3f:6d:2e g0_s0:3 -> g0_s1:2
[2026-06-22 18:07:54] MAC FLAP de:f6:4d:4b:90:4b g0_s0:3 -> g0_s1:2
[2026-06-22 18:07:54] MAC FLAP a6:08:49:a1:b7:91 g0_s1:2 -> g1_s0:3
[2026-06-22 18:07:54] LEARNED 16:8b:d1:2e:12:b7 -> g1_s0:3
[2026-06-22 18:07:54] MAC FLAP ba:a3:f7:d5:25:ce g0_s1:2 -> g1_s0:4
[2026-06-22 18:07:54] MAC FLAP 86:e9:f9:a5:bf:8c g0_s1:2 -> g1_s0:4
[2026-06-22 18:07:54] MAC FLAP 92:e0:fa:df:41:3a g0_s1:2 -> g1_s0:1
[2026-06-22 18:07:54] MAC FLAP 9e:15:46:6f:0b:de g0_s1:1 -> g1_s0:3
[2026-06-22 18:07:54] MAC FLAP 1a:4a:a3:63:c4:d4 g0_s0:2 -> g1_s0:3
[2026-06-22 18:07:54] MAC FLAP ee:d8:1f:c6:58:dc g0_s1:2 -> g1_s0:4
[2026-06-22 18:07:54] MAC FLAP b2:7b:14:3f:6d:2e g0_s1:2 -> g1_s0:2
[2026-06-22 18:07:54] MAC FLAP de:f6:4d:4b:90:4b g0_s1:2 -> g1_s0:4
[2026-06-22 18:07:54] MAC FLAP a6:08:49:a1:b7:91 g1_s0:3 -> g1_s1:2
[2026-06-22 18:07:54] MAC FLAP 16:8b:d1:2e:12:b7 g1_s0:3 -> g1_s1:2
[2026-06-22 18:07:54] MAC FLAP ba:a3:f7:d5:25:ce g1_s0:4 -> g1_s1:2
[2026-06-22 18:07:54] MAC FLAP 86:e9:f9:a5:bf:8c g1_s0:4 -> g1_s1:2
[2026-06-22 18:07:54] MAC FLAP 92:e0:fa:df:41:3a g1_s0:1 -> g1_s1:2
[2026-06-22 18:07:54] MAC FLAP 9e:15:46:6f:0b:de g1_s0:3 -> g1_s1:2
[2026-06-22 18:07:54] MAC FLAP 1a:4a:a3:63:c4:d4 g1_s0:3 -> g1_s1:2
[2026-06-22 18:07:54] LEARNED ae:61:7c:da:b1:a0 -> g1_s1:2
[2026-06-22 18:07:54] MAC FLAP ee:d8:1f:c6:58:dc g1_s0:4 -> g1_s1:2
[2026-06-22 18:07:54] MAC FLAP de:f6:4d:4b:90:4b g1_s0:4 -> g1_s1:2
[2026-06-22 18:07:54] MAC FLAP a6:08:49:a1:b7:91 g1_s1:2 -> g2_s0:3
[2026-06-22 18:07:54] MAC FLAP ba:a3:f7:d5:25:ce g1_s1:2 -> g2_s0:2
[2026-06-22 18:07:54] MAC FLAP 16:8b:d1:2e:12:b7 g1_s1:2 -> g2_s0:3
[2026-06-22 18:07:54] MAC FLAP 86:e9:f9:a5:bf:8c g1_s1:2 -> g2_s0:1
[2026-06-22 18:07:54] LEARNED aa:5a:ee:c6:d4:4d -> g2_s0:3
[2026-06-22 18:07:54] MAC FLAP 92:e0:fa:df:41:3a g1_s1:2 -> g2_s0:3
[2026-06-22 18:07:54] MAC FLAP 9e:15:46:6f:0b:de g1_s1:2 -> g2_s0:3
[2026-06-22 18:07:54] MAC FLAP 1a:4a:a3:63:c4:d4 g1_s1:2 -> g2_s0:3
[2026-06-22 18:07:54] MAC FLAP ee:d8:1f:c6:58:dc g1_s1:2 -> g2_s0:2
[2026-06-22 18:07:54] MAC FLAP b2:7b:14:3f:6d:2e g1_s0:2 -> g2_s0:3
[2026-06-22 18:07:54] MAC FLAP a6:08:49:a1:b7:91 g2_s0:3 -> g2_s1:2
[2026-06-22 18:07:54] LEARNED d2:54:f6:d0:65:f3 -> g2_s1:2
[2026-06-22 18:07:54] MAC FLAP 16:8b:d1:2e:12:b7 g2_s0:3 -> g2_s1:2
[2026-06-22 18:07:54] MAC FLAP 86:e9:f9:a5:bf:8c g2_s0:1 -> g2_s1:2
[2026-06-22 18:07:54] MAC FLAP 92:e0:fa:df:41:3a g2_s0:3 -> g2_s1:2
[2026-06-22 18:07:54] MAC FLAP aa:5a:ee:c6:d4:4d g2_s0:3 -> g2_s1:2
[2026-06-22 18:07:54] MAC FLAP 9e:15:46:6f:0b:de g2_s0:3 -> g2_s1:2
[2026-06-22 18:07:54] MAC FLAP 1a:4a:a3:63:c4:d4 g2_s0:3 -> g2_s1:2
[2026-06-22 18:07:54] MAC FLAP ee:d8:1f:c6:58:dc g2_s0:2 -> g2_s1:1
[2026-06-22 18:07:54] MAC FLAP b2:7b:14:3f:6d:2e g2_s0:3 -> g2_s1:2
[2026-06-22 18:07:59] MAC FLAP a6:08:49:a1:b7:91 g2_s1:2 -> g0_s0:1
[2026-06-22 18:07:59] MAC FLAP ba:a3:f7:d5:25:ce g2_s0:2 -> g0_s0:3
[2026-06-22 18:07:59] MAC FLAP 86:e9:f9:a5:bf:8c g2_s1:2 -> g0_s0:3
[2026-06-22 18:07:59] MAC FLAP 92:e0:fa:df:41:3a g2_s1:2 -> g0_s0:3
[2026-06-22 18:07:59] MAC FLAP 46:9c:bc:ee:cf:25 g0_s1:2 -> g0_s0:3
[2026-06-22 18:07:59] MAC FLAP 9e:15:46:6f:0b:de g2_s1:2 -> g0_s0:2
[2026-06-22 18:07:59] MAC FLAP 1a:4a:a3:63:c4:d4 g2_s1:2 -> g0_s0:2
[2026-06-22 18:07:59] MAC FLAP ee:d8:1f:c6:58:dc g2_s1:1 -> g0_s0:3
[2026-06-22 18:07:59] MAC FLAP b2:7b:14:3f:6d:2e g2_s1:2 -> g0_s0:3
[2026-06-22 18:07:59] MAC FLAP de:f6:4d:4b:90:4b g1_s1:2 -> g0_s0:3
[2026-06-22 18:07:59] MAC FLAP a6:08:49:a1:b7:91 g0_s0:1 -> g0_s1:2
[2026-06-22 18:07:59] MAC FLAP ba:a3:f7:d5:25:ce g0_s0:3 -> g0_s1:2
[2026-06-22 18:07:59] MAC FLAP 86:e9:f9:a5:bf:8c g0_s0:3 -> g0_s1:2
[2026-06-22 18:07:59] MAC FLAP 92:e0:fa:df:41:3a g0_s0:3 -> g0_s1:2
[2026-06-22 18:07:59] MAC FLAP 46:9c:bc:ee:cf:25 g0_s0:3 -> g0_s1:2
[2026-06-22 18:07:59] MAC FLAP 9e:15:46:6f:0b:de g0_s0:2 -> g0_s1:1
[2026-06-22 18:07:59] MAC FLAP ee:d8:1f:c6:58:dc g0_s0:3 -> g0_s1:2
[2026-06-22 18:07:59] MAC FLAP b2:7b:14:3f:6d:2e g0_s0:3 -> g0_s1:2
[2026-06-22 18:07:59] MAC FLAP de:f6:4d:4b:90:4b g0_s0:3 -> g0_s1:2
[2026-06-22 18:07:59] MAC FLAP a6:08:49:a1:b7:91 g0_s1:2 -> g1_s0:3
[2026-06-22 18:07:59] MAC FLAP 16:8b:d1:2e:12:b7 g2_s1:2 -> g1_s0:3
[2026-06-22 18:07:59] MAC FLAP ba:a3:f7:d5:25:ce g0_s1:2 -> g1_s0:4
[2026-06-22 18:07:59] MAC FLAP 86:e9:f9:a5:bf:8c g0_s1:2 -> g1_s0:4
[2026-06-22 18:07:59] MAC FLAP 92:e0:fa:df:41:3a g0_s1:2 -> g1_s0:1
[2026-06-22 18:07:59] MAC FLAP 9e:15:46:6f:0b:de g0_s1:1 -> g1_s0:3
[2026-06-22 18:07:59] MAC FLAP 1a:4a:a3:63:c4:d4 g0_s0:2 -> g1_s0:3
[2026-06-22 18:07:59] MAC FLAP ee:d8:1f:c6:58:dc g0_s1:2 -> g1_s0:4
[2026-06-22 18:07:59] MAC FLAP b2:7b:14:3f:6d:2e g0_s1:2 -> g1_s0:2
[2026-06-22 18:07:59] MAC FLAP de:f6:4d:4b:90:4b g0_s1:2 -> g1_s0:4
[2026-06-22 18:07:59] MAC FLAP a6:08:49:a1:b7:91 g1_s0:3 -> g1_s1:2
[2026-06-22 18:07:59] MAC FLAP 16:8b:d1:2e:12:b7 g1_s0:3 -> g1_s1:2
[2026-06-22 18:07:59] MAC FLAP ba:a3:f7:d5:25:ce g1_s0:4 -> g1_s1:2
[2026-06-22 18:07:59] MAC FLAP 86:e9:f9:a5:bf:8c g1_s0:4 -> g1_s1:2
[2026-06-22 18:07:59] MAC FLAP 92:e0:fa:df:41:3a g1_s0:1 -> g1_s1:2
[2026-06-22 18:07:59] MAC FLAP 9e:15:46:6f:0b:de g1_s0:3 -> g1_s1:2
[2026-06-22 18:07:59] MAC FLAP 1a:4a:a3:63:c4:d4 g1_s0:3 -> g1_s1:2
[2026-06-22 18:07:59] MAC FLAP ee:d8:1f:c6:58:dc g1_s0:4 -> g1_s1:2
[2026-06-22 18:07:59] MAC FLAP de:f6:4d:4b:90:4b g1_s0:4 -> g1_s1:2
[2026-06-22 18:07:59] MAC FLAP a6:08:49:a1:b7:91 g1_s1:2 -> g2_s0:3
[2026-06-22 18:07:59] MAC FLAP ba:a3:f7:d5:25:ce g1_s1:2 -> g2_s0:2
[2026-06-22 18:07:59] MAC FLAP 16:8b:d1:2e:12:b7 g1_s1:2 -> g2_s0:3
[2026-06-22 18:07:59] MAC FLAP 86:e9:f9:a5:bf:8c g1_s1:2 -> g2_s0:1
[2026-06-22 18:07:59] MAC FLAP aa:5a:ee:c6:d4:4d g2_s1:2 -> g2_s0:3
[2026-06-22 18:07:59] MAC FLAP 92:e0:fa:df:41:3a g1_s1:2 -> g2_s0:3
[2026-06-22 18:07:59] MAC FLAP 9e:15:46:6f:0b:de g1_s1:2 -> g2_s0:3
[2026-06-22 18:07:59] MAC FLAP 1a:4a:a3:63:c4:d4 g1_s1:2 -> g2_s0:3
[2026-06-22 18:07:59] MAC FLAP ee:d8:1f:c6:58:dc g1_s1:2 -> g2_s0:2
[2026-06-22 18:07:59] MAC FLAP b2:7b:14:3f:6d:2e g1_s0:2 -> g2_s0:3
[2026-06-22 18:07:59] MAC FLAP a6:08:49:a1:b7:91 g2_s0:3 -> g2_s1:2
[2026-06-22 18:07:59] MAC FLAP 16:8b:d1:2e:12:b7 g2_s0:3 -> g2_s1:2
[2026-06-22 18:07:59] MAC FLAP 86:e9:f9:a5:bf:8c g2_s0:1 -> g2_s1:2
[2026-06-22 18:07:59] MAC FLAP 92:e0:fa:df:41:3a g2_s0:3 -> g2_s1:2
[2026-06-22 18:07:59] MAC FLAP aa:5a:ee:c6:d4:4d g2_s0:3 -> g2_s1:2
[2026-06-22 18:07:59] MAC FLAP 9e:15:46:6f:0b:de g2_s0:3 -> g2_s1:2
[2026-06-22 18:07:59] MAC FLAP 1a:4a:a3:63:c4:d4 g2_s0:3 -> g2_s1:2
[2026-06-22 18:07:59] MAC FLAP ee:d8:1f:c6:58:dc g2_s0:2 -> g2_s1:1
[2026-06-22 18:07:59] MAC FLAP b2:7b:14:3f:6d:2e g2_s0:3 -> g2_s1:2
[2026-06-22 18:08:04] MAC FLAP a6:08:49:a1:b7:91 g2_s1:2 -> g0_s0:1
[2026-06-22 18:08:04] MAC FLAP ba:a3:f7:d5:25:ce g2_s0:2 -> g0_s0:3
[2026-06-22 18:08:04] MAC FLAP 86:e9:f9:a5:bf:8c g2_s1:2 -> g0_s0:3
[2026-06-22 18:08:04] MAC FLAP 92:e0:fa:df:41:3a g2_s1:2 -> g0_s0:3
[2026-06-22 18:08:04] MAC FLAP 46:9c:bc:ee:cf:25 g0_s1:2 -> g0_s0:3
[2026-06-22 18:08:04] MAC FLAP 9e:15:46:6f:0b:de g2_s1:2 -> g0_s0:2
[2026-06-22 18:08:04] MAC FLAP 1a:4a:a3:63:c4:d4 g2_s1:2 -> g0_s0:2
[2026-06-22 18:08:04] MAC FLAP ee:d8:1f:c6:58:dc g2_s1:1 -> g0_s0:3
[2026-06-22 18:08:04] MAC FLAP b2:7b:14:3f:6d:2e g2_s1:2 -> g0_s0:3
[2026-06-22 18:08:04] MAC FLAP de:f6:4d:4b:90:4b g1_s1:2 -> g0_s0:3
[2026-06-22 18:08:04] MAC FLAP a6:08:49:a1:b7:91 g0_s0:1 -> g0_s1:2
[2026-06-22 18:08:04] MAC FLAP ba:a3:f7:d5:25:ce g0_s0:3 -> g0_s1:2
[2026-06-22 18:08:04] MAC FLAP 86:e9:f9:a5:bf:8c g0_s0:3 -> g0_s1:2
[2026-06-22 18:08:04] MAC FLAP 92:e0:fa:df:41:3a g0_s0:3 -> g0_s1:2
[2026-06-22 18:08:04] MAC FLAP 46:9c:bc:ee:cf:25 g0_s0:3 -> g0_s1:2
[2026-06-22 18:08:04] MAC FLAP 9e:15:46:6f:0b:de g0_s0:2 -> g0_s1:1
[2026-06-22 18:08:04] MAC FLAP ee:d8:1f:c6:58:dc g0_s0:3 -> g0_s1:2
[2026-06-22 18:08:04] MAC FLAP b2:7b:14:3f:6d:2e g0_s0:3 -> g0_s1:2
[2026-06-22 18:08:04] MAC FLAP de:f6:4d:4b:90:4b g0_s0:3 -> g0_s1:2
[2026-06-22 18:08:04] MAC FLAP a6:08:49:a1:b7:91 g0_s1:2 -> g1_s0:3
[2026-06-22 18:08:04] MAC FLAP 16:8b:d1:2e:12:b7 g2_s1:2 -> g1_s0:3
[2026-06-22 18:08:04] MAC FLAP ba:a3:f7:d5:25:ce g0_s1:2 -> g1_s0:4
[2026-06-22 18:08:04] MAC FLAP 86:e9:f9:a5:bf:8c g0_s1:2 -> g1_s0:4
[2026-06-22 18:08:04] MAC FLAP 92:e0:fa:df:41:3a g0_s1:2 -> g1_s0:1
[2026-06-22 18:08:04] MAC FLAP 9e:15:46:6f:0b:de g0_s1:1 -> g1_s0:3
[2026-06-22 18:08:04] MAC FLAP 1a:4a:a3:63:c4:d4 g0_s0:2 -> g1_s0:3
[2026-06-22 18:08:04] MAC FLAP ee:d8:1f:c6:58:dc g0_s1:2 -> g1_s0:4
[2026-06-22 18:08:04] MAC FLAP b2:7b:14:3f:6d:2e g0_s1:2 -> g1_s0:2
[2026-06-22 18:08:04] MAC FLAP de:f6:4d:4b:90:4b g0_s1:2 -> g1_s0:4
[2026-06-22 18:08:04] MAC FLAP a6:08:49:a1:b7:91 g1_s0:3 -> g1_s1:2
[2026-06-22 18:08:04] MAC FLAP 16:8b:d1:2e:12:b7 g1_s0:3 -> g1_s1:2
[2026-06-22 18:08:04] MAC FLAP ba:a3:f7:d5:25:ce g1_s0:4 -> g1_s1:2
[2026-06-22 18:08:04] MAC FLAP 86:e9:f9:a5:bf:8c g1_s0:4 -> g1_s1:2
[2026-06-22 18:08:04] MAC FLAP 92:e0:fa:df:41:3a g1_s0:1 -> g1_s1:2
[2026-06-22 18:08:04] MAC FLAP 9e:15:46:6f:0b:de g1_s0:3 -> g1_s1:2
[2026-06-22 18:08:04] MAC FLAP 1a:4a:a3:63:c4:d4 g1_s0:3 -> g1_s1:2
[2026-06-22 18:08:04] MAC FLAP ee:d8:1f:c6:58:dc g1_s0:4 -> g1_s1:2
[2026-06-22 18:08:04] MAC FLAP de:f6:4d:4b:90:4b g1_s0:4 -> g1_s1:2
[2026-06-22 18:08:04] MAC FLAP a6:08:49:a1:b7:91 g1_s1:2 -> g2_s0:3
[2026-06-22 18:08:04] MAC FLAP ba:a3:f7:d5:25:ce g1_s1:2 -> g2_s0:2
[2026-06-22 18:08:04] MAC FLAP 16:8b:d1:2e:12:b7 g1_s1:2 -> g2_s0:3
[2026-06-22 18:08:04] MAC FLAP 86:e9:f9:a5:bf:8c g1_s1:2 -> g2_s0:1
[2026-06-22 18:08:04] MAC FLAP aa:5a:ee:c6:d4:4d g2_s1:2 -> g2_s0:3
[2026-06-22 18:08:04] MAC FLAP 92:e0:fa:df:41:3a g1_s1:2 -> g2_s0:3
[2026-06-22 18:08:04] MAC FLAP 9e:15:46:6f:0b:de g1_s1:2 -> g2_s0:3
[2026-06-22 18:08:04] MAC FLAP 1a:4a:a3:63:c4:d4 g1_s1:2 -> g2_s0:3
[2026-06-22 18:08:04] MAC FLAP ee:d8:1f:c6:58:dc g1_s1:2 -> g2_s0:2
[2026-06-22 18:08:04] MAC FLAP b2:7b:14:3f:6d:2e g1_s0:2 -> g2_s0:3
[2026-06-22 18:08:04] MAC FLAP a6:08:49:a1:b7:91 g2_s0:3 -> g2_s1:2
[2026-06-22 18:08:04] MAC FLAP 16:8b:d1:2e:12:b7 g2_s0:3 -> g2_s1:2
[2026-06-22 18:08:04] MAC FLAP 86:e9:f9:a5:bf:8c g2_s0:1 -> g2_s1:2
[2026-06-22 18:08:04] MAC FLAP 92:e0:fa:df:41:3a g2_s0:3 -> g2_s1:2
[2026-06-22 18:08:04] MAC FLAP aa:5a:ee:c6:d4:4d g2_s0:3 -> g2_s1:2
[2026-06-22 18:08:04] MAC FLAP 9e:15:46:6f:0b:de g2_s0:3 -> g2_s1:2
[2026-06-22 18:08:04] MAC FLAP 1a:4a:a3:63:c4:d4 g2_s0:3 -> g2_s1:2
[2026-06-22 18:08:04] MAC FLAP ee:d8:1f:c6:58:dc g2_s0:2 -> g2_s1:1
[2026-06-22 18:08:04] MAC FLAP b2:7b:14:3f:6d:2e g2_s0:3 -> g2_s1:2
[2026-06-22 18:08:10] MAC FLAP a6:08:49:a1:b7:91 g2_s1:2 -> g0_s0:1
[2026-06-22 18:08:10] MAC FLAP ba:a3:f7:d5:25:ce g2_s0:2 -> g0_s0:3
[2026-06-22 18:08:10] MAC FLAP 86:e9:f9:a5:bf:8c g2_s1:2 -> g0_s0:3
[2026-06-22 18:08:10] MAC FLAP 92:e0:fa:df:41:3a g2_s1:2 -> g0_s0:3
[2026-06-22 18:08:10] MAC FLAP 46:9c:bc:ee:cf:25 g0_s1:2 -> g0_s0:3
[2026-06-22 18:08:10] MAC FLAP 9e:15:46:6f:0b:de g2_s1:2 -> g0_s0:2
[2026-06-22 18:08:10] MAC FLAP 1a:4a:a3:63:c4:d4 g2_s1:2 -> g0_s0:2
[2026-06-22 18:08:10] MAC FLAP ee:d8:1f:c6:58:dc g2_s1:1 -> g0_s0:3
[2026-06-22 18:08:10] MAC FLAP b2:7b:14:3f:6d:2e g2_s1:2 -> g0_s0:3
[2026-06-22 18:08:10] MAC FLAP de:f6:4d:4b:90:4b g1_s1:2 -> g0_s0:3
[2026-06-22 18:08:10] LEARNED 62:a0:56:6e:7d:c2 -> g0_s0:3
[2026-06-22 18:08:10] MAC FLAP a6:08:49:a1:b7:91 g0_s0:1 -> g0_s1:2
[2026-06-22 18:08:10] MAC FLAP ba:a3:f7:d5:25:ce g0_s0:3 -> g0_s1:2
[2026-06-22 18:08:10] MAC FLAP 86:e9:f9:a5:bf:8c g0_s0:3 -> g0_s1:2
[2026-06-22 18:08:10] MAC FLAP 92:e0:fa:df:41:3a g0_s0:3 -> g0_s1:2
[2026-06-22 18:08:10] MAC FLAP 46:9c:bc:ee:cf:25 g0_s0:3 -> g0_s1:2
[2026-06-22 18:08:10] MAC FLAP 9e:15:46:6f:0b:de g0_s0:2 -> g0_s1:1
[2026-06-22 18:08:10] MAC FLAP ee:d8:1f:c6:58:dc g0_s0:3 -> g0_s1:2
[2026-06-22 18:08:10] MAC FLAP b2:7b:14:3f:6d:2e g0_s0:3 -> g0_s1:2
[2026-06-22 18:08:10] MAC FLAP de:f6:4d:4b:90:4b g0_s0:3 -> g0_s1:2
[2026-06-22 18:08:10] MAC FLAP 62:a0:56:6e:7d:c2 g0_s0:3 -> g0_s1:2
[2026-06-22 18:08:10] MAC FLAP a6:08:49:a1:b7:91 g0_s1:2 -> g1_s0:3
[2026-06-22 18:08:10] MAC FLAP 16:8b:d1:2e:12:b7 g2_s1:2 -> g1_s0:3
[2026-06-22 18:08:10] MAC FLAP ba:a3:f7:d5:25:ce g0_s1:2 -> g1_s0:4
[2026-06-22 18:08:10] MAC FLAP 86:e9:f9:a5:bf:8c g0_s1:2 -> g1_s0:4
[2026-06-22 18:08:10] MAC FLAP 92:e0:fa:df:41:3a g0_s1:2 -> g1_s0:1
[2026-06-22 18:08:10] MAC FLAP 9e:15:46:6f:0b:de g0_s1:1 -> g1_s0:3
[2026-06-22 18:08:10] MAC FLAP 1a:4a:a3:63:c4:d4 g0_s0:2 -> g1_s0:3
[2026-06-22 18:08:10] MAC FLAP ee:d8:1f:c6:58:dc g0_s1:2 -> g1_s0:4
[2026-06-22 18:08:10] MAC FLAP b2:7b:14:3f:6d:2e g0_s1:2 -> g1_s0:2
[2026-06-22 18:08:10] MAC FLAP de:f6:4d:4b:90:4b g0_s1:2 -> g1_s0:4
[2026-06-22 18:08:10] MAC FLAP 62:a0:56:6e:7d:c2 g0_s1:2 -> g1_s0:2
[2026-06-22 18:08:10] MAC FLAP a6:08:49:a1:b7:91 g1_s0:3 -> g1_s1:2
[2026-06-22 18:08:10] MAC FLAP 16:8b:d1:2e:12:b7 g1_s0:3 -> g1_s1:2
[2026-06-22 18:08:10] MAC FLAP ba:a3:f7:d5:25:ce g1_s0:4 -> g1_s1:2
[2026-06-22 18:08:10] MAC FLAP 86:e9:f9:a5:bf:8c g1_s0:4 -> g1_s1:2
[2026-06-22 18:08:10] MAC FLAP 92:e0:fa:df:41:3a g1_s0:1 -> g1_s1:2
[2026-06-22 18:08:10] MAC FLAP 9e:15:46:6f:0b:de g1_s0:3 -> g1_s1:2
[2026-06-22 18:08:10] MAC FLAP 1a:4a:a3:63:c4:d4 g1_s0:3 -> g1_s1:2
[2026-06-22 18:08:10] MAC FLAP ee:d8:1f:c6:58:dc g1_s0:4 -> g1_s1:2
[2026-06-22 18:08:10] MAC FLAP de:f6:4d:4b:90:4b g1_s0:4 -> g1_s1:2
[2026-06-22 18:08:10] MAC FLAP 62:a0:56:6e:7d:c2 g1_s0:2 -> g1_s1:1
[2026-06-22 18:08:10] MAC FLAP a6:08:49:a1:b7:91 g1_s1:2 -> g2_s0:3
[2026-06-22 18:08:10] MAC FLAP ba:a3:f7:d5:25:ce g1_s1:2 -> g2_s0:2
[2026-06-22 18:08:10] MAC FLAP 16:8b:d1:2e:12:b7 g1_s1:2 -> g2_s0:3
[2026-06-22 18:08:10] MAC FLAP 86:e9:f9:a5:bf:8c g1_s1:2 -> g2_s0:1
[2026-06-22 18:08:10] MAC FLAP aa:5a:ee:c6:d4:4d g2_s1:2 -> g2_s0:3
[2026-06-22 18:08:10] MAC FLAP 92:e0:fa:df:41:3a g1_s1:2 -> g2_s0:3
[2026-06-22 18:08:10] MAC FLAP 9e:15:46:6f:0b:de g1_s1:2 -> g2_s0:3
[2026-06-22 18:08:10] MAC FLAP 1a:4a:a3:63:c4:d4 g1_s1:2 -> g2_s0:3
[2026-06-22 18:08:10] MAC FLAP ee:d8:1f:c6:58:dc g1_s1:2 -> g2_s0:2
[2026-06-22 18:08:10] MAC FLAP b2:7b:14:3f:6d:2e g1_s0:2 -> g2_s0:3
[2026-06-22 18:08:10] MAC FLAP 62:a0:56:6e:7d:c2 g1_s1:1 -> g2_s0:3
[2026-06-22 18:08:10] MAC FLAP a6:08:49:a1:b7:91 g2_s0:3 -> g2_s1:2
[2026-06-22 18:08:10] MAC FLAP 16:8b:d1:2e:12:b7 g2_s0:3 -> g2_s1:2
[2026-06-22 18:08:10] MAC FLAP 86:e9:f9:a5:bf:8c g2_s0:1 -> g2_s1:2
[2026-06-22 18:08:10] MAC FLAP 92:e0:fa:df:41:3a g2_s0:3 -> g2_s1:2
[2026-06-22 18:08:10] MAC FLAP aa:5a:ee:c6:d4:4d g2_s0:3 -> g2_s1:2
[2026-06-22 18:08:10] MAC FLAP 9e:15:46:6f:0b:de g2_s0:3 -> g2_s1:2
[2026-06-22 18:08:10] MAC FLAP 1a:4a:a3:63:c4:d4 g2_s0:3 -> g2_s1:2
[2026-06-22 18:08:10] MAC FLAP ee:d8:1f:c6:58:dc g2_s0:2 -> g2_s1:1
[2026-06-22 18:08:10] MAC FLAP b2:7b:14:3f:6d:2e g2_s0:3 -> g2_s1:2
[2026-06-22 18:08:10] MAC FLAP 62:a0:56:6e:7d:c2 g2_s0:3 -> g2_s1:2
[2026-06-22 18:08:19] Baseline snapshot created (44 entries)
[2026-06-22 18:08:19] LEARNED a6:08:49:a1:b7:91 -> g0_s0:1
[2026-06-22 18:08:19] LEARNED ba:a3:f7:d5:25:ce -> g0_s0:3
[2026-06-22 18:08:19] LEARNED 86:e9:f9:a5:bf:8c -> g0_s0:3
[2026-06-22 18:08:19] LEARNED 92:e0:fa:df:41:3a -> g0_s0:3
[2026-06-22 18:08:19] LEARNED 46:9c:bc:ee:cf:25 -> g0_s0:3
[2026-06-22 18:08:19] LEARNED 9e:15:46:6f:0b:de -> g0_s0:2
[2026-06-22 18:08:19] LEARNED 1a:4a:a3:63:c4:d4 -> g0_s0:2
[2026-06-22 18:08:19] LEARNED ee:d8:1f:c6:58:dc -> g0_s0:3
[2026-06-22 18:08:19] LEARNED b2:7b:14:3f:6d:2e -> g0_s0:3
[2026-06-22 18:08:19] LEARNED de:f6:4d:4b:90:4b -> g0_s0:3
[2026-06-22 18:08:19] LEARNED 62:a0:56:6e:7d:c2 -> g0_s0:3
[2026-06-22 18:08:19] MAC FLAP a6:08:49:a1:b7:91 g0_s0:1 -> g0_s1:2
[2026-06-22 18:08:19] MAC FLAP ba:a3:f7:d5:25:ce g0_s0:3 -> g0_s1:2
[2026-06-22 18:08:19] MAC FLAP 86:e9:f9:a5:bf:8c g0_s0:3 -> g0_s1:2
[2026-06-22 18:08:19] MAC FLAP 92:e0:fa:df:41:3a g0_s0:3 -> g0_s1:2
[2026-06-22 18:08:19] MAC FLAP 46:9c:bc:ee:cf:25 g0_s0:3 -> g0_s1:2
[2026-06-22 18:08:19] MAC FLAP 9e:15:46:6f:0b:de g0_s0:2 -> g0_s1:1
[2026-06-22 18:08:19] LEARNED 86:6c:f6:0e:d0:c5 -> g0_s1:2
[2026-06-22 18:08:19] MAC FLAP ee:d8:1f:c6:58:dc g0_s0:3 -> g0_s1:2
[2026-06-22 18:08:19] MAC FLAP b2:7b:14:3f:6d:2e g0_s0:3 -> g0_s1:2
[2026-06-22 18:08:19] MAC FLAP de:f6:4d:4b:90:4b g0_s0:3 -> g0_s1:2
[2026-06-22 18:08:19] MAC FLAP 62:a0:56:6e:7d:c2 g0_s0:3 -> g0_s1:2
[2026-06-22 18:08:19] MAC FLAP a6:08:49:a1:b7:91 g0_s1:2 -> g1_s0:3
[2026-06-22 18:08:19] LEARNED 16:8b:d1:2e:12:b7 -> g1_s0:3
[2026-06-22 18:08:19] MAC FLAP ba:a3:f7:d5:25:ce g0_s1:2 -> g1_s0:4
[2026-06-22 18:08:19] MAC FLAP 86:e9:f9:a5:bf:8c g0_s1:2 -> g1_s0:4
[2026-06-22 18:08:19] MAC FLAP 92:e0:fa:df:41:3a g0_s1:2 -> g1_s0:1
[2026-06-22 18:08:19] MAC FLAP 9e:15:46:6f:0b:de g0_s1:1 -> g1_s0:3
[2026-06-22 18:08:19] MAC FLAP 1a:4a:a3:63:c4:d4 g0_s0:2 -> g1_s0:3
[2026-06-22 18:08:19] MAC FLAP ee:d8:1f:c6:58:dc g0_s1:2 -> g1_s0:4
[2026-06-22 18:08:19] MAC FLAP b2:7b:14:3f:6d:2e g0_s1:2 -> g1_s0:2
[2026-06-22 18:08:19] MAC FLAP de:f6:4d:4b:90:4b g0_s1:2 -> g1_s0:4
[2026-06-22 18:08:19] MAC FLAP 62:a0:56:6e:7d:c2 g0_s1:2 -> g1_s0:2
[2026-06-22 18:08:19] MAC FLAP a6:08:49:a1:b7:91 g1_s0:3 -> g1_s1:2
[2026-06-22 18:08:19] MAC FLAP 16:8b:d1:2e:12:b7 g1_s0:3 -> g1_s1:2
[2026-06-22 18:08:19] MAC FLAP ba:a3:f7:d5:25:ce g1_s0:4 -> g1_s1:2
[2026-06-22 18:08:19] MAC FLAP 86:e9:f9:a5:bf:8c g1_s0:4 -> g1_s1:2
[2026-06-22 18:08:19] MAC FLAP 92:e0:fa:df:41:3a g1_s0:1 -> g1_s1:2
[2026-06-22 18:08:19] MAC FLAP 9e:15:46:6f:0b:de g1_s0:3 -> g1_s1:2
[2026-06-22 18:08:19] MAC FLAP 1a:4a:a3:63:c4:d4 g1_s0:3 -> g1_s1:2
[2026-06-22 18:08:19] LEARNED ae:61:7c:da:b1:a0 -> g1_s1:2
[2026-06-22 18:08:19] MAC FLAP ee:d8:1f:c6:58:dc g1_s0:4 -> g1_s1:2
[2026-06-22 18:08:19] MAC FLAP de:f6:4d:4b:90:4b g1_s0:4 -> g1_s1:2
[2026-06-22 18:08:19] MAC FLAP 62:a0:56:6e:7d:c2 g1_s0:2 -> g1_s1:1
[2026-06-22 18:08:19] MAC FLAP a6:08:49:a1:b7:91 g1_s1:2 -> g2_s0:3
[2026-06-22 18:08:19] MAC FLAP ba:a3:f7:d5:25:ce g1_s1:2 -> g2_s0:2
[2026-06-22 18:08:19] MAC FLAP 16:8b:d1:2e:12:b7 g1_s1:2 -> g2_s0:3
[2026-06-22 18:08:19] MAC FLAP 86:e9:f9:a5:bf:8c g1_s1:2 -> g2_s0:1
[2026-06-22 18:08:19] LEARNED aa:5a:ee:c6:d4:4d -> g2_s0:3
[2026-06-22 18:08:19] MAC FLAP 92:e0:fa:df:41:3a g1_s1:2 -> g2_s0:3
[2026-06-22 18:08:19] MAC FLAP 9e:15:46:6f:0b:de g1_s1:2 -> g2_s0:3
[2026-06-22 18:08:19] MAC FLAP 1a:4a:a3:63:c4:d4 g1_s1:2 -> g2_s0:3
[2026-06-22 18:08:19] MAC FLAP ee:d8:1f:c6:58:dc g1_s1:2 -> g2_s0:2
[2026-06-22 18:08:19] MAC FLAP b2:7b:14:3f:6d:2e g1_s0:2 -> g2_s0:3
[2026-06-22 18:08:19] MAC FLAP 62:a0:56:6e:7d:c2 g1_s1:1 -> g2_s0:3
[2026-06-22 18:08:19] MAC FLAP a6:08:49:a1:b7:91 g2_s0:3 -> g2_s1:2
[2026-06-22 18:08:19] LEARNED d2:54:f6:d0:65:f3 -> g2_s1:2
[2026-06-22 18:08:19] MAC FLAP 16:8b:d1:2e:12:b7 g2_s0:3 -> g2_s1:2
[2026-06-22 18:08:19] MAC FLAP 86:e9:f9:a5:bf:8c g2_s0:1 -> g2_s1:2
[2026-06-22 18:08:19] MAC FLAP 92:e0:fa:df:41:3a g2_s0:3 -> g2_s1:2
[2026-06-22 18:08:19] MAC FLAP aa:5a:ee:c6:d4:4d g2_s0:3 -> g2_s1:2
[2026-06-22 18:08:19] MAC FLAP 9e:15:46:6f:0b:de g2_s0:3 -> g2_s1:2
[2026-06-22 18:08:19] MAC FLAP 1a:4a:a3:63:c4:d4 g2_s0:3 -> g2_s1:2
[2026-06-22 18:08:19] MAC FLAP ee:d8:1f:c6:58:dc g2_s0:2 -> g2_s1:1
[2026-06-22 18:08:19] MAC FLAP b2:7b:14:3f:6d:2e g2_s0:3 -> g2_s1:2
[2026-06-22 18:08:19] MAC FLAP 62:a0:56:6e:7d:c2 g2_s0:3 -> g2_s1:2
[2026-06-22 18:08:24] MAC FLAP a6:08:49:a1:b7:91 g2_s1:2 -> g0_s0:1
[2026-06-22 18:08:24] MAC FLAP ba:a3:f7:d5:25:ce g2_s0:2 -> g0_s0:3
[2026-06-22 18:08:24] MAC FLAP 86:e9:f9:a5:bf:8c g2_s1:2 -> g0_s0:3
[2026-06-22 18:08:24] MAC FLAP 92:e0:fa:df:41:3a g2_s1:2 -> g0_s0:3
[2026-06-22 18:08:24] MAC FLAP 46:9c:bc:ee:cf:25 g0_s1:2 -> g0_s0:3
[2026-06-22 18:08:24] MAC FLAP 9e:15:46:6f:0b:de g2_s1:2 -> g0_s0:2
[2026-06-22 18:08:24] MAC FLAP 1a:4a:a3:63:c4:d4 g2_s1:2 -> g0_s0:2
[2026-06-22 18:08:24] MAC FLAP ee:d8:1f:c6:58:dc g2_s1:1 -> g0_s0:3
[2026-06-22 18:08:24] MAC FLAP b2:7b:14:3f:6d:2e g2_s1:2 -> g0_s0:3
[2026-06-22 18:08:24] MAC FLAP de:f6:4d:4b:90:4b g1_s1:2 -> g0_s0:3
[2026-06-22 18:08:24] MAC FLAP 62:a0:56:6e:7d:c2 g2_s1:2 -> g0_s0:3
[2026-06-22 18:08:24] MAC FLAP a6:08:49:a1:b7:91 g0_s0:1 -> g0_s1:2
[2026-06-22 18:08:24] MAC FLAP ba:a3:f7:d5:25:ce g0_s0:3 -> g0_s1:2
[2026-06-22 18:08:24] MAC FLAP 86:e9:f9:a5:bf:8c g0_s0:3 -> g0_s1:2
[2026-06-22 18:08:24] MAC FLAP 92:e0:fa:df:41:3a g0_s0:3 -> g0_s1:2
[2026-06-22 18:08:24] MAC FLAP 46:9c:bc:ee:cf:25 g0_s0:3 -> g0_s1:2
[2026-06-22 18:08:24] MAC FLAP 9e:15:46:6f:0b:de g0_s0:2 -> g0_s1:1
[2026-06-22 18:08:24] MAC FLAP ee:d8:1f:c6:58:dc g0_s0:3 -> g0_s1:2
[2026-06-22 18:08:24] MAC FLAP b2:7b:14:3f:6d:2e g0_s0:3 -> g0_s1:2
[2026-06-22 18:08:24] MAC FLAP de:f6:4d:4b:90:4b g0_s0:3 -> g0_s1:2
[2026-06-22 18:08:24] MAC FLAP 62:a0:56:6e:7d:c2 g0_s0:3 -> g0_s1:2
[2026-06-22 18:08:24] MAC FLAP a6:08:49:a1:b7:91 g0_s1:2 -> g1_s0:3
[2026-06-22 18:08:24] MAC FLAP 16:8b:d1:2e:12:b7 g2_s1:2 -> g1_s0:3
[2026-06-22 18:08:24] MAC FLAP ba:a3:f7:d5:25:ce g0_s1:2 -> g1_s0:4
[2026-06-22 18:08:24] MAC FLAP 86:e9:f9:a5:bf:8c g0_s1:2 -> g1_s0:4
[2026-06-22 18:08:24] MAC FLAP 92:e0:fa:df:41:3a g0_s1:2 -> g1_s0:1
[2026-06-22 18:08:24] MAC FLAP 9e:15:46:6f:0b:de g0_s1:1 -> g1_s0:3
[2026-06-22 18:08:24] MAC FLAP 1a:4a:a3:63:c4:d4 g0_s0:2 -> g1_s0:3
[2026-06-22 18:08:24] MAC FLAP ee:d8:1f:c6:58:dc g0_s1:2 -> g1_s0:4
[2026-06-22 18:08:24] MAC FLAP b2:7b:14:3f:6d:2e g0_s1:2 -> g1_s0:2
[2026-06-22 18:08:24] MAC FLAP de:f6:4d:4b:90:4b g0_s1:2 -> g1_s0:4
[2026-06-22 18:08:24] MAC FLAP 62:a0:56:6e:7d:c2 g0_s1:2 -> g1_s0:2
[2026-06-22 18:08:24] MAC FLAP a6:08:49:a1:b7:91 g1_s0:3 -> g1_s1:2
[2026-06-22 18:08:24] MAC FLAP 16:8b:d1:2e:12:b7 g1_s0:3 -> g1_s1:2
[2026-06-22 18:08:24] MAC FLAP ba:a3:f7:d5:25:ce g1_s0:4 -> g1_s1:2
[2026-06-22 18:08:24] MAC FLAP 86:e9:f9:a5:bf:8c g1_s0:4 -> g1_s1:2
[2026-06-22 18:08:24] MAC FLAP 92:e0:fa:df:41:3a g1_s0:1 -> g1_s1:2
[2026-06-22 18:08:24] MAC FLAP 9e:15:46:6f:0b:de g1_s0:3 -> g1_s1:2
[2026-06-22 18:08:24] MAC FLAP 1a:4a:a3:63:c4:d4 g1_s0:3 -> g1_s1:2
[2026-06-22 18:08:24] MAC FLAP ee:d8:1f:c6:58:dc g1_s0:4 -> g1_s1:2
[2026-06-22 18:08:24] MAC FLAP de:f6:4d:4b:90:4b g1_s0:4 -> g1_s1:2
[2026-06-22 18:08:24] MAC FLAP 62:a0:56:6e:7d:c2 g1_s0:2 -> g1_s1:1
[2026-06-22 18:08:24] MAC FLAP a6:08:49:a1:b7:91 g1_s1:2 -> g2_s0:3
[2026-06-22 18:08:24] MAC FLAP ba:a3:f7:d5:25:ce g1_s1:2 -> g2_s0:2
[2026-06-22 18:08:24] MAC FLAP 16:8b:d1:2e:12:b7 g1_s1:2 -> g2_s0:3
[2026-06-22 18:08:24] MAC FLAP 86:e9:f9:a5:bf:8c g1_s1:2 -> g2_s0:1
[2026-06-22 18:08:24] MAC FLAP aa:5a:ee:c6:d4:4d g2_s1:2 -> g2_s0:3
[2026-06-22 18:08:24] MAC FLAP 92:e0:fa:df:41:3a g1_s1:2 -> g2_s0:3
[2026-06-22 18:08:24] MAC FLAP 9e:15:46:6f:0b:de g1_s1:2 -> g2_s0:3
[2026-06-22 18:08:24] MAC FLAP 1a:4a:a3:63:c4:d4 g1_s1:2 -> g2_s0:3
[2026-06-22 18:08:24] MAC FLAP ee:d8:1f:c6:58:dc g1_s1:2 -> g2_s0:2
[2026-06-22 18:08:24] MAC FLAP b2:7b:14:3f:6d:2e g1_s0:2 -> g2_s0:3
[2026-06-22 18:08:24] MAC FLAP 62:a0:56:6e:7d:c2 g1_s1:1 -> g2_s0:3
[2026-06-22 18:08:24] MAC FLAP a6:08:49:a1:b7:91 g2_s0:3 -> g2_s1:2
[2026-06-22 18:08:24] MAC FLAP 16:8b:d1:2e:12:b7 g2_s0:3 -> g2_s1:2
[2026-06-22 18:08:24] MAC FLAP 86:e9:f9:a5:bf:8c g2_s0:1 -> g2_s1:2
[2026-06-22 18:08:24] MAC FLAP 92:e0:fa:df:41:3a g2_s0:3 -> g2_s1:2
[2026-06-22 18:08:24] MAC FLAP aa:5a:ee:c6:d4:4d g2_s0:3 -> g2_s1:2
[2026-06-22 18:08:24] MAC FLAP 9e:15:46:6f:0b:de g2_s0:3 -> g2_s1:2
[2026-06-22 18:08:24] MAC FLAP 1a:4a:a3:63:c4:d4 g2_s0:3 -> g2_s1:2
[2026-06-22 18:08:24] MAC FLAP ee:d8:1f:c6:58:dc g2_s0:2 -> g2_s1:1
[2026-06-22 18:08:24] MAC FLAP b2:7b:14:3f:6d:2e g2_s0:3 -> g2_s1:2
[2026-06-22 18:08:24] MAC FLAP 62:a0:56:6e:7d:c2 g2_s0:3 -> g2_s1:2
[2026-06-22 18:08:29] MAC FLAP a6:08:49:a1:b7:91 g2_s1:2 -> g0_s0:1
[2026-06-22 18:08:29] MAC FLAP 86:e9:f9:a5:bf:8c g2_s1:2 -> g0_s0:3
[2026-06-22 18:08:29] MAC FLAP 92:e0:fa:df:41:3a g2_s1:2 -> g0_s0:3
[2026-06-22 18:08:29] MAC FLAP 46:9c:bc:ee:cf:25 g0_s1:2 -> g0_s0:3
[2026-06-22 18:08:29] MAC FLAP 9e:15:46:6f:0b:de g2_s1:2 -> g0_s0:2
[2026-06-22 18:08:29] MAC FLAP 1a:4a:a3:63:c4:d4 g2_s1:2 -> g0_s0:2
[2026-06-22 18:08:29] MAC FLAP ee:d8:1f:c6:58:dc g2_s1:1 -> g0_s0:3
[2026-06-22 18:08:29] MAC FLAP b2:7b:14:3f:6d:2e g2_s1:2 -> g0_s0:3
[2026-06-22 18:08:29] MAC FLAP de:f6:4d:4b:90:4b g1_s1:2 -> g0_s0:3
[2026-06-22 18:08:29] MAC FLAP 62:a0:56:6e:7d:c2 g2_s1:2 -> g0_s0:3
[2026-06-22 18:08:29] MAC FLAP ba:a3:f7:d5:25:ce g2_s0:2 -> g0_s0:3
[2026-06-22 18:08:29] MAC FLAP a6:08:49:a1:b7:91 g0_s0:1 -> g0_s1:2
[2026-06-22 18:08:29] MAC FLAP 86:e9:f9:a5:bf:8c g0_s0:3 -> g0_s1:2
[2026-06-22 18:08:29] MAC FLAP 92:e0:fa:df:41:3a g0_s0:3 -> g0_s1:2
[2026-06-22 18:08:29] MAC FLAP 46:9c:bc:ee:cf:25 g0_s0:3 -> g0_s1:2
[2026-06-22 18:08:29] MAC FLAP 9e:15:46:6f:0b:de g0_s0:2 -> g0_s1:1
[2026-06-22 18:08:29] MAC FLAP ee:d8:1f:c6:58:dc g0_s0:3 -> g0_s1:2
[2026-06-22 18:08:29] MAC FLAP b2:7b:14:3f:6d:2e g0_s0:3 -> g0_s1:2
[2026-06-22 18:08:29] MAC FLAP de:f6:4d:4b:90:4b g0_s0:3 -> g0_s1:2
[2026-06-22 18:08:29] MAC FLAP 62:a0:56:6e:7d:c2 g0_s0:3 -> g0_s1:2
[2026-06-22 18:08:29] MAC FLAP ba:a3:f7:d5:25:ce g0_s0:3 -> g0_s1:2
[2026-06-22 18:08:29] MAC FLAP a6:08:49:a1:b7:91 g0_s1:2 -> g1_s0:3
[2026-06-22 18:08:29] MAC FLAP 16:8b:d1:2e:12:b7 g2_s1:2 -> g1_s0:3
[2026-06-22 18:08:29] MAC FLAP 86:e9:f9:a5:bf:8c g0_s1:2 -> g1_s0:4
[2026-06-22 18:08:29] MAC FLAP 92:e0:fa:df:41:3a g0_s1:2 -> g1_s0:1
[2026-06-22 18:08:29] MAC FLAP 9e:15:46:6f:0b:de g0_s1:1 -> g1_s0:3
[2026-06-22 18:08:29] MAC FLAP 1a:4a:a3:63:c4:d4 g0_s0:2 -> g1_s0:3
[2026-06-22 18:08:29] MAC FLAP ee:d8:1f:c6:58:dc g0_s1:2 -> g1_s0:4
[2026-06-22 18:08:29] MAC FLAP b2:7b:14:3f:6d:2e g0_s1:2 -> g1_s0:2
[2026-06-22 18:08:29] MAC FLAP de:f6:4d:4b:90:4b g0_s1:2 -> g1_s0:4
[2026-06-22 18:08:29] MAC FLAP 62:a0:56:6e:7d:c2 g0_s1:2 -> g1_s0:2
[2026-06-22 18:08:29] MAC FLAP ba:a3:f7:d5:25:ce g0_s1:2 -> g1_s0:4
[2026-06-22 18:08:29] MAC FLAP a6:08:49:a1:b7:91 g1_s0:3 -> g1_s1:2
[2026-06-22 18:08:29] MAC FLAP 16:8b:d1:2e:12:b7 g1_s0:3 -> g1_s1:2
[2026-06-22 18:08:29] MAC FLAP 86:e9:f9:a5:bf:8c g1_s0:4 -> g1_s1:2
[2026-06-22 18:08:29] MAC FLAP 92:e0:fa:df:41:3a g1_s0:1 -> g1_s1:2
[2026-06-22 18:08:29] MAC FLAP 9e:15:46:6f:0b:de g1_s0:3 -> g1_s1:2
[2026-06-22 18:08:29] MAC FLAP 1a:4a:a3:63:c4:d4 g1_s0:3 -> g1_s1:2
[2026-06-22 18:08:29] MAC FLAP ee:d8:1f:c6:58:dc g1_s0:4 -> g1_s1:2
[2026-06-22 18:08:29] MAC FLAP de:f6:4d:4b:90:4b g1_s0:4 -> g1_s1:2
[2026-06-22 18:08:29] MAC FLAP 62:a0:56:6e:7d:c2 g1_s0:2 -> g1_s1:1
[2026-06-22 18:08:29] MAC FLAP ba:a3:f7:d5:25:ce g1_s0:4 -> g1_s1:2
[2026-06-22 18:08:29] MAC FLAP a6:08:49:a1:b7:91 g1_s1:2 -> g2_s0:3
[2026-06-22 18:08:29] MAC FLAP 16:8b:d1:2e:12:b7 g1_s1:2 -> g2_s0:3
[2026-06-22 18:08:29] MAC FLAP 86:e9:f9:a5:bf:8c g1_s1:2 -> g2_s0:1
[2026-06-22 18:08:29] MAC FLAP aa:5a:ee:c6:d4:4d g2_s1:2 -> g2_s0:3
[2026-06-22 18:08:29] MAC FLAP 92:e0:fa:df:41:3a g1_s1:2 -> g2_s0:3
[2026-06-22 18:08:29] MAC FLAP 9e:15:46:6f:0b:de g1_s1:2 -> g2_s0:3
[2026-06-22 18:08:29] MAC FLAP 1a:4a:a3:63:c4:d4 g1_s1:2 -> g2_s0:3
[2026-06-22 18:08:29] MAC FLAP ee:d8:1f:c6:58:dc g1_s1:2 -> g2_s0:2
[2026-06-22 18:08:29] MAC FLAP b2:7b:14:3f:6d:2e g1_s0:2 -> g2_s0:3
[2026-06-22 18:08:29] MAC FLAP 62:a0:56:6e:7d:c2 g1_s1:1 -> g2_s0:3
[2026-06-22 18:08:29] MAC FLAP ba:a3:f7:d5:25:ce g1_s1:2 -> g2_s0:2
[2026-06-22 18:08:29] MAC FLAP a6:08:49:a1:b7:91 g2_s0:3 -> g2_s1:2
[2026-06-22 18:08:29] MAC FLAP 16:8b:d1:2e:12:b7 g2_s0:3 -> g2_s1:2
[2026-06-22 18:08:29] MAC FLAP 86:e9:f9:a5:bf:8c g2_s0:1 -> g2_s1:2
[2026-06-22 18:08:29] MAC FLAP 92:e0:fa:df:41:3a g2_s0:3 -> g2_s1:2
[2026-06-22 18:08:29] MAC FLAP aa:5a:ee:c6:d4:4d g2_s0:3 -> g2_s1:2
[2026-06-22 18:08:29] MAC FLAP 9e:15:46:6f:0b:de g2_s0:3 -> g2_s1:2
[2026-06-22 18:08:29] MAC FLAP 1a:4a:a3:63:c4:d4 g2_s0:3 -> g2_s1:2
[2026-06-22 18:08:29] MAC FLAP ee:d8:1f:c6:58:dc g2_s0:2 -> g2_s1:1
[2026-06-22 18:08:29] MAC FLAP b2:7b:14:3f:6d:2e g2_s0:3 -> g2_s1:2
[2026-06-22 18:08:29] MAC FLAP 62:a0:56:6e:7d:c2 g2_s0:3 -> g2_s1:2
[2026-06-22 18:08:34] MAC FLAP a6:08:49:a1:b7:91 g2_s1:2 -> g0_s0:1
[2026-06-22 18:08:34] MAC FLAP 86:e9:f9:a5:bf:8c g2_s1:2 -> g0_s0:3
[2026-06-22 18:08:34] MAC FLAP 92:e0:fa:df:41:3a g2_s1:2 -> g0_s0:3
[2026-06-22 18:08:34] MAC FLAP 46:9c:bc:ee:cf:25 g0_s1:2 -> g0_s0:3
[2026-06-22 18:08:34] MAC FLAP 9e:15:46:6f:0b:de g2_s1:2 -> g0_s0:2
[2026-06-22 18:08:34] MAC FLAP 1a:4a:a3:63:c4:d4 g2_s1:2 -> g0_s0:2
[2026-06-22 18:08:34] MAC FLAP ee:d8:1f:c6:58:dc g2_s1:1 -> g0_s0:3
[2026-06-22 18:08:34] MAC FLAP b2:7b:14:3f:6d:2e g2_s1:2 -> g0_s0:3
[2026-06-22 18:08:34] MAC FLAP de:f6:4d:4b:90:4b g1_s1:2 -> g0_s0:3
[2026-06-22 18:08:34] MAC FLAP 62:a0:56:6e:7d:c2 g2_s1:2 -> g0_s0:3
[2026-06-22 18:08:34] MAC FLAP ba:a3:f7:d5:25:ce g2_s0:2 -> g0_s0:3
[2026-06-22 18:08:34] MAC FLAP a6:08:49:a1:b7:91 g0_s0:1 -> g0_s1:2
[2026-06-22 18:08:34] MAC FLAP 86:e9:f9:a5:bf:8c g0_s0:3 -> g0_s1:2
[2026-06-22 18:08:34] MAC FLAP 92:e0:fa:df:41:3a g0_s0:3 -> g0_s1:2
[2026-06-22 18:08:34] MAC FLAP 46:9c:bc:ee:cf:25 g0_s0:3 -> g0_s1:2
[2026-06-22 18:08:34] MAC FLAP 9e:15:46:6f:0b:de g0_s0:2 -> g0_s1:1
[2026-06-22 18:08:34] MAC FLAP ee:d8:1f:c6:58:dc g0_s0:3 -> g0_s1:2
[2026-06-22 18:08:34] MAC FLAP b2:7b:14:3f:6d:2e g0_s0:3 -> g0_s1:2
[2026-06-22 18:08:34] MAC FLAP de:f6:4d:4b:90:4b g0_s0:3 -> g0_s1:2
[2026-06-22 18:08:34] MAC FLAP 62:a0:56:6e:7d:c2 g0_s0:3 -> g0_s1:2
[2026-06-22 18:08:34] MAC FLAP ba:a3:f7:d5:25:ce g0_s0:3 -> g0_s1:2
[2026-06-22 18:08:34] MAC FLAP a6:08:49:a1:b7:91 g0_s1:2 -> g1_s0:3
[2026-06-22 18:08:34] MAC FLAP 16:8b:d1:2e:12:b7 g2_s1:2 -> g1_s0:3
[2026-06-22 18:08:34] MAC FLAP 86:e9:f9:a5:bf:8c g0_s1:2 -> g1_s0:4
[2026-06-22 18:08:34] MAC FLAP 92:e0:fa:df:41:3a g0_s1:2 -> g1_s0:1
[2026-06-22 18:08:34] MAC FLAP 9e:15:46:6f:0b:de g0_s1:1 -> g1_s0:3
[2026-06-22 18:08:34] MAC FLAP 1a:4a:a3:63:c4:d4 g0_s0:2 -> g1_s0:3
[2026-06-22 18:08:34] MAC FLAP ee:d8:1f:c6:58:dc g0_s1:2 -> g1_s0:4
[2026-06-22 18:08:34] MAC FLAP b2:7b:14:3f:6d:2e g0_s1:2 -> g1_s0:2
[2026-06-22 18:08:34] MAC FLAP de:f6:4d:4b:90:4b g0_s1:2 -> g1_s0:4
[2026-06-22 18:08:34] MAC FLAP 62:a0:56:6e:7d:c2 g0_s1:2 -> g1_s0:2
[2026-06-22 18:08:34] MAC FLAP ba:a3:f7:d5:25:ce g0_s1:2 -> g1_s0:4
[2026-06-22 18:08:34] MAC FLAP a6:08:49:a1:b7:91 g1_s0:3 -> g1_s1:2
[2026-06-22 18:08:34] MAC FLAP 16:8b:d1:2e:12:b7 g1_s0:3 -> g1_s1:2
[2026-06-22 18:08:34] MAC FLAP 86:e9:f9:a5:bf:8c g1_s0:4 -> g1_s1:2
[2026-06-22 18:08:34] MAC FLAP 92:e0:fa:df:41:3a g1_s0:1 -> g1_s1:2
[2026-06-22 18:08:34] MAC FLAP 9e:15:46:6f:0b:de g1_s0:3 -> g1_s1:2
[2026-06-22 18:08:34] MAC FLAP 1a:4a:a3:63:c4:d4 g1_s0:3 -> g1_s1:2
[2026-06-22 18:08:34] MAC FLAP ee:d8:1f:c6:58:dc g1_s0:4 -> g1_s1:2
[2026-06-22 18:08:34] MAC FLAP de:f6:4d:4b:90:4b g1_s0:4 -> g1_s1:2
[2026-06-22 18:08:34] MAC FLAP 62:a0:56:6e:7d:c2 g1_s0:2 -> g1_s1:1
[2026-06-22 18:08:34] MAC FLAP ba:a3:f7:d5:25:ce g1_s0:4 -> g1_s1:2
[2026-06-22 18:08:34] MAC FLAP a6:08:49:a1:b7:91 g1_s1:2 -> g2_s0:3
[2026-06-22 18:08:34] MAC FLAP 16:8b:d1:2e:12:b7 g1_s1:2 -> g2_s0:3
[2026-06-22 18:08:34] MAC FLAP 86:e9:f9:a5:bf:8c g1_s1:2 -> g2_s0:1
[2026-06-22 18:08:34] MAC FLAP aa:5a:ee:c6:d4:4d g2_s1:2 -> g2_s0:3
[2026-06-22 18:08:34] MAC FLAP 92:e0:fa:df:41:3a g1_s1:2 -> g2_s0:3
[2026-06-22 18:08:34] MAC FLAP 9e:15:46:6f:0b:de g1_s1:2 -> g2_s0:3
[2026-06-22 18:08:34] MAC FLAP 1a:4a:a3:63:c4:d4 g1_s1:2 -> g2_s0:3
[2026-06-22 18:08:34] MAC FLAP ee:d8:1f:c6:58:dc g1_s1:2 -> g2_s0:2
[2026-06-22 18:08:34] MAC FLAP b2:7b:14:3f:6d:2e g1_s0:2 -> g2_s0:3
[2026-06-22 18:08:34] MAC FLAP 62:a0:56:6e:7d:c2 g1_s1:1 -> g2_s0:3
[2026-06-22 18:08:34] MAC FLAP ba:a3:f7:d5:25:ce g1_s1:2 -> g2_s0:2
[2026-06-22 18:08:34] MAC FLAP a6:08:49:a1:b7:91 g2_s0:3 -> g2_s1:2
[2026-06-22 18:08:34] MAC FLAP 16:8b:d1:2e:12:b7 g2_s0:3 -> g2_s1:2
[2026-06-22 18:08:34] MAC FLAP 86:e9:f9:a5:bf:8c g2_s0:1 -> g2_s1:2
[2026-06-22 18:08:34] MAC FLAP 92:e0:fa:df:41:3a g2_s0:3 -> g2_s1:2
[2026-06-22 18:08:34] MAC FLAP aa:5a:ee:c6:d4:4d g2_s0:3 -> g2_s1:2
[2026-06-22 18:08:34] MAC FLAP 9e:15:46:6f:0b:de g2_s0:3 -> g2_s1:2
[2026-06-22 18:08:34] MAC FLAP 1a:4a:a3:63:c4:d4 g2_s0:3 -> g2_s1:2
[2026-06-22 18:08:34] MAC FLAP ee:d8:1f:c6:58:dc g2_s0:2 -> g2_s1:1
[2026-06-22 18:08:34] MAC FLAP b2:7b:14:3f:6d:2e g2_s0:3 -> g2_s1:2
[2026-06-22 18:08:34] MAC FLAP 62:a0:56:6e:7d:c2 g2_s0:3 -> g2_s1:2
[2026-06-22 18:08:39] MAC FLAP a6:08:49:a1:b7:91 g2_s1:2 -> g0_s0:1
[2026-06-22 18:08:39] MAC FLAP 86:e9:f9:a5:bf:8c g2_s1:2 -> g0_s0:3
[2026-06-22 18:08:39] MAC FLAP 92:e0:fa:df:41:3a g2_s1:2 -> g0_s0:3
[2026-06-22 18:08:39] MAC FLAP 46:9c:bc:ee:cf:25 g0_s1:2 -> g0_s0:3
[2026-06-22 18:08:39] MAC FLAP 9e:15:46:6f:0b:de g2_s1:2 -> g0_s0:2
[2026-06-22 18:08:39] MAC FLAP 1a:4a:a3:63:c4:d4 g2_s1:2 -> g0_s0:2
[2026-06-22 18:08:39] MAC FLAP ee:d8:1f:c6:58:dc g2_s1:1 -> g0_s0:3
[2026-06-22 18:08:39] MAC FLAP b2:7b:14:3f:6d:2e g2_s1:2 -> g0_s0:3
[2026-06-22 18:08:39] MAC FLAP de:f6:4d:4b:90:4b g1_s1:2 -> g0_s0:3
[2026-06-22 18:08:39] MAC FLAP 62:a0:56:6e:7d:c2 g2_s1:2 -> g0_s0:3
[2026-06-22 18:08:39] MAC FLAP ba:a3:f7:d5:25:ce g2_s0:2 -> g0_s0:3
[2026-06-22 18:08:39] MAC FLAP a6:08:49:a1:b7:91 g0_s0:1 -> g0_s1:2
[2026-06-22 18:08:39] MAC FLAP 86:e9:f9:a5:bf:8c g0_s0:3 -> g0_s1:2
[2026-06-22 18:08:39] MAC FLAP 92:e0:fa:df:41:3a g0_s0:3 -> g0_s1:2
[2026-06-22 18:08:39] MAC FLAP 46:9c:bc:ee:cf:25 g0_s0:3 -> g0_s1:2
[2026-06-22 18:08:39] MAC FLAP 9e:15:46:6f:0b:de g0_s0:2 -> g0_s1:1
[2026-06-22 18:08:39] MAC FLAP ee:d8:1f:c6:58:dc g0_s0:3 -> g0_s1:2
[2026-06-22 18:08:39] MAC FLAP b2:7b:14:3f:6d:2e g0_s0:3 -> g0_s1:2
[2026-06-22 18:08:39] MAC FLAP de:f6:4d:4b:90:4b g0_s0:3 -> g0_s1:2
[2026-06-22 18:08:39] MAC FLAP 62:a0:56:6e:7d:c2 g0_s0:3 -> g0_s1:2
[2026-06-22 18:08:39] MAC FLAP ba:a3:f7:d5:25:ce g0_s0:3 -> g0_s1:2
[2026-06-22 18:08:39] MAC FLAP a6:08:49:a1:b7:91 g0_s1:2 -> g1_s0:3
[2026-06-22 18:08:39] MAC FLAP 16:8b:d1:2e:12:b7 g2_s1:2 -> g1_s0:3
[2026-06-22 18:08:39] MAC FLAP 86:e9:f9:a5:bf:8c g0_s1:2 -> g1_s0:4
[2026-06-22 18:08:39] MAC FLAP 92:e0:fa:df:41:3a g0_s1:2 -> g1_s0:1
[2026-06-22 18:08:39] MAC FLAP 9e:15:46:6f:0b:de g0_s1:1 -> g1_s0:3
[2026-06-22 18:08:39] MAC FLAP 1a:4a:a3:63:c4:d4 g0_s0:2 -> g1_s0:3
[2026-06-22 18:08:39] MAC FLAP ee:d8:1f:c6:58:dc g0_s1:2 -> g1_s0:4
[2026-06-22 18:08:39] MAC FLAP b2:7b:14:3f:6d:2e g0_s1:2 -> g1_s0:2
[2026-06-22 18:08:39] MAC FLAP de:f6:4d:4b:90:4b g0_s1:2 -> g1_s0:4
[2026-06-22 18:08:39] MAC FLAP 62:a0:56:6e:7d:c2 g0_s1:2 -> g1_s0:2
[2026-06-22 18:08:39] MAC FLAP ba:a3:f7:d5:25:ce g0_s1:2 -> g1_s0:4
[2026-06-22 18:08:39] MAC FLAP a6:08:49:a1:b7:91 g1_s0:3 -> g1_s1:2
[2026-06-22 18:08:39] MAC FLAP 16:8b:d1:2e:12:b7 g1_s0:3 -> g1_s1:2
[2026-06-22 18:08:39] MAC FLAP 86:e9:f9:a5:bf:8c g1_s0:4 -> g1_s1:2
[2026-06-22 18:08:39] MAC FLAP 92:e0:fa:df:41:3a g1_s0:1 -> g1_s1:2
[2026-06-22 18:08:39] MAC FLAP 9e:15:46:6f:0b:de g1_s0:3 -> g1_s1:2
[2026-06-22 18:08:39] MAC FLAP 1a:4a:a3:63:c4:d4 g1_s0:3 -> g1_s1:2
[2026-06-22 18:08:39] MAC FLAP ee:d8:1f:c6:58:dc g1_s0:4 -> g1_s1:2
[2026-06-22 18:08:39] MAC FLAP de:f6:4d:4b:90:4b g1_s0:4 -> g1_s1:2
[2026-06-22 18:08:39] MAC FLAP 62:a0:56:6e:7d:c2 g1_s0:2 -> g1_s1:1
[2026-06-22 18:08:39] MAC FLAP ba:a3:f7:d5:25:ce g1_s0:4 -> g1_s1:2
[2026-06-22 18:08:39] MAC FLAP a6:08:49:a1:b7:91 g1_s1:2 -> g2_s0:3
[2026-06-22 18:08:39] MAC FLAP 16:8b:d1:2e:12:b7 g1_s1:2 -> g2_s0:3
[2026-06-22 18:08:39] MAC FLAP 86:e9:f9:a5:bf:8c g1_s1:2 -> g2_s0:1
[2026-06-22 18:08:39] MAC FLAP aa:5a:ee:c6:d4:4d g2_s1:2 -> g2_s0:3
[2026-06-22 18:08:39] MAC FLAP 92:e0:fa:df:41:3a g1_s1:2 -> g2_s0:3
[2026-06-22 18:08:39] MAC FLAP 9e:15:46:6f:0b:de g1_s1:2 -> g2_s0:3
[2026-06-22 18:08:39] MAC FLAP 1a:4a:a3:63:c4:d4 g1_s1:2 -> g2_s0:3
[2026-06-22 18:08:39] MAC FLAP ee:d8:1f:c6:58:dc g1_s1:2 -> g2_s0:2
[2026-06-22 18:08:39] MAC FLAP b2:7b:14:3f:6d:2e g1_s0:2 -> g2_s0:3
[2026-06-22 18:08:39] MAC FLAP 62:a0:56:6e:7d:c2 g1_s1:1 -> g2_s0:3
[2026-06-22 18:08:39] MAC FLAP ba:a3:f7:d5:25:ce g1_s1:2 -> g2_s0:2
[2026-06-22 18:08:39] MAC FLAP a6:08:49:a1:b7:91 g2_s0:3 -> g2_s1:2
[2026-06-22 18:08:39] MAC FLAP 16:8b:d1:2e:12:b7 g2_s0:3 -> g2_s1:2
[2026-06-22 18:08:39] MAC FLAP 86:e9:f9:a5:bf:8c g2_s0:1 -> g2_s1:2
[2026-06-22 18:08:39] MAC FLAP 92:e0:fa:df:41:3a g2_s0:3 -> g2_s1:2
[2026-06-22 18:08:39] MAC FLAP aa:5a:ee:c6:d4:4d g2_s0:3 -> g2_s1:2
[2026-06-22 18:08:39] MAC FLAP 9e:15:46:6f:0b:de g2_s0:3 -> g2_s1:2
[2026-06-22 18:08:39] MAC FLAP 1a:4a:a3:63:c4:d4 g2_s0:3 -> g2_s1:2
[2026-06-22 18:08:39] MAC FLAP ee:d8:1f:c6:58:dc g2_s0:2 -> g2_s1:1
[2026-06-22 18:08:39] MAC FLAP b2:7b:14:3f:6d:2e g2_s0:3 -> g2_s1:2
[2026-06-22 18:08:39] MAC FLAP 62:a0:56:6e:7d:c2 g2_s0:3 -> g2_s1:2
[2026-06-22 18:08:44] MAC FLAP a6:08:49:a1:b7:91 g2_s1:2 -> g0_s0:1
[2026-06-22 18:08:44] MAC FLAP 86:e9:f9:a5:bf:8c g2_s1:2 -> g0_s0:3
[2026-06-22 18:08:44] MAC FLAP 92:e0:fa:df:41:3a g2_s1:2 -> g0_s0:3
[2026-06-22 18:08:44] MAC FLAP 46:9c:bc:ee:cf:25 g0_s1:2 -> g0_s0:3
[2026-06-22 18:08:44] MAC FLAP 9e:15:46:6f:0b:de g2_s1:2 -> g0_s0:2
[2026-06-22 18:08:44] MAC FLAP 1a:4a:a3:63:c4:d4 g2_s1:2 -> g0_s0:2
[2026-06-22 18:08:44] MAC FLAP ee:d8:1f:c6:58:dc g2_s1:1 -> g0_s0:3
[2026-06-22 18:08:44] MAC FLAP b2:7b:14:3f:6d:2e g2_s1:2 -> g0_s0:3
[2026-06-22 18:08:44] MAC FLAP de:f6:4d:4b:90:4b g1_s1:2 -> g0_s0:3
[2026-06-22 18:08:44] MAC FLAP 62:a0:56:6e:7d:c2 g2_s1:2 -> g0_s0:3
[2026-06-22 18:08:44] MAC FLAP ba:a3:f7:d5:25:ce g2_s0:2 -> g0_s0:3
[2026-06-22 18:08:44] MAC FLAP a6:08:49:a1:b7:91 g0_s0:1 -> g0_s1:2
[2026-06-22 18:08:44] MAC FLAP 86:e9:f9:a5:bf:8c g0_s0:3 -> g0_s1:2
[2026-06-22 18:08:44] MAC FLAP 92:e0:fa:df:41:3a g0_s0:3 -> g0_s1:2
[2026-06-22 18:08:44] MAC FLAP 46:9c:bc:ee:cf:25 g0_s0:3 -> g0_s1:2
[2026-06-22 18:08:44] MAC FLAP 9e:15:46:6f:0b:de g0_s0:2 -> g0_s1:1
[2026-06-22 18:08:44] MAC FLAP ee:d8:1f:c6:58:dc g0_s0:3 -> g0_s1:2
[2026-06-22 18:08:44] MAC FLAP b2:7b:14:3f:6d:2e g0_s0:3 -> g0_s1:2
[2026-06-22 18:08:44] MAC FLAP de:f6:4d:4b:90:4b g0_s0:3 -> g0_s1:2
[2026-06-22 18:08:44] MAC FLAP 62:a0:56:6e:7d:c2 g0_s0:3 -> g0_s1:2
[2026-06-22 18:08:44] MAC FLAP ba:a3:f7:d5:25:ce g0_s0:3 -> g0_s1:2
[2026-06-22 18:08:44] MAC FLAP a6:08:49:a1:b7:91 g0_s1:2 -> g1_s0:3
[2026-06-22 18:08:44] MAC FLAP 16:8b:d1:2e:12:b7 g2_s1:2 -> g1_s0:3
[2026-06-22 18:08:44] MAC FLAP 86:e9:f9:a5:bf:8c g0_s1:2 -> g1_s0:4
[2026-06-22 18:08:44] MAC FLAP 92:e0:fa:df:41:3a g0_s1:2 -> g1_s0:1
[2026-06-22 18:08:44] MAC FLAP 9e:15:46:6f:0b:de g0_s1:1 -> g1_s0:3
[2026-06-22 18:08:44] MAC FLAP 1a:4a:a3:63:c4:d4 g0_s0:2 -> g1_s0:3
[2026-06-22 18:08:44] MAC FLAP ee:d8:1f:c6:58:dc g0_s1:2 -> g1_s0:4
[2026-06-22 18:08:44] MAC FLAP b2:7b:14:3f:6d:2e g0_s1:2 -> g1_s0:2
[2026-06-22 18:08:44] MAC FLAP de:f6:4d:4b:90:4b g0_s1:2 -> g1_s0:4
[2026-06-22 18:08:44] MAC FLAP 62:a0:56:6e:7d:c2 g0_s1:2 -> g1_s0:2
[2026-06-22 18:08:44] MAC FLAP ba:a3:f7:d5:25:ce g0_s1:2 -> g1_s0:4
[2026-06-22 18:08:44] MAC FLAP a6:08:49:a1:b7:91 g1_s0:3 -> g1_s1:2
[2026-06-22 18:08:44] MAC FLAP 16:8b:d1:2e:12:b7 g1_s0:3 -> g1_s1:2
[2026-06-22 18:08:44] MAC FLAP 86:e9:f9:a5:bf:8c g1_s0:4 -> g1_s1:2
[2026-06-22 18:08:44] MAC FLAP 92:e0:fa:df:41:3a g1_s0:1 -> g1_s1:2
[2026-06-22 18:08:44] MAC FLAP 9e:15:46:6f:0b:de g1_s0:3 -> g1_s1:2
[2026-06-22 18:08:44] MAC FLAP 1a:4a:a3:63:c4:d4 g1_s0:3 -> g1_s1:2
[2026-06-22 18:08:44] MAC FLAP ee:d8:1f:c6:58:dc g1_s0:4 -> g1_s1:2
[2026-06-22 18:08:44] MAC FLAP de:f6:4d:4b:90:4b g1_s0:4 -> g1_s1:2
[2026-06-22 18:08:44] MAC FLAP 62:a0:56:6e:7d:c2 g1_s0:2 -> g1_s1:1
[2026-06-22 18:08:44] MAC FLAP ba:a3:f7:d5:25:ce g1_s0:4 -> g1_s1:2
[2026-06-22 18:08:44] MAC FLAP a6:08:49:a1:b7:91 g1_s1:2 -> g2_s0:3
[2026-06-22 18:08:44] MAC FLAP 16:8b:d1:2e:12:b7 g1_s1:2 -> g2_s0:3
[2026-06-22 18:08:44] MAC FLAP 86:e9:f9:a5:bf:8c g1_s1:2 -> g2_s0:1
[2026-06-22 18:08:44] MAC FLAP aa:5a:ee:c6:d4:4d g2_s1:2 -> g2_s0:3
[2026-06-22 18:08:44] MAC FLAP 92:e0:fa:df:41:3a g1_s1:2 -> g2_s0:3
[2026-06-22 18:08:44] MAC FLAP 9e:15:46:6f:0b:de g1_s1:2 -> g2_s0:3
[2026-06-22 18:08:44] MAC FLAP 1a:4a:a3:63:c4:d4 g1_s1:2 -> g2_s0:3
[2026-06-22 18:08:44] MAC FLAP ee:d8:1f:c6:58:dc g1_s1:2 -> g2_s0:2
[2026-06-22 18:08:44] MAC FLAP b2:7b:14:3f:6d:2e g1_s0:2 -> g2_s0:3
[2026-06-22 18:08:44] MAC FLAP 62:a0:56:6e:7d:c2 g1_s1:1 -> g2_s0:3
[2026-06-22 18:08:44] MAC FLAP ba:a3:f7:d5:25:ce g1_s1:2 -> g2_s0:2
[2026-06-22 18:08:44] MAC FLAP a6:08:49:a1:b7:91 g2_s0:3 -> g2_s1:2
[2026-06-22 18:08:44] MAC FLAP 16:8b:d1:2e:12:b7 g2_s0:3 -> g2_s1:2
[2026-06-22 18:08:44] MAC FLAP 86:e9:f9:a5:bf:8c g2_s0:1 -> g2_s1:2
[2026-06-22 18:08:44] MAC FLAP 92:e0:fa:df:41:3a g2_s0:3 -> g2_s1:2
[2026-06-22 18:08:44] MAC FLAP aa:5a:ee:c6:d4:4d g2_s0:3 -> g2_s1:2
[2026-06-22 18:08:44] MAC FLAP 9e:15:46:6f:0b:de g2_s0:3 -> g2_s1:2
[2026-06-22 18:08:44] MAC FLAP 1a:4a:a3:63:c4:d4 g2_s0:3 -> g2_s1:2
[2026-06-22 18:08:44] MAC FLAP ee:d8:1f:c6:58:dc g2_s0:2 -> g2_s1:1
[2026-06-22 18:08:44] MAC FLAP b2:7b:14:3f:6d:2e g2_s0:3 -> g2_s1:2
[2026-06-22 18:08:44] MAC FLAP 62:a0:56:6e:7d:c2 g2_s0:3 -> g2_s1:2
[2026-06-22 18:08:50] MAC FLAP a6:08:49:a1:b7:91 g2_s1:2 -> g0_s0:1
[2026-06-22 18:08:50] MAC FLAP 86:e9:f9:a5:bf:8c g2_s1:2 -> g0_s0:3
[2026-06-22 18:08:50] MAC FLAP 92:e0:fa:df:41:3a g2_s1:2 -> g0_s0:3
[2026-06-22 18:08:50] MAC FLAP 46:9c:bc:ee:cf:25 g0_s1:2 -> g0_s0:3
[2026-06-22 18:08:50] MAC FLAP 9e:15:46:6f:0b:de g2_s1:2 -> g0_s0:2
[2026-06-22 18:08:50] MAC FLAP 1a:4a:a3:63:c4:d4 g2_s1:2 -> g0_s0:2
[2026-06-22 18:08:50] MAC FLAP ee:d8:1f:c6:58:dc g2_s1:1 -> g0_s0:3
[2026-06-22 18:08:50] MAC FLAP b2:7b:14:3f:6d:2e g2_s1:2 -> g0_s0:3
[2026-06-22 18:08:50] MAC FLAP de:f6:4d:4b:90:4b g1_s1:2 -> g0_s0:3
[2026-06-22 18:08:50] MAC FLAP 62:a0:56:6e:7d:c2 g2_s1:2 -> g0_s0:3
[2026-06-22 18:08:50] MAC FLAP ba:a3:f7:d5:25:ce g2_s0:2 -> g0_s0:3
[2026-06-22 18:08:50] MAC FLAP a6:08:49:a1:b7:91 g0_s0:1 -> g0_s1:2
[2026-06-22 18:08:50] MAC FLAP 86:e9:f9:a5:bf:8c g0_s0:3 -> g0_s1:2
[2026-06-22 18:08:50] MAC FLAP 92:e0:fa:df:41:3a g0_s0:3 -> g0_s1:2
[2026-06-22 18:08:50] MAC FLAP 46:9c:bc:ee:cf:25 g0_s0:3 -> g0_s1:2
[2026-06-22 18:08:50] MAC FLAP 9e:15:46:6f:0b:de g0_s0:2 -> g0_s1:1
[2026-06-22 18:08:50] MAC FLAP ee:d8:1f:c6:58:dc g0_s0:3 -> g0_s1:2
[2026-06-22 18:08:50] MAC FLAP b2:7b:14:3f:6d:2e g0_s0:3 -> g0_s1:2
[2026-06-22 18:08:50] MAC FLAP de:f6:4d:4b:90:4b g0_s0:3 -> g0_s1:2
[2026-06-22 18:08:50] MAC FLAP 62:a0:56:6e:7d:c2 g0_s0:3 -> g0_s1:2
[2026-06-22 18:08:50] MAC FLAP ba:a3:f7:d5:25:ce g0_s0:3 -> g0_s1:2
[2026-06-22 18:08:50] MAC FLAP a6:08:49:a1:b7:91 g0_s1:2 -> g1_s0:3
[2026-06-22 18:08:50] MAC FLAP 16:8b:d1:2e:12:b7 g2_s1:2 -> g1_s0:3
[2026-06-22 18:08:50] MAC FLAP 86:e9:f9:a5:bf:8c g0_s1:2 -> g1_s0:4
[2026-06-22 18:08:50] MAC FLAP 92:e0:fa:df:41:3a g0_s1:2 -> g1_s0:1
[2026-06-22 18:08:50] MAC FLAP 9e:15:46:6f:0b:de g0_s1:1 -> g1_s0:3
[2026-06-22 18:08:50] MAC FLAP 1a:4a:a3:63:c4:d4 g0_s0:2 -> g1_s0:3
[2026-06-22 18:08:50] MAC FLAP ee:d8:1f:c6:58:dc g0_s1:2 -> g1_s0:4
[2026-06-22 18:08:50] MAC FLAP b2:7b:14:3f:6d:2e g0_s1:2 -> g1_s0:2
[2026-06-22 18:08:50] MAC FLAP de:f6:4d:4b:90:4b g0_s1:2 -> g1_s0:4
[2026-06-22 18:08:50] MAC FLAP 62:a0:56:6e:7d:c2 g0_s1:2 -> g1_s0:2
[2026-06-22 18:08:50] MAC FLAP ba:a3:f7:d5:25:ce g0_s1:2 -> g1_s0:4
[2026-06-22 18:08:50] MAC FLAP a6:08:49:a1:b7:91 g1_s0:3 -> g1_s1:2
[2026-06-22 18:08:50] MAC FLAP 16:8b:d1:2e:12:b7 g1_s0:3 -> g1_s1:2
[2026-06-22 18:08:50] MAC FLAP 86:e9:f9:a5:bf:8c g1_s0:4 -> g1_s1:2
[2026-06-22 18:08:50] MAC FLAP 92:e0:fa:df:41:3a g1_s0:1 -> g1_s1:2
[2026-06-22 18:08:50] MAC FLAP 9e:15:46:6f:0b:de g1_s0:3 -> g1_s1:2
[2026-06-22 18:08:50] MAC FLAP 1a:4a:a3:63:c4:d4 g1_s0:3 -> g1_s1:2
[2026-06-22 18:08:50] MAC FLAP ee:d8:1f:c6:58:dc g1_s0:4 -> g1_s1:2
[2026-06-22 18:08:50] MAC FLAP de:f6:4d:4b:90:4b g1_s0:4 -> g1_s1:2
[2026-06-22 18:08:50] MAC FLAP 62:a0:56:6e:7d:c2 g1_s0:2 -> g1_s1:1
[2026-06-22 18:08:50] MAC FLAP ba:a3:f7:d5:25:ce g1_s0:4 -> g1_s1:2
[2026-06-22 18:08:50] MAC FLAP a6:08:49:a1:b7:91 g1_s1:2 -> g2_s0:3
[2026-06-22 18:08:50] MAC FLAP 16:8b:d1:2e:12:b7 g1_s1:2 -> g2_s0:3
[2026-06-22 18:08:50] MAC FLAP 86:e9:f9:a5:bf:8c g1_s1:2 -> g2_s0:1
[2026-06-22 18:08:50] MAC FLAP aa:5a:ee:c6:d4:4d g2_s1:2 -> g2_s0:3
[2026-06-22 18:08:50] MAC FLAP 92:e0:fa:df:41:3a g1_s1:2 -> g2_s0:3
[2026-06-22 18:08:50] MAC FLAP 9e:15:46:6f:0b:de g1_s1:2 -> g2_s0:3
[2026-06-22 18:08:50] MAC FLAP 1a:4a:a3:63:c4:d4 g1_s1:2 -> g2_s0:3
[2026-06-22 18:08:50] MAC FLAP ee:d8:1f:c6:58:dc g1_s1:2 -> g2_s0:2
[2026-06-22 18:08:50] MAC FLAP b2:7b:14:3f:6d:2e g1_s0:2 -> g2_s0:3
[2026-06-22 18:08:50] MAC FLAP 62:a0:56:6e:7d:c2 g1_s1:1 -> g2_s0:3
[2026-06-22 18:08:50] MAC FLAP ba:a3:f7:d5:25:ce g1_s1:2 -> g2_s0:2
[2026-06-22 18:08:50] MAC FLAP a6:08:49:a1:b7:91 g2_s0:3 -> g2_s1:2
[2026-06-22 18:08:50] MAC FLAP 16:8b:d1:2e:12:b7 g2_s0:3 -> g2_s1:2
[2026-06-22 18:08:50] MAC FLAP 86:e9:f9:a5:bf:8c g2_s0:1 -> g2_s1:2
[2026-06-22 18:08:50] MAC FLAP 92:e0:fa:df:41:3a g2_s0:3 -> g2_s1:2
[2026-06-22 18:08:50] MAC FLAP aa:5a:ee:c6:d4:4d g2_s0:3 -> g2_s1:2
[2026-06-22 18:08:50] MAC FLAP 9e:15:46:6f:0b:de g2_s0:3 -> g2_s1:2
[2026-06-22 18:08:50] MAC FLAP 1a:4a:a3:63:c4:d4 g2_s0:3 -> g2_s1:2
[2026-06-22 18:08:50] MAC FLAP ee:d8:1f:c6:58:dc g2_s0:2 -> g2_s1:1
[2026-06-22 18:08:50] MAC FLAP b2:7b:14:3f:6d:2e g2_s0:3 -> g2_s1:2
[2026-06-22 18:08:50] MAC FLAP 62:a0:56:6e:7d:c2 g2_s0:3 -> g2_s1:2
[2026-06-22 18:08:55] MAC FLAP a6:08:49:a1:b7:91 g2_s1:2 -> g0_s0:1
[2026-06-22 18:08:55] MAC FLAP 86:e9:f9:a5:bf:8c g2_s1:2 -> g0_s0:3
[2026-06-22 18:08:55] MAC FLAP 92:e0:fa:df:41:3a g2_s1:2 -> g0_s0:3
[2026-06-22 18:08:55] MAC FLAP 46:9c:bc:ee:cf:25 g0_s1:2 -> g0_s0:3
[2026-06-22 18:08:55] MAC FLAP 9e:15:46:6f:0b:de g2_s1:2 -> g0_s0:2
[2026-06-22 18:08:55] MAC FLAP 1a:4a:a3:63:c4:d4 g2_s1:2 -> g0_s0:2
[2026-06-22 18:08:55] MAC FLAP ee:d8:1f:c6:58:dc g2_s1:1 -> g0_s0:3
[2026-06-22 18:08:55] MAC FLAP b2:7b:14:3f:6d:2e g2_s1:2 -> g0_s0:3
[2026-06-22 18:08:56] MAC FLAP de:f6:4d:4b:90:4b g1_s1:2 -> g0_s0:3
[2026-06-22 18:08:56] MAC FLAP 62:a0:56:6e:7d:c2 g2_s1:2 -> g0_s0:3
[2026-06-22 18:08:56] MAC FLAP ba:a3:f7:d5:25:ce g2_s0:2 -> g0_s0:3
[2026-06-22 18:08:56] MAC FLAP a6:08:49:a1:b7:91 g0_s0:1 -> g0_s1:2
[2026-06-22 18:08:56] MAC FLAP 86:e9:f9:a5:bf:8c g0_s0:3 -> g0_s1:2
[2026-06-22 18:08:56] MAC FLAP 92:e0:fa:df:41:3a g0_s0:3 -> g0_s1:2
[2026-06-22 18:08:56] MAC FLAP 46:9c:bc:ee:cf:25 g0_s0:3 -> g0_s1:2
[2026-06-22 18:08:56] MAC FLAP 9e:15:46:6f:0b:de g0_s0:2 -> g0_s1:1
[2026-06-22 18:08:56] MAC FLAP ee:d8:1f:c6:58:dc g0_s0:3 -> g0_s1:2
[2026-06-22 18:08:56] MAC FLAP b2:7b:14:3f:6d:2e g0_s0:3 -> g0_s1:2
[2026-06-22 18:08:56] MAC FLAP de:f6:4d:4b:90:4b g0_s0:3 -> g0_s1:2
[2026-06-22 18:08:56] MAC FLAP 62:a0:56:6e:7d:c2 g0_s0:3 -> g0_s1:2
[2026-06-22 18:08:56] MAC FLAP ba:a3:f7:d5:25:ce g0_s0:3 -> g0_s1:2
[2026-06-22 18:08:56] MAC FLAP a6:08:49:a1:b7:91 g0_s1:2 -> g1_s0:3
[2026-06-22 18:08:56] MAC FLAP 16:8b:d1:2e:12:b7 g2_s1:2 -> g1_s0:3
[2026-06-22 18:08:56] MAC FLAP 86:e9:f9:a5:bf:8c g0_s1:2 -> g1_s0:4
[2026-06-22 18:08:56] MAC FLAP 92:e0:fa:df:41:3a g0_s1:2 -> g1_s0:1
[2026-06-22 18:08:56] MAC FLAP 9e:15:46:6f:0b:de g0_s1:1 -> g1_s0:3
[2026-06-22 18:08:56] MAC FLAP 1a:4a:a3:63:c4:d4 g0_s0:2 -> g1_s0:3
[2026-06-22 18:08:56] MAC FLAP ee:d8:1f:c6:58:dc g0_s1:2 -> g1_s0:4
[2026-06-22 18:08:56] MAC FLAP b2:7b:14:3f:6d:2e g0_s1:2 -> g1_s0:2
[2026-06-22 18:08:56] MAC FLAP de:f6:4d:4b:90:4b g0_s1:2 -> g1_s0:4
[2026-06-22 18:08:56] MAC FLAP 62:a0:56:6e:7d:c2 g0_s1:2 -> g1_s0:2
[2026-06-22 18:08:56] MAC FLAP ba:a3:f7:d5:25:ce g0_s1:2 -> g1_s0:4
[2026-06-22 18:08:56] MAC FLAP a6:08:49:a1:b7:91 g1_s0:3 -> g1_s1:2
[2026-06-22 18:08:56] MAC FLAP 16:8b:d1:2e:12:b7 g1_s0:3 -> g1_s1:2
[2026-06-22 18:08:56] MAC FLAP 86:e9:f9:a5:bf:8c g1_s0:4 -> g1_s1:2
[2026-06-22 18:08:56] MAC FLAP 92:e0:fa:df:41:3a g1_s0:1 -> g1_s1:2
[2026-06-22 18:08:56] MAC FLAP 9e:15:46:6f:0b:de g1_s0:3 -> g1_s1:2
[2026-06-22 18:08:56] MAC FLAP 1a:4a:a3:63:c4:d4 g1_s0:3 -> g1_s1:2
[2026-06-22 18:08:56] MAC FLAP ee:d8:1f:c6:58:dc g1_s0:4 -> g1_s1:2
[2026-06-22 18:08:56] MAC FLAP de:f6:4d:4b:90:4b g1_s0:4 -> g1_s1:2
[2026-06-22 18:08:56] MAC FLAP 62:a0:56:6e:7d:c2 g1_s0:2 -> g1_s1:1
[2026-06-22 18:08:56] MAC FLAP ba:a3:f7:d5:25:ce g1_s0:4 -> g1_s1:2
[2026-06-22 18:08:56] MAC FLAP a6:08:49:a1:b7:91 g1_s1:2 -> g2_s0:3
[2026-06-22 18:08:56] MAC FLAP 16:8b:d1:2e:12:b7 g1_s1:2 -> g2_s0:3
[2026-06-22 18:08:56] MAC FLAP 86:e9:f9:a5:bf:8c g1_s1:2 -> g2_s0:1
[2026-06-22 18:08:56] MAC FLAP aa:5a:ee:c6:d4:4d g2_s1:2 -> g2_s0:3
[2026-06-22 18:08:56] MAC FLAP 92:e0:fa:df:41:3a g1_s1:2 -> g2_s0:3
[2026-06-22 18:08:56] MAC FLAP 9e:15:46:6f:0b:de g1_s1:2 -> g2_s0:3
[2026-06-22 18:08:56] MAC FLAP 1a:4a:a3:63:c4:d4 g1_s1:2 -> g2_s0:3
[2026-06-22 18:08:56] MAC FLAP ee:d8:1f:c6:58:dc g1_s1:2 -> g2_s0:2
[2026-06-22 18:08:56] MAC FLAP b2:7b:14:3f:6d:2e g1_s0:2 -> g2_s0:3
[2026-06-22 18:08:56] MAC FLAP 62:a0:56:6e:7d:c2 g1_s1:1 -> g2_s0:3
[2026-06-22 18:08:56] MAC FLAP ba:a3:f7:d5:25:ce g1_s1:2 -> g2_s0:2
[2026-06-22 18:08:56] MAC FLAP a6:08:49:a1:b7:91 g2_s0:3 -> g2_s1:2
[2026-06-22 18:08:56] MAC FLAP 16:8b:d1:2e:12:b7 g2_s0:3 -> g2_s1:2
[2026-06-22 18:08:56] MAC FLAP 86:e9:f9:a5:bf:8c g2_s0:1 -> g2_s1:2
[2026-06-22 18:08:56] MAC FLAP 92:e0:fa:df:41:3a g2_s0:3 -> g2_s1:2
[2026-06-22 18:08:56] MAC FLAP aa:5a:ee:c6:d4:4d g2_s0:3 -> g2_s1:2
[2026-06-22 18:08:56] MAC FLAP 9e:15:46:6f:0b:de g2_s0:3 -> g2_s1:2
[2026-06-22 18:08:56] MAC FLAP 1a:4a:a3:63:c4:d4 g2_s0:3 -> g2_s1:2
[2026-06-22 18:08:56] MAC FLAP ee:d8:1f:c6:58:dc g2_s0:2 -> g2_s1:1
[2026-06-22 18:08:56] MAC FLAP b2:7b:14:3f:6d:2e g2_s0:3 -> g2_s1:2
[2026-06-22 18:08:56] MAC FLAP 62:a0:56:6e:7d:c2 g2_s0:3 -> g2_s1:2
[2026-06-22 18:09:01] MAC FLAP a6:08:49:a1:b7:91 g2_s1:2 -> g0_s0:1
[2026-06-22 18:09:01] MAC FLAP 86:e9:f9:a5:bf:8c g2_s1:2 -> g0_s0:3
[2026-06-22 18:09:01] MAC FLAP 92:e0:fa:df:41:3a g2_s1:2 -> g0_s0:3
[2026-06-22 18:09:01] MAC FLAP 46:9c:bc:ee:cf:25 g0_s1:2 -> g0_s0:3
[2026-06-22 18:09:01] MAC FLAP 9e:15:46:6f:0b:de g2_s1:2 -> g0_s0:2
[2026-06-22 18:09:01] MAC FLAP 1a:4a:a3:63:c4:d4 g2_s1:2 -> g0_s0:2
[2026-06-22 18:09:01] MAC FLAP ee:d8:1f:c6:58:dc g2_s1:1 -> g0_s0:3
[2026-06-22 18:09:01] MAC FLAP b2:7b:14:3f:6d:2e g2_s1:2 -> g0_s0:3
[2026-06-22 18:09:01] MAC FLAP de:f6:4d:4b:90:4b g1_s1:2 -> g0_s0:3
[2026-06-22 18:09:01] MAC FLAP 62:a0:56:6e:7d:c2 g2_s1:2 -> g0_s0:3
[2026-06-22 18:09:01] MAC FLAP ba:a3:f7:d5:25:ce g2_s0:2 -> g0_s0:3
[2026-06-22 18:09:01] MAC FLAP a6:08:49:a1:b7:91 g0_s0:1 -> g0_s1:2
[2026-06-22 18:09:01] MAC FLAP 86:e9:f9:a5:bf:8c g0_s0:3 -> g0_s1:2
[2026-06-22 18:09:01] MAC FLAP 92:e0:fa:df:41:3a g0_s0:3 -> g0_s1:2
[2026-06-22 18:09:01] MAC FLAP 46:9c:bc:ee:cf:25 g0_s0:3 -> g0_s1:2
[2026-06-22 18:09:01] MAC FLAP 9e:15:46:6f:0b:de g0_s0:2 -> g0_s1:1
[2026-06-22 18:09:01] MAC FLAP ee:d8:1f:c6:58:dc g0_s0:3 -> g0_s1:2
[2026-06-22 18:09:01] MAC FLAP b2:7b:14:3f:6d:2e g0_s0:3 -> g0_s1:2
[2026-06-22 18:09:01] MAC FLAP de:f6:4d:4b:90:4b g0_s0:3 -> g0_s1:2
[2026-06-22 18:09:01] MAC FLAP 62:a0:56:6e:7d:c2 g0_s0:3 -> g0_s1:2
[2026-06-22 18:09:01] MAC FLAP ba:a3:f7:d5:25:ce g0_s0:3 -> g0_s1:2
[2026-06-22 18:09:01] MAC FLAP a6:08:49:a1:b7:91 g0_s1:2 -> g1_s0:3
[2026-06-22 18:09:01] MAC FLAP 16:8b:d1:2e:12:b7 g2_s1:2 -> g1_s0:3
[2026-06-22 18:09:01] MAC FLAP 86:e9:f9:a5:bf:8c g0_s1:2 -> g1_s0:4
[2026-06-22 18:09:01] MAC FLAP 92:e0:fa:df:41:3a g0_s1:2 -> g1_s0:1
[2026-06-22 18:09:01] MAC FLAP 9e:15:46:6f:0b:de g0_s1:1 -> g1_s0:3
[2026-06-22 18:09:01] MAC FLAP 1a:4a:a3:63:c4:d4 g0_s0:2 -> g1_s0:3
[2026-06-22 18:09:01] MAC FLAP ee:d8:1f:c6:58:dc g0_s1:2 -> g1_s0:4
[2026-06-22 18:09:01] MAC FLAP b2:7b:14:3f:6d:2e g0_s1:2 -> g1_s0:2
[2026-06-22 18:09:01] MAC FLAP de:f6:4d:4b:90:4b g0_s1:2 -> g1_s0:4
[2026-06-22 18:09:01] MAC FLAP 62:a0:56:6e:7d:c2 g0_s1:2 -> g1_s0:2
[2026-06-22 18:09:01] MAC FLAP ba:a3:f7:d5:25:ce g0_s1:2 -> g1_s0:4
[2026-06-22 18:09:01] MAC FLAP a6:08:49:a1:b7:91 g1_s0:3 -> g1_s1:2
[2026-06-22 18:09:01] MAC FLAP 16:8b:d1:2e:12:b7 g1_s0:3 -> g1_s1:2
[2026-06-22 18:09:01] MAC FLAP 86:e9:f9:a5:bf:8c g1_s0:4 -> g1_s1:2
[2026-06-22 18:09:01] MAC FLAP 92:e0:fa:df:41:3a g1_s0:1 -> g1_s1:2
[2026-06-22 18:09:01] MAC FLAP 9e:15:46:6f:0b:de g1_s0:3 -> g1_s1:2
[2026-06-22 18:09:01] MAC FLAP 1a:4a:a3:63:c4:d4 g1_s0:3 -> g1_s1:2
[2026-06-22 18:09:01] MAC FLAP ee:d8:1f:c6:58:dc g1_s0:4 -> g1_s1:2
[2026-06-22 18:09:01] MAC FLAP de:f6:4d:4b:90:4b g1_s0:4 -> g1_s1:2
[2026-06-22 18:09:01] MAC FLAP 62:a0:56:6e:7d:c2 g1_s0:2 -> g1_s1:1
[2026-06-22 18:09:01] MAC FLAP ba:a3:f7:d5:25:ce g1_s0:4 -> g1_s1:2
[2026-06-22 18:09:01] MAC FLAP a6:08:49:a1:b7:91 g1_s1:2 -> g2_s0:3
[2026-06-22 18:09:01] MAC FLAP 16:8b:d1:2e:12:b7 g1_s1:2 -> g2_s0:3
[2026-06-22 18:09:01] MAC FLAP 86:e9:f9:a5:bf:8c g1_s1:2 -> g2_s0:1
[2026-06-22 18:09:01] MAC FLAP aa:5a:ee:c6:d4:4d g2_s1:2 -> g2_s0:3
[2026-06-22 18:09:01] MAC FLAP 92:e0:fa:df:41:3a g1_s1:2 -> g2_s0:3
[2026-06-22 18:09:01] MAC FLAP 9e:15:46:6f:0b:de g1_s1:2 -> g2_s0:3
[2026-06-22 18:09:01] MAC FLAP 1a:4a:a3:63:c4:d4 g1_s1:2 -> g2_s0:3
[2026-06-22 18:09:01] MAC FLAP ee:d8:1f:c6:58:dc g1_s1:2 -> g2_s0:2
[2026-06-22 18:09:01] MAC FLAP b2:7b:14:3f:6d:2e g1_s0:2 -> g2_s0:3
[2026-06-22 18:09:01] MAC FLAP 62:a0:56:6e:7d:c2 g1_s1:1 -> g2_s0:3
[2026-06-22 18:09:01] MAC FLAP ba:a3:f7:d5:25:ce g1_s1:2 -> g2_s0:2
[2026-06-22 18:09:01] MAC FLAP a6:08:49:a1:b7:91 g2_s0:3 -> g2_s1:2
[2026-06-22 18:09:01] MAC FLAP 16:8b:d1:2e:12:b7 g2_s0:3 -> g2_s1:2
[2026-06-22 18:09:01] MAC FLAP 86:e9:f9:a5:bf:8c g2_s0:1 -> g2_s1:2
[2026-06-22 18:09:01] MAC FLAP 92:e0:fa:df:41:3a g2_s0:3 -> g2_s1:2
[2026-06-22 18:09:01] MAC FLAP aa:5a:ee:c6:d4:4d g2_s0:3 -> g2_s1:2
[2026-06-22 18:09:01] MAC FLAP 9e:15:46:6f:0b:de g2_s0:3 -> g2_s1:2
[2026-06-22 18:09:01] MAC FLAP 1a:4a:a3:63:c4:d4 g2_s0:3 -> g2_s1:2
[2026-06-22 18:09:01] MAC FLAP ee:d8:1f:c6:58:dc g2_s0:2 -> g2_s1:1
[2026-06-22 18:09:01] MAC FLAP b2:7b:14:3f:6d:2e g2_s0:3 -> g2_s1:2
[2026-06-22 18:09:01] MAC FLAP 62:a0:56:6e:7d:c2 g2_s0:3 -> g2_s1:2
[2026-06-22 18:09:06] MAC FLAP 86:e9:f9:a5:bf:8c g2_s1:2 -> g0_s0:3
[2026-06-22 18:09:06] MAC FLAP 92:e0:fa:df:41:3a g2_s1:2 -> g0_s0:3
[2026-06-22 18:09:06] MAC FLAP 46:9c:bc:ee:cf:25 g0_s1:2 -> g0_s0:3
[2026-06-22 18:09:06] MAC FLAP 9e:15:46:6f:0b:de g2_s1:2 -> g0_s0:2
[2026-06-22 18:09:06] MAC FLAP 1a:4a:a3:63:c4:d4 g2_s1:2 -> g0_s0:2
[2026-06-22 18:09:06] MAC FLAP ee:d8:1f:c6:58:dc g2_s1:1 -> g0_s0:3
[2026-06-22 18:09:06] MAC FLAP b2:7b:14:3f:6d:2e g2_s1:2 -> g0_s0:3
[2026-06-22 18:09:06] MAC FLAP de:f6:4d:4b:90:4b g1_s1:2 -> g0_s0:3
[2026-06-22 18:09:06] MAC FLAP 62:a0:56:6e:7d:c2 g2_s1:2 -> g0_s0:3
[2026-06-22 18:09:06] MAC FLAP ba:a3:f7:d5:25:ce g2_s0:2 -> g0_s0:3
[2026-06-22 18:09:06] MAC FLAP 86:e9:f9:a5:bf:8c g0_s0:3 -> g0_s1:2
[2026-06-22 18:09:06] MAC FLAP 92:e0:fa:df:41:3a g0_s0:3 -> g0_s1:2
[2026-06-22 18:09:06] MAC FLAP 46:9c:bc:ee:cf:25 g0_s0:3 -> g0_s1:2
[2026-06-22 18:09:06] MAC FLAP 9e:15:46:6f:0b:de g0_s0:2 -> g0_s1:1
[2026-06-22 18:09:06] MAC FLAP ee:d8:1f:c6:58:dc g0_s0:3 -> g0_s1:2
[2026-06-22 18:09:06] MAC FLAP b2:7b:14:3f:6d:2e g0_s0:3 -> g0_s1:2
[2026-06-22 18:09:06] MAC FLAP de:f6:4d:4b:90:4b g0_s0:3 -> g0_s1:2
[2026-06-22 18:09:06] MAC FLAP 62:a0:56:6e:7d:c2 g0_s0:3 -> g0_s1:2
[2026-06-22 18:09:06] MAC FLAP ba:a3:f7:d5:25:ce g0_s0:3 -> g0_s1:2
[2026-06-22 18:09:06] MAC FLAP 16:8b:d1:2e:12:b7 g2_s1:2 -> g1_s0:3
[2026-06-22 18:09:06] MAC FLAP 86:e9:f9:a5:bf:8c g0_s1:2 -> g1_s0:4
[2026-06-22 18:09:06] MAC FLAP 92:e0:fa:df:41:3a g0_s1:2 -> g1_s0:1
[2026-06-22 18:09:06] MAC FLAP 9e:15:46:6f:0b:de g0_s1:1 -> g1_s0:3
[2026-06-22 18:09:06] MAC FLAP 1a:4a:a3:63:c4:d4 g0_s0:2 -> g1_s0:3
[2026-06-22 18:09:06] MAC FLAP ee:d8:1f:c6:58:dc g0_s1:2 -> g1_s0:4
[2026-06-22 18:09:06] MAC FLAP b2:7b:14:3f:6d:2e g0_s1:2 -> g1_s0:2
[2026-06-22 18:09:06] MAC FLAP de:f6:4d:4b:90:4b g0_s1:2 -> g1_s0:4
[2026-06-22 18:09:06] MAC FLAP 62:a0:56:6e:7d:c2 g0_s1:2 -> g1_s0:2
[2026-06-22 18:09:06] MAC FLAP ba:a3:f7:d5:25:ce g0_s1:2 -> g1_s0:4
[2026-06-22 18:09:06] MAC FLAP 16:8b:d1:2e:12:b7 g1_s0:3 -> g1_s1:2
[2026-06-22 18:09:06] MAC FLAP 86:e9:f9:a5:bf:8c g1_s0:4 -> g1_s1:2
[2026-06-22 18:09:06] MAC FLAP 92:e0:fa:df:41:3a g1_s0:1 -> g1_s1:2
[2026-06-22 18:09:06] MAC FLAP 9e:15:46:6f:0b:de g1_s0:3 -> g1_s1:2
[2026-06-22 18:09:06] MAC FLAP 1a:4a:a3:63:c4:d4 g1_s0:3 -> g1_s1:2
[2026-06-22 18:09:06] MAC FLAP ee:d8:1f:c6:58:dc g1_s0:4 -> g1_s1:2
[2026-06-22 18:09:06] MAC FLAP de:f6:4d:4b:90:4b g1_s0:4 -> g1_s1:2
[2026-06-22 18:09:06] MAC FLAP 62:a0:56:6e:7d:c2 g1_s0:2 -> g1_s1:1
[2026-06-22 18:09:06] MAC FLAP ba:a3:f7:d5:25:ce g1_s0:4 -> g1_s1:2
[2026-06-22 18:09:06] MAC FLAP 16:8b:d1:2e:12:b7 g1_s1:2 -> g2_s0:3
[2026-06-22 18:09:06] MAC FLAP 86:e9:f9:a5:bf:8c g1_s1:2 -> g2_s0:1
[2026-06-22 18:09:06] MAC FLAP aa:5a:ee:c6:d4:4d g2_s1:2 -> g2_s0:3
[2026-06-22 18:09:06] MAC FLAP 92:e0:fa:df:41:3a g1_s1:2 -> g2_s0:3
[2026-06-22 18:09:06] MAC FLAP 9e:15:46:6f:0b:de g1_s1:2 -> g2_s0:3
[2026-06-22 18:09:06] MAC FLAP 1a:4a:a3:63:c4:d4 g1_s1:2 -> g2_s0:3
[2026-06-22 18:09:06] MAC FLAP ee:d8:1f:c6:58:dc g1_s1:2 -> g2_s0:2
[2026-06-22 18:09:06] MAC FLAP b2:7b:14:3f:6d:2e g1_s0:2 -> g2_s0:3
[2026-06-22 18:09:06] MAC FLAP 62:a0:56:6e:7d:c2 g1_s1:1 -> g2_s0:3
[2026-06-22 18:09:06] MAC FLAP ba:a3:f7:d5:25:ce g1_s1:2 -> g2_s0:2
[2026-06-22 18:09:06] MAC FLAP 16:8b:d1:2e:12:b7 g2_s0:3 -> g2_s1:2
[2026-06-22 18:09:06] MAC FLAP 86:e9:f9:a5:bf:8c g2_s0:1 -> g2_s1:2
[2026-06-22 18:09:06] MAC FLAP 92:e0:fa:df:41:3a g2_s0:3 -> g2_s1:2
[2026-06-22 18:09:06] MAC FLAP aa:5a:ee:c6:d4:4d g2_s0:3 -> g2_s1:2
[2026-06-22 18:09:06] MAC FLAP 9e:15:46:6f:0b:de g2_s0:3 -> g2_s1:2
[2026-06-22 18:09:06] MAC FLAP 1a:4a:a3:63:c4:d4 g2_s0:3 -> g2_s1:2
[2026-06-22 18:09:06] MAC FLAP ee:d8:1f:c6:58:dc g2_s0:2 -> g2_s1:1
[2026-06-22 18:09:06] MAC FLAP b2:7b:14:3f:6d:2e g2_s0:3 -> g2_s1:2
[2026-06-22 18:09:06] MAC FLAP 62:a0:56:6e:7d:c2 g2_s0:3 -> g2_s1:2
[2026-06-22 18:09:11] MAC FLAP 86:e9:f9:a5:bf:8c g2_s1:2 -> g0_s0:3
[2026-06-22 18:09:11] MAC FLAP 92:e0:fa:df:41:3a g2_s1:2 -> g0_s0:3
[2026-06-22 18:09:11] MAC FLAP 46:9c:bc:ee:cf:25 g0_s1:2 -> g0_s0:3
[2026-06-22 18:09:11] MAC FLAP 9e:15:46:6f:0b:de g2_s1:2 -> g0_s0:2
[2026-06-22 18:09:11] MAC FLAP 1a:4a:a3:63:c4:d4 g2_s1:2 -> g0_s0:2
[2026-06-22 18:09:11] MAC FLAP ee:d8:1f:c6:58:dc g2_s1:1 -> g0_s0:3
[2026-06-22 18:09:11] MAC FLAP b2:7b:14:3f:6d:2e g2_s1:2 -> g0_s0:3
[2026-06-22 18:09:11] MAC FLAP de:f6:4d:4b:90:4b g1_s1:2 -> g0_s0:3
[2026-06-22 18:09:11] MAC FLAP 62:a0:56:6e:7d:c2 g2_s1:2 -> g0_s0:3
[2026-06-22 18:09:11] MAC FLAP ba:a3:f7:d5:25:ce g2_s0:2 -> g0_s0:3
[2026-06-22 18:09:11] MAC FLAP 86:e9:f9:a5:bf:8c g0_s0:3 -> g0_s1:2
[2026-06-22 18:09:11] MAC FLAP 92:e0:fa:df:41:3a g0_s0:3 -> g0_s1:2
[2026-06-22 18:09:11] MAC FLAP 46:9c:bc:ee:cf:25 g0_s0:3 -> g0_s1:2
[2026-06-22 18:09:11] MAC FLAP 9e:15:46:6f:0b:de g0_s0:2 -> g0_s1:1
[2026-06-22 18:09:11] MAC FLAP ee:d8:1f:c6:58:dc g0_s0:3 -> g0_s1:2
[2026-06-22 18:09:11] MAC FLAP b2:7b:14:3f:6d:2e g0_s0:3 -> g0_s1:2
[2026-06-22 18:09:11] MAC FLAP de:f6:4d:4b:90:4b g0_s0:3 -> g0_s1:2
[2026-06-22 18:09:11] MAC FLAP 62:a0:56:6e:7d:c2 g0_s0:3 -> g0_s1:2
[2026-06-22 18:09:11] MAC FLAP ba:a3:f7:d5:25:ce g0_s0:3 -> g0_s1:2
[2026-06-22 18:09:11] MAC FLAP 16:8b:d1:2e:12:b7 g2_s1:2 -> g1_s0:3
[2026-06-22 18:09:11] MAC FLAP 86:e9:f9:a5:bf:8c g0_s1:2 -> g1_s0:4
[2026-06-22 18:09:11] MAC FLAP 92:e0:fa:df:41:3a g0_s1:2 -> g1_s0:1
[2026-06-22 18:09:11] MAC FLAP 9e:15:46:6f:0b:de g0_s1:1 -> g1_s0:3
[2026-06-22 18:09:11] MAC FLAP 1a:4a:a3:63:c4:d4 g0_s0:2 -> g1_s0:3
[2026-06-22 18:09:11] MAC FLAP ee:d8:1f:c6:58:dc g0_s1:2 -> g1_s0:4
[2026-06-22 18:09:11] MAC FLAP b2:7b:14:3f:6d:2e g0_s1:2 -> g1_s0:2
[2026-06-22 18:09:11] MAC FLAP de:f6:4d:4b:90:4b g0_s1:2 -> g1_s0:4
[2026-06-22 18:09:11] MAC FLAP 62:a0:56:6e:7d:c2 g0_s1:2 -> g1_s0:2
[2026-06-22 18:09:11] MAC FLAP ba:a3:f7:d5:25:ce g0_s1:2 -> g1_s0:4
[2026-06-22 18:09:11] MAC FLAP 16:8b:d1:2e:12:b7 g1_s0:3 -> g1_s1:2
[2026-06-22 18:09:11] MAC FLAP 86:e9:f9:a5:bf:8c g1_s0:4 -> g1_s1:2
[2026-06-22 18:09:11] MAC FLAP 92:e0:fa:df:41:3a g1_s0:1 -> g1_s1:2
[2026-06-22 18:09:11] MAC FLAP 9e:15:46:6f:0b:de g1_s0:3 -> g1_s1:2
[2026-06-22 18:09:11] MAC FLAP 1a:4a:a3:63:c4:d4 g1_s0:3 -> g1_s1:2
[2026-06-22 18:09:11] MAC FLAP ee:d8:1f:c6:58:dc g1_s0:4 -> g1_s1:2
[2026-06-22 18:09:11] MAC FLAP de:f6:4d:4b:90:4b g1_s0:4 -> g1_s1:2
[2026-06-22 18:09:11] MAC FLAP 62:a0:56:6e:7d:c2 g1_s0:2 -> g1_s1:1
[2026-06-22 18:09:11] MAC FLAP ba:a3:f7:d5:25:ce g1_s0:4 -> g1_s1:2
[2026-06-22 18:09:11] MAC FLAP 16:8b:d1:2e:12:b7 g1_s1:2 -> g2_s0:3
[2026-06-22 18:09:11] MAC FLAP 86:e9:f9:a5:bf:8c g1_s1:2 -> g2_s0:1
[2026-06-22 18:09:11] MAC FLAP aa:5a:ee:c6:d4:4d g2_s1:2 -> g2_s0:3
[2026-06-22 18:09:11] MAC FLAP 92:e0:fa:df:41:3a g1_s1:2 -> g2_s0:3
[2026-06-22 18:09:11] MAC FLAP 9e:15:46:6f:0b:de g1_s1:2 -> g2_s0:3
[2026-06-22 18:09:11] MAC FLAP 1a:4a:a3:63:c4:d4 g1_s1:2 -> g2_s0:3
[2026-06-22 18:09:11] MAC FLAP ee:d8:1f:c6:58:dc g1_s1:2 -> g2_s0:2
[2026-06-22 18:09:11] MAC FLAP b2:7b:14:3f:6d:2e g1_s0:2 -> g2_s0:3
[2026-06-22 18:09:11] MAC FLAP 62:a0:56:6e:7d:c2 g1_s1:1 -> g2_s0:3
[2026-06-22 18:09:11] MAC FLAP ba:a3:f7:d5:25:ce g1_s1:2 -> g2_s0:2
[2026-06-22 18:09:11] MAC FLAP 16:8b:d1:2e:12:b7 g2_s0:3 -> g2_s1:2
[2026-06-22 18:09:11] MAC FLAP 86:e9:f9:a5:bf:8c g2_s0:1 -> g2_s1:2
[2026-06-22 18:09:11] MAC FLAP 92:e0:fa:df:41:3a g2_s0:3 -> g2_s1:2
[2026-06-22 18:09:11] MAC FLAP aa:5a:ee:c6:d4:4d g2_s0:3 -> g2_s1:2
[2026-06-22 18:09:11] MAC FLAP 9e:15:46:6f:0b:de g2_s0:3 -> g2_s1:2
[2026-06-22 18:09:11] MAC FLAP 1a:4a:a3:63:c4:d4 g2_s0:3 -> g2_s1:2
[2026-06-22 18:09:11] MAC FLAP ee:d8:1f:c6:58:dc g2_s0:2 -> g2_s1:1
[2026-06-22 18:09:11] MAC FLAP b2:7b:14:3f:6d:2e g2_s0:3 -> g2_s1:2
[2026-06-22 18:09:11] MAC FLAP 62:a0:56:6e:7d:c2 g2_s0:3 -> g2_s1:2
[2026-06-22 18:09:16] MAC FLAP 86:e9:f9:a5:bf:8c g2_s1:2 -> g0_s0:3
[2026-06-22 18:09:16] MAC FLAP 92:e0:fa:df:41:3a g2_s1:2 -> g0_s0:3
[2026-06-22 18:09:16] MAC FLAP 46:9c:bc:ee:cf:25 g0_s1:2 -> g0_s0:3
[2026-06-22 18:09:16] MAC FLAP 9e:15:46:6f:0b:de g2_s1:2 -> g0_s0:2
[2026-06-22 18:09:16] MAC FLAP 1a:4a:a3:63:c4:d4 g2_s1:2 -> g0_s0:2
[2026-06-22 18:09:16] MAC FLAP ee:d8:1f:c6:58:dc g2_s1:1 -> g0_s0:3
[2026-06-22 18:09:16] MAC FLAP b2:7b:14:3f:6d:2e g2_s1:2 -> g0_s0:3
[2026-06-22 18:09:16] MAC FLAP de:f6:4d:4b:90:4b g1_s1:2 -> g0_s0:3
[2026-06-22 18:09:16] MAC FLAP 62:a0:56:6e:7d:c2 g2_s1:2 -> g0_s0:3
[2026-06-22 18:09:16] MAC FLAP ba:a3:f7:d5:25:ce g2_s0:2 -> g0_s0:3
[2026-06-22 18:09:16] MAC FLAP 86:e9:f9:a5:bf:8c g0_s0:3 -> g0_s1:2
[2026-06-22 18:09:16] MAC FLAP 92:e0:fa:df:41:3a g0_s0:3 -> g0_s1:2
[2026-06-22 18:09:16] MAC FLAP 46:9c:bc:ee:cf:25 g0_s0:3 -> g0_s1:2
[2026-06-22 18:09:16] MAC FLAP 9e:15:46:6f:0b:de g0_s0:2 -> g0_s1:1
[2026-06-22 18:09:16] MAC FLAP ee:d8:1f:c6:58:dc g0_s0:3 -> g0_s1:2
[2026-06-22 18:09:16] MAC FLAP b2:7b:14:3f:6d:2e g0_s0:3 -> g0_s1:2
[2026-06-22 18:09:16] MAC FLAP de:f6:4d:4b:90:4b g0_s0:3 -> g0_s1:2
[2026-06-22 18:09:16] MAC FLAP 62:a0:56:6e:7d:c2 g0_s0:3 -> g0_s1:2
[2026-06-22 18:09:16] MAC FLAP ba:a3:f7:d5:25:ce g0_s0:3 -> g0_s1:2
[2026-06-22 18:09:16] MAC FLAP 16:8b:d1:2e:12:b7 g2_s1:2 -> g1_s0:3
[2026-06-22 18:09:16] MAC FLAP 86:e9:f9:a5:bf:8c g0_s1:2 -> g1_s0:4
[2026-06-22 18:09:16] MAC FLAP 92:e0:fa:df:41:3a g0_s1:2 -> g1_s0:1
[2026-06-22 18:09:16] MAC FLAP 9e:15:46:6f:0b:de g0_s1:1 -> g1_s0:3
[2026-06-22 18:09:16] MAC FLAP 1a:4a:a3:63:c4:d4 g0_s0:2 -> g1_s0:3
[2026-06-22 18:09:16] MAC FLAP ee:d8:1f:c6:58:dc g0_s1:2 -> g1_s0:4
[2026-06-22 18:09:16] MAC FLAP b2:7b:14:3f:6d:2e g0_s1:2 -> g1_s0:2
[2026-06-22 18:09:16] MAC FLAP de:f6:4d:4b:90:4b g0_s1:2 -> g1_s0:4
[2026-06-22 18:09:16] MAC FLAP 62:a0:56:6e:7d:c2 g0_s1:2 -> g1_s0:2
[2026-06-22 18:09:16] MAC FLAP ba:a3:f7:d5:25:ce g0_s1:2 -> g1_s0:4
[2026-06-22 18:09:16] MAC FLAP 16:8b:d1:2e:12:b7 g1_s0:3 -> g1_s1:2
[2026-06-22 18:09:16] MAC FLAP 86:e9:f9:a5:bf:8c g1_s0:4 -> g1_s1:2
[2026-06-22 18:09:16] MAC FLAP 92:e0:fa:df:41:3a g1_s0:1 -> g1_s1:2
[2026-06-22 18:09:16] MAC FLAP 9e:15:46:6f:0b:de g1_s0:3 -> g1_s1:2
[2026-06-22 18:09:16] MAC FLAP 1a:4a:a3:63:c4:d4 g1_s0:3 -> g1_s1:2
[2026-06-22 18:09:16] MAC FLAP ee:d8:1f:c6:58:dc g1_s0:4 -> g1_s1:2
[2026-06-22 18:09:16] MAC FLAP de:f6:4d:4b:90:4b g1_s0:4 -> g1_s1:2
[2026-06-22 18:09:16] MAC FLAP 62:a0:56:6e:7d:c2 g1_s0:2 -> g1_s1:1
[2026-06-22 18:09:16] MAC FLAP ba:a3:f7:d5:25:ce g1_s0:4 -> g1_s1:2
[2026-06-22 18:09:16] MAC FLAP 16:8b:d1:2e:12:b7 g1_s1:2 -> g2_s0:3
[2026-06-22 18:09:16] MAC FLAP 86:e9:f9:a5:bf:8c g1_s1:2 -> g2_s0:1
[2026-06-22 18:09:16] MAC FLAP aa:5a:ee:c6:d4:4d g2_s1:2 -> g2_s0:3
[2026-06-22 18:09:16] MAC FLAP 92:e0:fa:df:41:3a g1_s1:2 -> g2_s0:3
[2026-06-22 18:09:16] MAC FLAP 9e:15:46:6f:0b:de g1_s1:2 -> g2_s0:3
[2026-06-22 18:09:16] MAC FLAP 1a:4a:a3:63:c4:d4 g1_s1:2 -> g2_s0:3
[2026-06-22 18:09:16] MAC FLAP ee:d8:1f:c6:58:dc g1_s1:2 -> g2_s0:2
[2026-06-22 18:09:16] MAC FLAP b2:7b:14:3f:6d:2e g1_s0:2 -> g2_s0:3
[2026-06-22 18:09:16] MAC FLAP 62:a0:56:6e:7d:c2 g1_s1:1 -> g2_s0:3
[2026-06-22 18:09:16] MAC FLAP ba:a3:f7:d5:25:ce g1_s1:2 -> g2_s0:2
[2026-06-22 18:09:16] MAC FLAP 16:8b:d1:2e:12:b7 g2_s0:3 -> g2_s1:2
[2026-06-22 18:09:16] MAC FLAP 86:e9:f9:a5:bf:8c g2_s0:1 -> g2_s1:2
[2026-06-22 18:09:16] MAC FLAP 92:e0:fa:df:41:3a g2_s0:3 -> g2_s1:2
[2026-06-22 18:09:16] MAC FLAP aa:5a:ee:c6:d4:4d g2_s0:3 -> g2_s1:2
[2026-06-22 18:09:16] MAC FLAP 9e:15:46:6f:0b:de g2_s0:3 -> g2_s1:2
[2026-06-22 18:09:16] MAC FLAP 1a:4a:a3:63:c4:d4 g2_s0:3 -> g2_s1:2
[2026-06-22 18:09:16] MAC FLAP ee:d8:1f:c6:58:dc g2_s0:2 -> g2_s1:1
[2026-06-22 18:09:16] MAC FLAP b2:7b:14:3f:6d:2e g2_s0:3 -> g2_s1:2
[2026-06-22 18:09:16] MAC FLAP 62:a0:56:6e:7d:c2 g2_s0:3 -> g2_s1:2
[2026-06-22 18:09:22] MAC FLAP 86:e9:f9:a5:bf:8c g2_s1:2 -> g0_s0:3
[2026-06-22 18:09:22] MAC FLAP 92:e0:fa:df:41:3a g2_s1:2 -> g0_s0:3
[2026-06-22 18:09:22] MAC FLAP 46:9c:bc:ee:cf:25 g0_s1:2 -> g0_s0:3
[2026-06-22 18:09:22] MAC FLAP 9e:15:46:6f:0b:de g2_s1:2 -> g0_s0:2
[2026-06-22 18:09:22] MAC FLAP 1a:4a:a3:63:c4:d4 g2_s1:2 -> g0_s0:2
[2026-06-22 18:09:22] MAC FLAP ee:d8:1f:c6:58:dc g2_s1:1 -> g0_s0:3
[2026-06-22 18:09:22] MAC FLAP b2:7b:14:3f:6d:2e g2_s1:2 -> g0_s0:3
[2026-06-22 18:09:22] MAC FLAP de:f6:4d:4b:90:4b g1_s1:2 -> g0_s0:3
[2026-06-22 18:09:22] MAC FLAP 62:a0:56:6e:7d:c2 g2_s1:2 -> g0_s0:3
[2026-06-22 18:09:22] MAC FLAP ba:a3:f7:d5:25:ce g2_s0:2 -> g0_s0:3
[2026-06-22 18:09:22] MAC FLAP 86:e9:f9:a5:bf:8c g0_s0:3 -> g0_s1:2
[2026-06-22 18:09:22] MAC FLAP 92:e0:fa:df:41:3a g0_s0:3 -> g0_s1:2
[2026-06-22 18:09:22] MAC FLAP 46:9c:bc:ee:cf:25 g0_s0:3 -> g0_s1:2
[2026-06-22 18:09:22] MAC FLAP 9e:15:46:6f:0b:de g0_s0:2 -> g0_s1:1
[2026-06-22 18:09:22] MAC FLAP ee:d8:1f:c6:58:dc g0_s0:3 -> g0_s1:2
[2026-06-22 18:09:22] MAC FLAP b2:7b:14:3f:6d:2e g0_s0:3 -> g0_s1:2
[2026-06-22 18:09:22] MAC FLAP de:f6:4d:4b:90:4b g0_s0:3 -> g0_s1:2
[2026-06-22 18:09:22] MAC FLAP 62:a0:56:6e:7d:c2 g0_s0:3 -> g0_s1:2
[2026-06-22 18:09:22] MAC FLAP ba:a3:f7:d5:25:ce g0_s0:3 -> g0_s1:2
[2026-06-22 18:09:22] MAC FLAP 16:8b:d1:2e:12:b7 g2_s1:2 -> g1_s0:3
[2026-06-22 18:09:22] MAC FLAP 86:e9:f9:a5:bf:8c g0_s1:2 -> g1_s0:4
[2026-06-22 18:09:22] MAC FLAP 92:e0:fa:df:41:3a g0_s1:2 -> g1_s0:1
[2026-06-22 18:09:22] MAC FLAP 9e:15:46:6f:0b:de g0_s1:1 -> g1_s0:3
[2026-06-22 18:09:22] MAC FLAP 1a:4a:a3:63:c4:d4 g0_s0:2 -> g1_s0:3
[2026-06-22 18:09:22] MAC FLAP ee:d8:1f:c6:58:dc g0_s1:2 -> g1_s0:4
[2026-06-22 18:09:22] MAC FLAP b2:7b:14:3f:6d:2e g0_s1:2 -> g1_s0:2
[2026-06-22 18:09:22] MAC FLAP de:f6:4d:4b:90:4b g0_s1:2 -> g1_s0:4
[2026-06-22 18:09:22] MAC FLAP 62:a0:56:6e:7d:c2 g0_s1:2 -> g1_s0:2
[2026-06-22 18:09:22] MAC FLAP ba:a3:f7:d5:25:ce g0_s1:2 -> g1_s0:4
[2026-06-22 18:09:22] MAC FLAP 16:8b:d1:2e:12:b7 g1_s0:3 -> g1_s1:2
[2026-06-22 18:09:22] MAC FLAP 86:e9:f9:a5:bf:8c g1_s0:4 -> g1_s1:2
[2026-06-22 18:09:22] MAC FLAP 92:e0:fa:df:41:3a g1_s0:1 -> g1_s1:2
[2026-06-22 18:09:22] MAC FLAP 9e:15:46:6f:0b:de g1_s0:3 -> g1_s1:2
[2026-06-22 18:09:22] MAC FLAP 1a:4a:a3:63:c4:d4 g1_s0:3 -> g1_s1:2
[2026-06-22 18:09:22] MAC FLAP ee:d8:1f:c6:58:dc g1_s0:4 -> g1_s1:2
[2026-06-22 18:09:22] MAC FLAP de:f6:4d:4b:90:4b g1_s0:4 -> g1_s1:2
[2026-06-22 18:09:22] MAC FLAP 62:a0:56:6e:7d:c2 g1_s0:2 -> g1_s1:1
[2026-06-22 18:09:22] MAC FLAP ba:a3:f7:d5:25:ce g1_s0:4 -> g1_s1:2
[2026-06-22 18:09:22] MAC FLAP 16:8b:d1:2e:12:b7 g1_s1:2 -> g2_s0:3
[2026-06-22 18:09:22] MAC FLAP 86:e9:f9:a5:bf:8c g1_s1:2 -> g2_s0:1
[2026-06-22 18:09:22] MAC FLAP aa:5a:ee:c6:d4:4d g2_s1:2 -> g2_s0:3
[2026-06-22 18:09:22] MAC FLAP 92:e0:fa:df:41:3a g1_s1:2 -> g2_s0:3
[2026-06-22 18:09:22] MAC FLAP 9e:15:46:6f:0b:de g1_s1:2 -> g2_s0:3
[2026-06-22 18:09:22] MAC FLAP 1a:4a:a3:63:c4:d4 g1_s1:2 -> g2_s0:3
[2026-06-22 18:09:22] MAC FLAP ee:d8:1f:c6:58:dc g1_s1:2 -> g2_s0:2
[2026-06-22 18:09:22] MAC FLAP b2:7b:14:3f:6d:2e g1_s0:2 -> g2_s0:3
[2026-06-22 18:09:22] MAC FLAP 62:a0:56:6e:7d:c2 g1_s1:1 -> g2_s0:3
[2026-06-22 18:09:22] MAC FLAP ba:a3:f7:d5:25:ce g1_s1:2 -> g2_s0:2
[2026-06-22 18:09:22] MAC FLAP 16:8b:d1:2e:12:b7 g2_s0:3 -> g2_s1:2
[2026-06-22 18:09:22] MAC FLAP 86:e9:f9:a5:bf:8c g2_s0:1 -> g2_s1:2
[2026-06-22 18:09:22] MAC FLAP 92:e0:fa:df:41:3a g2_s0:3 -> g2_s1:2
[2026-06-22 18:09:22] MAC FLAP aa:5a:ee:c6:d4:4d g2_s0:3 -> g2_s1:2
[2026-06-22 18:09:22] MAC FLAP 9e:15:46:6f:0b:de g2_s0:3 -> g2_s1:2
[2026-06-22 18:09:22] MAC FLAP 1a:4a:a3:63:c4:d4 g2_s0:3 -> g2_s1:2
[2026-06-22 18:09:22] MAC FLAP ee:d8:1f:c6:58:dc g2_s0:2 -> g2_s1:1
[2026-06-22 18:09:22] MAC FLAP b2:7b:14:3f:6d:2e g2_s0:3 -> g2_s1:2
[2026-06-22 18:09:22] MAC FLAP 62:a0:56:6e:7d:c2 g2_s0:3 -> g2_s1:2
[2026-06-22 18:09:27] MAC FLAP 86:e9:f9:a5:bf:8c g2_s1:2 -> g0_s0:3
[2026-06-22 18:09:27] MAC FLAP 92:e0:fa:df:41:3a g2_s1:2 -> g0_s0:3
[2026-06-22 18:09:27] MAC FLAP 46:9c:bc:ee:cf:25 g0_s1:2 -> g0_s0:3
[2026-06-22 18:09:27] MAC FLAP 9e:15:46:6f:0b:de g2_s1:2 -> g0_s0:2
[2026-06-22 18:09:27] MAC FLAP 1a:4a:a3:63:c4:d4 g2_s1:2 -> g0_s0:2
[2026-06-22 18:09:27] MAC FLAP ee:d8:1f:c6:58:dc g2_s1:1 -> g0_s0:3
[2026-06-22 18:09:27] MAC FLAP b2:7b:14:3f:6d:2e g2_s1:2 -> g0_s0:3
[2026-06-22 18:09:27] MAC FLAP de:f6:4d:4b:90:4b g1_s1:2 -> g0_s0:3
[2026-06-22 18:09:27] MAC FLAP 62:a0:56:6e:7d:c2 g2_s1:2 -> g0_s0:3
[2026-06-22 18:09:27] MAC FLAP ba:a3:f7:d5:25:ce g2_s0:2 -> g0_s0:3
[2026-06-22 18:09:27] MAC FLAP 86:e9:f9:a5:bf:8c g0_s0:3 -> g0_s1:2
[2026-06-22 18:09:27] MAC FLAP 92:e0:fa:df:41:3a g0_s0:3 -> g0_s1:2
[2026-06-22 18:09:27] MAC FLAP 46:9c:bc:ee:cf:25 g0_s0:3 -> g0_s1:2
[2026-06-22 18:09:27] MAC FLAP 9e:15:46:6f:0b:de g0_s0:2 -> g0_s1:1
[2026-06-22 18:09:27] MAC FLAP ee:d8:1f:c6:58:dc g0_s0:3 -> g0_s1:2
[2026-06-22 18:09:27] MAC FLAP b2:7b:14:3f:6d:2e g0_s0:3 -> g0_s1:2
[2026-06-22 18:09:27] MAC FLAP de:f6:4d:4b:90:4b g0_s0:3 -> g0_s1:2
[2026-06-22 18:09:27] MAC FLAP 62:a0:56:6e:7d:c2 g0_s0:3 -> g0_s1:2
[2026-06-22 18:09:27] MAC FLAP ba:a3:f7:d5:25:ce g0_s0:3 -> g0_s1:2
[2026-06-22 18:09:27] MAC FLAP 16:8b:d1:2e:12:b7 g2_s1:2 -> g1_s0:3
[2026-06-22 18:09:27] MAC FLAP 86:e9:f9:a5:bf:8c g0_s1:2 -> g1_s0:4
[2026-06-22 18:09:27] MAC FLAP 92:e0:fa:df:41:3a g0_s1:2 -> g1_s0:1
[2026-06-22 18:09:27] MAC FLAP 9e:15:46:6f:0b:de g0_s1:1 -> g1_s0:3
[2026-06-22 18:09:27] MAC FLAP 1a:4a:a3:63:c4:d4 g0_s0:2 -> g1_s0:3
[2026-06-22 18:09:27] MAC FLAP ee:d8:1f:c6:58:dc g0_s1:2 -> g1_s0:4
[2026-06-22 18:09:27] MAC FLAP b2:7b:14:3f:6d:2e g0_s1:2 -> g1_s0:2
[2026-06-22 18:09:27] MAC FLAP de:f6:4d:4b:90:4b g0_s1:2 -> g1_s0:4
[2026-06-22 18:09:27] MAC FLAP 62:a0:56:6e:7d:c2 g0_s1:2 -> g1_s0:2
[2026-06-22 18:09:27] MAC FLAP ba:a3:f7:d5:25:ce g0_s1:2 -> g1_s0:4
[2026-06-22 18:09:27] MAC FLAP 16:8b:d1:2e:12:b7 g1_s0:3 -> g1_s1:2
[2026-06-22 18:09:27] MAC FLAP 86:e9:f9:a5:bf:8c g1_s0:4 -> g1_s1:2
[2026-06-22 18:09:27] MAC FLAP 92:e0:fa:df:41:3a g1_s0:1 -> g1_s1:2
[2026-06-22 18:09:27] MAC FLAP 9e:15:46:6f:0b:de g1_s0:3 -> g1_s1:2
[2026-06-22 18:09:27] MAC FLAP 1a:4a:a3:63:c4:d4 g1_s0:3 -> g1_s1:2
[2026-06-22 18:09:27] MAC FLAP ee:d8:1f:c6:58:dc g1_s0:4 -> g1_s1:2
[2026-06-22 18:09:27] MAC FLAP de:f6:4d:4b:90:4b g1_s0:4 -> g1_s1:2
[2026-06-22 18:09:27] MAC FLAP 62:a0:56:6e:7d:c2 g1_s0:2 -> g1_s1:1
[2026-06-22 18:09:27] MAC FLAP ba:a3:f7:d5:25:ce g1_s0:4 -> g1_s1:2
[2026-06-22 18:09:27] MAC FLAP 16:8b:d1:2e:12:b7 g1_s1:2 -> g2_s0:3
[2026-06-22 18:09:27] MAC FLAP 86:e9:f9:a5:bf:8c g1_s1:2 -> g2_s0:1
[2026-06-22 18:09:27] MAC FLAP aa:5a:ee:c6:d4:4d g2_s1:2 -> g2_s0:3
[2026-06-22 18:09:27] MAC FLAP 92:e0:fa:df:41:3a g1_s1:2 -> g2_s0:3
[2026-06-22 18:09:27] MAC FLAP 9e:15:46:6f:0b:de g1_s1:2 -> g2_s0:3
[2026-06-22 18:09:27] MAC FLAP 1a:4a:a3:63:c4:d4 g1_s1:2 -> g2_s0:3
[2026-06-22 18:09:27] MAC FLAP ee:d8:1f:c6:58:dc g1_s1:2 -> g2_s0:2
[2026-06-22 18:09:27] MAC FLAP b2:7b:14:3f:6d:2e g1_s0:2 -> g2_s0:3
[2026-06-22 18:09:27] MAC FLAP 62:a0:56:6e:7d:c2 g1_s1:1 -> g2_s0:3
[2026-06-22 18:09:27] MAC FLAP ba:a3:f7:d5:25:ce g1_s1:2 -> g2_s0:2
[2026-06-22 18:09:27] MAC FLAP 16:8b:d1:2e:12:b7 g2_s0:3 -> g2_s1:2
[2026-06-22 18:09:27] MAC FLAP 86:e9:f9:a5:bf:8c g2_s0:1 -> g2_s1:2
[2026-06-22 18:09:27] MAC FLAP 92:e0:fa:df:41:3a g2_s0:3 -> g2_s1:2
[2026-06-22 18:09:27] MAC FLAP aa:5a:ee:c6:d4:4d g2_s0:3 -> g2_s1:2
[2026-06-22 18:09:27] MAC FLAP 9e:15:46:6f:0b:de g2_s0:3 -> g2_s1:2
[2026-06-22 18:09:27] MAC FLAP 1a:4a:a3:63:c4:d4 g2_s0:3 -> g2_s1:2
[2026-06-22 18:09:27] MAC FLAP ee:d8:1f:c6:58:dc g2_s0:2 -> g2_s1:1
[2026-06-22 18:09:27] MAC FLAP b2:7b:14:3f:6d:2e g2_s0:3 -> g2_s1:2
[2026-06-22 18:09:27] MAC FLAP 62:a0:56:6e:7d:c2 g2_s0:3 -> g2_s1:2
[2026-06-22 18:09:32] MAC FLAP 86:e9:f9:a5:bf:8c g2_s1:2 -> g0_s0:3
[2026-06-22 18:09:32] MAC FLAP 92:e0:fa:df:41:3a g2_s1:2 -> g0_s0:3
[2026-06-22 18:09:32] MAC FLAP 46:9c:bc:ee:cf:25 g0_s1:2 -> g0_s0:3
[2026-06-22 18:09:32] MAC FLAP 9e:15:46:6f:0b:de g2_s1:2 -> g0_s0:2
[2026-06-22 18:09:32] MAC FLAP 1a:4a:a3:63:c4:d4 g2_s1:2 -> g0_s0:2
[2026-06-22 18:09:32] MAC FLAP ee:d8:1f:c6:58:dc g2_s1:1 -> g0_s0:3
[2026-06-22 18:09:32] MAC FLAP b2:7b:14:3f:6d:2e g2_s1:2 -> g0_s0:3
[2026-06-22 18:09:32] MAC FLAP de:f6:4d:4b:90:4b g1_s1:2 -> g0_s0:3
[2026-06-22 18:09:32] MAC FLAP 62:a0:56:6e:7d:c2 g2_s1:2 -> g0_s0:3
[2026-06-22 18:09:32] MAC FLAP ba:a3:f7:d5:25:ce g2_s0:2 -> g0_s0:3
[2026-06-22 18:09:32] MAC FLAP 86:e9:f9:a5:bf:8c g0_s0:3 -> g0_s1:2
[2026-06-22 18:09:32] MAC FLAP 92:e0:fa:df:41:3a g0_s0:3 -> g0_s1:2
[2026-06-22 18:09:32] MAC FLAP 46:9c:bc:ee:cf:25 g0_s0:3 -> g0_s1:2
[2026-06-22 18:09:32] MAC FLAP 9e:15:46:6f:0b:de g0_s0:2 -> g0_s1:1
[2026-06-22 18:09:32] MAC FLAP ee:d8:1f:c6:58:dc g0_s0:3 -> g0_s1:2
[2026-06-22 18:09:32] MAC FLAP b2:7b:14:3f:6d:2e g0_s0:3 -> g0_s1:2
[2026-06-22 18:09:32] MAC FLAP de:f6:4d:4b:90:4b g0_s0:3 -> g0_s1:2
[2026-06-22 18:09:32] MAC FLAP 62:a0:56:6e:7d:c2 g0_s0:3 -> g0_s1:2
[2026-06-22 18:09:32] MAC FLAP ba:a3:f7:d5:25:ce g0_s0:3 -> g0_s1:2
[2026-06-22 18:09:32] MAC FLAP 16:8b:d1:2e:12:b7 g2_s1:2 -> g1_s0:3
[2026-06-22 18:09:32] MAC FLAP 86:e9:f9:a5:bf:8c g0_s1:2 -> g1_s0:4
[2026-06-22 18:09:32] MAC FLAP 92:e0:fa:df:41:3a g0_s1:2 -> g1_s0:1
[2026-06-22 18:09:32] MAC FLAP 9e:15:46:6f:0b:de g0_s1:1 -> g1_s0:3
[2026-06-22 18:09:32] MAC FLAP 1a:4a:a3:63:c4:d4 g0_s0:2 -> g1_s0:3
[2026-06-22 18:09:32] MAC FLAP ee:d8:1f:c6:58:dc g0_s1:2 -> g1_s0:4
[2026-06-22 18:09:32] MAC FLAP b2:7b:14:3f:6d:2e g0_s1:2 -> g1_s0:2
[2026-06-22 18:09:32] MAC FLAP de:f6:4d:4b:90:4b g0_s1:2 -> g1_s0:4
[2026-06-22 18:09:32] MAC FLAP 62:a0:56:6e:7d:c2 g0_s1:2 -> g1_s0:2
[2026-06-22 18:09:32] MAC FLAP ba:a3:f7:d5:25:ce g0_s1:2 -> g1_s0:4
[2026-06-22 18:09:32] MAC FLAP 16:8b:d1:2e:12:b7 g1_s0:3 -> g1_s1:2
[2026-06-22 18:09:32] MAC FLAP 86:e9:f9:a5:bf:8c g1_s0:4 -> g1_s1:2
[2026-06-22 18:09:32] MAC FLAP 92:e0:fa:df:41:3a g1_s0:1 -> g1_s1:2
[2026-06-22 18:09:32] MAC FLAP 9e:15:46:6f:0b:de g1_s0:3 -> g1_s1:2
[2026-06-22 18:09:32] MAC FLAP 1a:4a:a3:63:c4:d4 g1_s0:3 -> g1_s1:2
[2026-06-22 18:09:32] MAC FLAP ee:d8:1f:c6:58:dc g1_s0:4 -> g1_s1:2
[2026-06-22 18:09:32] MAC FLAP de:f6:4d:4b:90:4b g1_s0:4 -> g1_s1:2
[2026-06-22 18:09:32] MAC FLAP 62:a0:56:6e:7d:c2 g1_s0:2 -> g1_s1:1
[2026-06-22 18:09:32] MAC FLAP ba:a3:f7:d5:25:ce g1_s0:4 -> g1_s1:2
[2026-06-22 18:09:32] MAC FLAP 16:8b:d1:2e:12:b7 g1_s1:2 -> g2_s0:3
[2026-06-22 18:09:32] MAC FLAP 86:e9:f9:a5:bf:8c g1_s1:2 -> g2_s0:1
[2026-06-22 18:09:32] MAC FLAP aa:5a:ee:c6:d4:4d g2_s1:2 -> g2_s0:3
[2026-06-22 18:09:32] MAC FLAP 92:e0:fa:df:41:3a g1_s1:2 -> g2_s0:3
[2026-06-22 18:09:32] MAC FLAP 9e:15:46:6f:0b:de g1_s1:2 -> g2_s0:3
[2026-06-22 18:09:32] MAC FLAP 1a:4a:a3:63:c4:d4 g1_s1:2 -> g2_s0:3
[2026-06-22 18:09:32] MAC FLAP ee:d8:1f:c6:58:dc g1_s1:2 -> g2_s0:2
[2026-06-22 18:09:32] MAC FLAP b2:7b:14:3f:6d:2e g1_s0:2 -> g2_s0:3
[2026-06-22 18:09:32] MAC FLAP 62:a0:56:6e:7d:c2 g1_s1:1 -> g2_s0:3
[2026-06-22 18:09:32] MAC FLAP ba:a3:f7:d5:25:ce g1_s1:2 -> g2_s0:2
[2026-06-22 18:09:32] MAC FLAP 16:8b:d1:2e:12:b7 g2_s0:3 -> g2_s1:2
[2026-06-22 18:09:32] MAC FLAP 86:e9:f9:a5:bf:8c g2_s0:1 -> g2_s1:2
[2026-06-22 18:09:32] MAC FLAP 92:e0:fa:df:41:3a g2_s0:3 -> g2_s1:2
[2026-06-22 18:09:32] MAC FLAP aa:5a:ee:c6:d4:4d g2_s0:3 -> g2_s1:2
[2026-06-22 18:09:32] MAC FLAP 9e:15:46:6f:0b:de g2_s0:3 -> g2_s1:2
[2026-06-22 18:09:32] MAC FLAP 1a:4a:a3:63:c4:d4 g2_s0:3 -> g2_s1:2
[2026-06-22 18:09:32] MAC FLAP ee:d8:1f:c6:58:dc g2_s0:2 -> g2_s1:1
[2026-06-22 18:09:32] MAC FLAP b2:7b:14:3f:6d:2e g2_s0:3 -> g2_s1:2
[2026-06-22 18:09:32] MAC FLAP 62:a0:56:6e:7d:c2 g2_s0:3 -> g2_s1:2
[2026-06-22 18:09:37] MAC FLAP 86:e9:f9:a5:bf:8c g2_s1:2 -> g0_s0:3
[2026-06-22 18:09:37] MAC FLAP 92:e0:fa:df:41:3a g2_s1:2 -> g0_s0:3
[2026-06-22 18:09:37] MAC FLAP 46:9c:bc:ee:cf:25 g0_s1:2 -> g0_s0:3
[2026-06-22 18:09:37] MAC FLAP 9e:15:46:6f:0b:de g2_s1:2 -> g0_s0:2
[2026-06-22 18:09:37] MAC FLAP 1a:4a:a3:63:c4:d4 g2_s1:2 -> g0_s0:2
[2026-06-22 18:09:37] MAC FLAP ee:d8:1f:c6:58:dc g2_s1:1 -> g0_s0:3
[2026-06-22 18:09:37] MAC FLAP b2:7b:14:3f:6d:2e g2_s1:2 -> g0_s0:3
[2026-06-22 18:09:37] MAC FLAP de:f6:4d:4b:90:4b g1_s1:2 -> g0_s0:3
[2026-06-22 18:09:37] MAC FLAP 62:a0:56:6e:7d:c2 g2_s1:2 -> g0_s0:3
[2026-06-22 18:09:37] MAC FLAP ba:a3:f7:d5:25:ce g2_s0:2 -> g0_s0:3
[2026-06-22 18:09:37] MAC FLAP 86:e9:f9:a5:bf:8c g0_s0:3 -> g0_s1:2
[2026-06-22 18:09:37] MAC FLAP 92:e0:fa:df:41:3a g0_s0:3 -> g0_s1:2
[2026-06-22 18:09:37] MAC FLAP 46:9c:bc:ee:cf:25 g0_s0:3 -> g0_s1:2
[2026-06-22 18:09:37] MAC FLAP 9e:15:46:6f:0b:de g0_s0:2 -> g0_s1:1
[2026-06-22 18:09:37] MAC FLAP ee:d8:1f:c6:58:dc g0_s0:3 -> g0_s1:2
[2026-06-22 18:09:37] MAC FLAP b2:7b:14:3f:6d:2e g0_s0:3 -> g0_s1:2
[2026-06-22 18:09:37] MAC FLAP de:f6:4d:4b:90:4b g0_s0:3 -> g0_s1:2
[2026-06-22 18:09:37] MAC FLAP 62:a0:56:6e:7d:c2 g0_s0:3 -> g0_s1:2
[2026-06-22 18:09:37] MAC FLAP ba:a3:f7:d5:25:ce g0_s0:3 -> g0_s1:2
[2026-06-22 18:09:37] MAC FLAP 16:8b:d1:2e:12:b7 g2_s1:2 -> g1_s0:3
[2026-06-22 18:09:37] MAC FLAP 86:e9:f9:a5:bf:8c g0_s1:2 -> g1_s0:4
[2026-06-22 18:09:37] MAC FLAP 92:e0:fa:df:41:3a g0_s1:2 -> g1_s0:1
[2026-06-22 18:09:37] MAC FLAP 9e:15:46:6f:0b:de g0_s1:1 -> g1_s0:3
[2026-06-22 18:09:37] MAC FLAP 1a:4a:a3:63:c4:d4 g0_s0:2 -> g1_s0:3
[2026-06-22 18:09:37] MAC FLAP ee:d8:1f:c6:58:dc g0_s1:2 -> g1_s0:4
[2026-06-22 18:09:37] MAC FLAP b2:7b:14:3f:6d:2e g0_s1:2 -> g1_s0:2
[2026-06-22 18:09:37] MAC FLAP de:f6:4d:4b:90:4b g0_s1:2 -> g1_s0:4
[2026-06-22 18:09:37] MAC FLAP 62:a0:56:6e:7d:c2 g0_s1:2 -> g1_s0:2
[2026-06-22 18:09:37] MAC FLAP ba:a3:f7:d5:25:ce g0_s1:2 -> g1_s0:4
[2026-06-22 18:09:37] MAC FLAP 16:8b:d1:2e:12:b7 g1_s0:3 -> g1_s1:2
[2026-06-22 18:09:37] MAC FLAP 86:e9:f9:a5:bf:8c g1_s0:4 -> g1_s1:2
[2026-06-22 18:09:37] MAC FLAP 92:e0:fa:df:41:3a g1_s0:1 -> g1_s1:2
[2026-06-22 18:09:37] MAC FLAP 9e:15:46:6f:0b:de g1_s0:3 -> g1_s1:2
[2026-06-22 18:09:37] MAC FLAP 1a:4a:a3:63:c4:d4 g1_s0:3 -> g1_s1:2
[2026-06-22 18:09:37] MAC FLAP ee:d8:1f:c6:58:dc g1_s0:4 -> g1_s1:2
[2026-06-22 18:09:37] MAC FLAP de:f6:4d:4b:90:4b g1_s0:4 -> g1_s1:2
[2026-06-22 18:09:37] MAC FLAP 62:a0:56:6e:7d:c2 g1_s0:2 -> g1_s1:1
[2026-06-22 18:09:37] MAC FLAP ba:a3:f7:d5:25:ce g1_s0:4 -> g1_s1:2
[2026-06-22 18:09:37] MAC FLAP 16:8b:d1:2e:12:b7 g1_s1:2 -> g2_s0:3
[2026-06-22 18:09:37] MAC FLAP 86:e9:f9:a5:bf:8c g1_s1:2 -> g2_s0:1
[2026-06-22 18:09:37] MAC FLAP aa:5a:ee:c6:d4:4d g2_s1:2 -> g2_s0:3
[2026-06-22 18:09:37] MAC FLAP 92:e0:fa:df:41:3a g1_s1:2 -> g2_s0:3
[2026-06-22 18:09:37] MAC FLAP 9e:15:46:6f:0b:de g1_s1:2 -> g2_s0:3
[2026-06-22 18:09:37] MAC FLAP 1a:4a:a3:63:c4:d4 g1_s1:2 -> g2_s0:3
[2026-06-22 18:09:37] MAC FLAP ee:d8:1f:c6:58:dc g1_s1:2 -> g2_s0:2
[2026-06-22 18:09:37] MAC FLAP b2:7b:14:3f:6d:2e g1_s0:2 -> g2_s0:3
[2026-06-22 18:09:37] MAC FLAP 62:a0:56:6e:7d:c2 g1_s1:1 -> g2_s0:3
[2026-06-22 18:09:37] MAC FLAP ba:a3:f7:d5:25:ce g1_s1:2 -> g2_s0:2
[2026-06-22 18:09:37] MAC FLAP 16:8b:d1:2e:12:b7 g2_s0:3 -> g2_s1:2
[2026-06-22 18:09:37] MAC FLAP 86:e9:f9:a5:bf:8c g2_s0:1 -> g2_s1:2
[2026-06-22 18:09:37] MAC FLAP 92:e0:fa:df:41:3a g2_s0:3 -> g2_s1:2
[2026-06-22 18:09:37] MAC FLAP aa:5a:ee:c6:d4:4d g2_s0:3 -> g2_s1:2
[2026-06-22 18:09:37] MAC FLAP 9e:15:46:6f:0b:de g2_s0:3 -> g2_s1:2
[2026-06-22 18:09:37] MAC FLAP 1a:4a:a3:63:c4:d4 g2_s0:3 -> g2_s1:2
[2026-06-22 18:09:37] MAC FLAP ee:d8:1f:c6:58:dc g2_s0:2 -> g2_s1:1
[2026-06-22 18:09:37] MAC FLAP b2:7b:14:3f:6d:2e g2_s0:3 -> g2_s1:2
[2026-06-22 18:09:37] MAC FLAP 62:a0:56:6e:7d:c2 g2_s0:3 -> g2_s1:2
[2026-06-22 18:09:42] MAC FLAP 86:e9:f9:a5:bf:8c g2_s1:2 -> g0_s0:3
[2026-06-22 18:09:42] MAC FLAP 92:e0:fa:df:41:3a g2_s1:2 -> g0_s0:3
[2026-06-22 18:09:42] MAC FLAP 46:9c:bc:ee:cf:25 g0_s1:2 -> g0_s0:3
[2026-06-22 18:09:42] MAC FLAP 9e:15:46:6f:0b:de g2_s1:2 -> g0_s0:2
[2026-06-22 18:09:42] MAC FLAP 1a:4a:a3:63:c4:d4 g2_s1:2 -> g0_s0:2
[2026-06-22 18:09:42] MAC FLAP ee:d8:1f:c6:58:dc g2_s1:1 -> g0_s0:3
[2026-06-22 18:09:42] MAC FLAP b2:7b:14:3f:6d:2e g2_s1:2 -> g0_s0:3
[2026-06-22 18:09:42] MAC FLAP de:f6:4d:4b:90:4b g1_s1:2 -> g0_s0:3
[2026-06-22 18:09:42] MAC FLAP 62:a0:56:6e:7d:c2 g2_s1:2 -> g0_s0:3
[2026-06-22 18:09:42] MAC FLAP ba:a3:f7:d5:25:ce g2_s0:2 -> g0_s0:3
[2026-06-22 18:09:42] MAC FLAP 86:e9:f9:a5:bf:8c g0_s0:3 -> g0_s1:2
[2026-06-22 18:09:42] MAC FLAP 92:e0:fa:df:41:3a g0_s0:3 -> g0_s1:2
[2026-06-22 18:09:42] MAC FLAP 46:9c:bc:ee:cf:25 g0_s0:3 -> g0_s1:2
[2026-06-22 18:09:42] MAC FLAP 9e:15:46:6f:0b:de g0_s0:2 -> g0_s1:1
[2026-06-22 18:09:42] MAC FLAP ee:d8:1f:c6:58:dc g0_s0:3 -> g0_s1:2
[2026-06-22 18:09:42] MAC FLAP b2:7b:14:3f:6d:2e g0_s0:3 -> g0_s1:2
[2026-06-22 18:09:42] MAC FLAP de:f6:4d:4b:90:4b g0_s0:3 -> g0_s1:2
[2026-06-22 18:09:42] MAC FLAP 62:a0:56:6e:7d:c2 g0_s0:3 -> g0_s1:2
[2026-06-22 18:09:42] MAC FLAP ba:a3:f7:d5:25:ce g0_s0:3 -> g0_s1:2
[2026-06-22 18:09:42] MAC FLAP 16:8b:d1:2e:12:b7 g2_s1:2 -> g1_s0:3
[2026-06-22 18:09:42] MAC FLAP 86:e9:f9:a5:bf:8c g0_s1:2 -> g1_s0:4
[2026-06-22 18:09:42] MAC FLAP 92:e0:fa:df:41:3a g0_s1:2 -> g1_s0:1
[2026-06-22 18:09:42] MAC FLAP 9e:15:46:6f:0b:de g0_s1:1 -> g1_s0:3
[2026-06-22 18:09:42] MAC FLAP 1a:4a:a3:63:c4:d4 g0_s0:2 -> g1_s0:3
[2026-06-22 18:09:42] MAC FLAP ee:d8:1f:c6:58:dc g0_s1:2 -> g1_s0:4
[2026-06-22 18:09:42] MAC FLAP b2:7b:14:3f:6d:2e g0_s1:2 -> g1_s0:2
[2026-06-22 18:09:42] MAC FLAP de:f6:4d:4b:90:4b g0_s1:2 -> g1_s0:4
[2026-06-22 18:09:42] MAC FLAP 62:a0:56:6e:7d:c2 g0_s1:2 -> g1_s0:2
[2026-06-22 18:09:42] MAC FLAP ba:a3:f7:d5:25:ce g0_s1:2 -> g1_s0:4
[2026-06-22 18:09:42] MAC FLAP 16:8b:d1:2e:12:b7 g1_s0:3 -> g1_s1:2
[2026-06-22 18:09:42] MAC FLAP 86:e9:f9:a5:bf:8c g1_s0:4 -> g1_s1:2
[2026-06-22 18:09:42] MAC FLAP 92:e0:fa:df:41:3a g1_s0:1 -> g1_s1:2
[2026-06-22 18:09:42] MAC FLAP 9e:15:46:6f:0b:de g1_s0:3 -> g1_s1:2
[2026-06-22 18:09:42] MAC FLAP 1a:4a:a3:63:c4:d4 g1_s0:3 -> g1_s1:2
[2026-06-22 18:09:42] MAC FLAP ee:d8:1f:c6:58:dc g1_s0:4 -> g1_s1:2
[2026-06-22 18:09:42] MAC FLAP de:f6:4d:4b:90:4b g1_s0:4 -> g1_s1:2
[2026-06-22 18:09:42] MAC FLAP 62:a0:56:6e:7d:c2 g1_s0:2 -> g1_s1:1
[2026-06-22 18:09:42] MAC FLAP ba:a3:f7:d5:25:ce g1_s0:4 -> g1_s1:2
[2026-06-22 18:09:42] MAC FLAP 16:8b:d1:2e:12:b7 g1_s1:2 -> g2_s0:3
[2026-06-22 18:09:42] MAC FLAP 86:e9:f9:a5:bf:8c g1_s1:2 -> g2_s0:1
[2026-06-22 18:09:42] MAC FLAP aa:5a:ee:c6:d4:4d g2_s1:2 -> g2_s0:3
[2026-06-22 18:09:42] MAC FLAP 92:e0:fa:df:41:3a g1_s1:2 -> g2_s0:3
[2026-06-22 18:09:42] MAC FLAP 9e:15:46:6f:0b:de g1_s1:2 -> g2_s0:3
[2026-06-22 18:09:42] MAC FLAP 1a:4a:a3:63:c4:d4 g1_s1:2 -> g2_s0:3
[2026-06-22 18:09:42] MAC FLAP ee:d8:1f:c6:58:dc g1_s1:2 -> g2_s0:2
[2026-06-22 18:09:42] MAC FLAP b2:7b:14:3f:6d:2e g1_s0:2 -> g2_s0:3
[2026-06-22 18:09:42] MAC FLAP 62:a0:56:6e:7d:c2 g1_s1:1 -> g2_s0:3
[2026-06-22 18:09:42] MAC FLAP ba:a3:f7:d5:25:ce g1_s1:2 -> g2_s0:2
[2026-06-22 18:09:42] MAC FLAP 16:8b:d1:2e:12:b7 g2_s0:3 -> g2_s1:2
[2026-06-22 18:09:42] MAC FLAP 86:e9:f9:a5:bf:8c g2_s0:1 -> g2_s1:2
[2026-06-22 18:09:42] MAC FLAP 92:e0:fa:df:41:3a g2_s0:3 -> g2_s1:2
[2026-06-22 18:09:42] MAC FLAP aa:5a:ee:c6:d4:4d g2_s0:3 -> g2_s1:2
[2026-06-22 18:09:42] MAC FLAP 9e:15:46:6f:0b:de g2_s0:3 -> g2_s1:2
[2026-06-22 18:09:42] MAC FLAP 1a:4a:a3:63:c4:d4 g2_s0:3 -> g2_s1:2
[2026-06-22 18:09:42] MAC FLAP ee:d8:1f:c6:58:dc g2_s0:2 -> g2_s1:1
[2026-06-22 18:09:42] MAC FLAP b2:7b:14:3f:6d:2e g2_s0:3 -> g2_s1:2
[2026-06-22 18:09:42] MAC FLAP 62:a0:56:6e:7d:c2 g2_s0:3 -> g2_s1:2
[2026-06-22 18:09:48] MAC FLAP 86:e9:f9:a5:bf:8c g2_s1:2 -> g0_s0:3
[2026-06-22 18:09:48] MAC FLAP 92:e0:fa:df:41:3a g2_s1:2 -> g0_s0:3
[2026-06-22 18:09:48] MAC FLAP 46:9c:bc:ee:cf:25 g0_s1:2 -> g0_s0:3
[2026-06-22 18:09:48] MAC FLAP 9e:15:46:6f:0b:de g2_s1:2 -> g0_s0:2
[2026-06-22 18:09:48] MAC FLAP 1a:4a:a3:63:c4:d4 g2_s1:2 -> g0_s0:2
[2026-06-22 18:09:48] MAC FLAP ee:d8:1f:c6:58:dc g2_s1:1 -> g0_s0:3
[2026-06-22 18:09:48] MAC FLAP b2:7b:14:3f:6d:2e g2_s1:2 -> g0_s0:3
[2026-06-22 18:09:48] MAC FLAP de:f6:4d:4b:90:4b g1_s1:2 -> g0_s0:3
[2026-06-22 18:09:48] MAC FLAP 62:a0:56:6e:7d:c2 g2_s1:2 -> g0_s0:3
[2026-06-22 18:09:48] MAC FLAP ba:a3:f7:d5:25:ce g2_s0:2 -> g0_s0:3
[2026-06-22 18:09:48] MAC FLAP 86:e9:f9:a5:bf:8c g0_s0:3 -> g0_s1:2
[2026-06-22 18:09:48] MAC FLAP 92:e0:fa:df:41:3a g0_s0:3 -> g0_s1:2
[2026-06-22 18:09:48] MAC FLAP 46:9c:bc:ee:cf:25 g0_s0:3 -> g0_s1:2
[2026-06-22 18:09:48] MAC FLAP 9e:15:46:6f:0b:de g0_s0:2 -> g0_s1:1
[2026-06-22 18:09:48] MAC FLAP ee:d8:1f:c6:58:dc g0_s0:3 -> g0_s1:2
[2026-06-22 18:09:48] MAC FLAP b2:7b:14:3f:6d:2e g0_s0:3 -> g0_s1:2
[2026-06-22 18:09:48] MAC FLAP de:f6:4d:4b:90:4b g0_s0:3 -> g0_s1:2
[2026-06-22 18:09:48] MAC FLAP 62:a0:56:6e:7d:c2 g0_s0:3 -> g0_s1:2
[2026-06-22 18:09:48] MAC FLAP ba:a3:f7:d5:25:ce g0_s0:3 -> g0_s1:2
[2026-06-22 18:09:48] MAC FLAP 16:8b:d1:2e:12:b7 g2_s1:2 -> g1_s0:3
[2026-06-22 18:09:48] MAC FLAP 86:e9:f9:a5:bf:8c g0_s1:2 -> g1_s0:4
[2026-06-22 18:09:48] MAC FLAP 92:e0:fa:df:41:3a g0_s1:2 -> g1_s0:1
[2026-06-22 18:09:48] MAC FLAP 9e:15:46:6f:0b:de g0_s1:1 -> g1_s0:3
[2026-06-22 18:09:48] MAC FLAP 1a:4a:a3:63:c4:d4 g0_s0:2 -> g1_s0:3
[2026-06-22 18:09:48] MAC FLAP ee:d8:1f:c6:58:dc g0_s1:2 -> g1_s0:4
[2026-06-22 18:09:48] MAC FLAP b2:7b:14:3f:6d:2e g0_s1:2 -> g1_s0:2
[2026-06-22 18:09:48] MAC FLAP de:f6:4d:4b:90:4b g0_s1:2 -> g1_s0:4
[2026-06-22 18:09:48] MAC FLAP 62:a0:56:6e:7d:c2 g0_s1:2 -> g1_s0:2
[2026-06-22 18:09:48] MAC FLAP ba:a3:f7:d5:25:ce g0_s1:2 -> g1_s0:4
[2026-06-22 18:09:48] MAC FLAP 16:8b:d1:2e:12:b7 g1_s0:3 -> g1_s1:2
[2026-06-22 18:09:48] MAC FLAP 86:e9:f9:a5:bf:8c g1_s0:4 -> g1_s1:2
[2026-06-22 18:09:48] MAC FLAP 92:e0:fa:df:41:3a g1_s0:1 -> g1_s1:2
[2026-06-22 18:09:48] MAC FLAP 9e:15:46:6f:0b:de g1_s0:3 -> g1_s1:2
[2026-06-22 18:09:48] MAC FLAP 1a:4a:a3:63:c4:d4 g1_s0:3 -> g1_s1:2
[2026-06-22 18:09:48] MAC FLAP ee:d8:1f:c6:58:dc g1_s0:4 -> g1_s1:2
[2026-06-22 18:09:48] MAC FLAP de:f6:4d:4b:90:4b g1_s0:4 -> g1_s1:2
[2026-06-22 18:09:48] MAC FLAP 62:a0:56:6e:7d:c2 g1_s0:2 -> g1_s1:1
[2026-06-22 18:09:48] MAC FLAP ba:a3:f7:d5:25:ce g1_s0:4 -> g1_s1:2
[2026-06-22 18:09:48] MAC FLAP 16:8b:d1:2e:12:b7 g1_s1:2 -> g2_s0:3
[2026-06-22 18:09:48] MAC FLAP 86:e9:f9:a5:bf:8c g1_s1:2 -> g2_s0:1
[2026-06-22 18:09:48] MAC FLAP aa:5a:ee:c6:d4:4d g2_s1:2 -> g2_s0:3
[2026-06-22 18:09:48] MAC FLAP 92:e0:fa:df:41:3a g1_s1:2 -> g2_s0:3
[2026-06-22 18:09:48] MAC FLAP 9e:15:46:6f:0b:de g1_s1:2 -> g2_s0:3
[2026-06-22 18:09:48] MAC FLAP 1a:4a:a3:63:c4:d4 g1_s1:2 -> g2_s0:3
[2026-06-22 18:09:48] MAC FLAP ee:d8:1f:c6:58:dc g1_s1:2 -> g2_s0:2
[2026-06-22 18:09:48] MAC FLAP b2:7b:14:3f:6d:2e g1_s0:2 -> g2_s0:3
[2026-06-22 18:09:48] MAC FLAP 62:a0:56:6e:7d:c2 g1_s1:1 -> g2_s0:3
[2026-06-22 18:09:48] MAC FLAP ba:a3:f7:d5:25:ce g1_s1:2 -> g2_s0:2
[2026-06-22 18:09:48] MAC FLAP 16:8b:d1:2e:12:b7 g2_s0:3 -> g2_s1:2
[2026-06-22 18:09:48] MAC FLAP 86:e9:f9:a5:bf:8c g2_s0:1 -> g2_s1:2
[2026-06-22 18:09:48] MAC FLAP 92:e0:fa:df:41:3a g2_s0:3 -> g2_s1:2
[2026-06-22 18:09:48] MAC FLAP aa:5a:ee:c6:d4:4d g2_s0:3 -> g2_s1:2
[2026-06-22 18:09:48] MAC FLAP 9e:15:46:6f:0b:de g2_s0:3 -> g2_s1:2
[2026-06-22 18:09:48] MAC FLAP 1a:4a:a3:63:c4:d4 g2_s0:3 -> g2_s1:2
[2026-06-22 18:09:48] MAC FLAP ee:d8:1f:c6:58:dc g2_s0:2 -> g2_s1:1
[2026-06-22 18:09:48] MAC FLAP b2:7b:14:3f:6d:2e g2_s0:3 -> g2_s1:2
[2026-06-22 18:09:48] MAC FLAP 62:a0:56:6e:7d:c2 g2_s0:3 -> g2_s1:2
[2026-06-22 18:09:53] MAC FLAP 86:e9:f9:a5:bf:8c g2_s1:2 -> g0_s0:3
[2026-06-22 18:09:53] MAC FLAP 92:e0:fa:df:41:3a g2_s1:2 -> g0_s0:3
[2026-06-22 18:09:53] MAC FLAP 46:9c:bc:ee:cf:25 g0_s1:2 -> g0_s0:3
[2026-06-22 18:09:53] MAC FLAP 9e:15:46:6f:0b:de g2_s1:2 -> g0_s0:2
[2026-06-22 18:09:53] MAC FLAP 1a:4a:a3:63:c4:d4 g2_s1:2 -> g0_s0:2
[2026-06-22 18:09:53] MAC FLAP ee:d8:1f:c6:58:dc g2_s1:1 -> g0_s0:3
[2026-06-22 18:09:53] MAC FLAP b2:7b:14:3f:6d:2e g2_s1:2 -> g0_s0:3
[2026-06-22 18:09:53] MAC FLAP de:f6:4d:4b:90:4b g1_s1:2 -> g0_s0:3
[2026-06-22 18:09:53] MAC FLAP 62:a0:56:6e:7d:c2 g2_s1:2 -> g0_s0:3
[2026-06-22 18:09:53] MAC FLAP ba:a3:f7:d5:25:ce g2_s0:2 -> g0_s0:3
[2026-06-22 18:09:53] MAC FLAP 86:e9:f9:a5:bf:8c g0_s0:3 -> g0_s1:2
[2026-06-22 18:09:53] MAC FLAP 92:e0:fa:df:41:3a g0_s0:3 -> g0_s1:2
[2026-06-22 18:09:53] MAC FLAP 46:9c:bc:ee:cf:25 g0_s0:3 -> g0_s1:2
[2026-06-22 18:09:53] MAC FLAP 9e:15:46:6f:0b:de g0_s0:2 -> g0_s1:1
[2026-06-22 18:09:53] MAC FLAP ee:d8:1f:c6:58:dc g0_s0:3 -> g0_s1:2
[2026-06-22 18:09:53] MAC FLAP b2:7b:14:3f:6d:2e g0_s0:3 -> g0_s1:2
[2026-06-22 18:09:53] MAC FLAP de:f6:4d:4b:90:4b g0_s0:3 -> g0_s1:2
[2026-06-22 18:09:53] MAC FLAP 62:a0:56:6e:7d:c2 g0_s0:3 -> g0_s1:2
[2026-06-22 18:09:53] MAC FLAP ba:a3:f7:d5:25:ce g0_s0:3 -> g0_s1:2
[2026-06-22 18:09:53] MAC FLAP 86:e9:f9:a5:bf:8c g0_s1:2 -> g1_s0:4
[2026-06-22 18:09:53] MAC FLAP 92:e0:fa:df:41:3a g0_s1:2 -> g1_s0:1
[2026-06-22 18:09:53] MAC FLAP 9e:15:46:6f:0b:de g0_s1:1 -> g1_s0:3
[2026-06-22 18:09:53] MAC FLAP 1a:4a:a3:63:c4:d4 g0_s0:2 -> g1_s0:3
[2026-06-22 18:09:53] MAC FLAP ee:d8:1f:c6:58:dc g0_s1:2 -> g1_s0:4
[2026-06-22 18:09:53] MAC FLAP b2:7b:14:3f:6d:2e g0_s1:2 -> g1_s0:2
[2026-06-22 18:09:53] MAC FLAP de:f6:4d:4b:90:4b g0_s1:2 -> g1_s0:4
[2026-06-22 18:09:53] MAC FLAP 62:a0:56:6e:7d:c2 g0_s1:2 -> g1_s0:2
[2026-06-22 18:09:53] MAC FLAP ba:a3:f7:d5:25:ce g0_s1:2 -> g1_s0:4
[2026-06-22 18:09:53] MAC FLAP 86:e9:f9:a5:bf:8c g1_s0:4 -> g1_s1:2
[2026-06-22 18:09:53] MAC FLAP 92:e0:fa:df:41:3a g1_s0:1 -> g1_s1:2
[2026-06-22 18:09:53] MAC FLAP 9e:15:46:6f:0b:de g1_s0:3 -> g1_s1:2
[2026-06-22 18:09:53] MAC FLAP 1a:4a:a3:63:c4:d4 g1_s0:3 -> g1_s1:2
[2026-06-22 18:09:53] MAC FLAP ee:d8:1f:c6:58:dc g1_s0:4 -> g1_s1:2
[2026-06-22 18:09:53] MAC FLAP de:f6:4d:4b:90:4b g1_s0:4 -> g1_s1:2
[2026-06-22 18:09:53] MAC FLAP 62:a0:56:6e:7d:c2 g1_s0:2 -> g1_s1:1
[2026-06-22 18:09:53] MAC FLAP ba:a3:f7:d5:25:ce g1_s0:4 -> g1_s1:2
[2026-06-22 18:09:53] MAC FLAP 86:e9:f9:a5:bf:8c g1_s1:2 -> g2_s0:1
[2026-06-22 18:09:53] MAC FLAP aa:5a:ee:c6:d4:4d g2_s1:2 -> g2_s0:3
[2026-06-22 18:09:53] MAC FLAP 92:e0:fa:df:41:3a g1_s1:2 -> g2_s0:3
[2026-06-22 18:09:53] MAC FLAP 9e:15:46:6f:0b:de g1_s1:2 -> g2_s0:3
[2026-06-22 18:09:53] MAC FLAP 1a:4a:a3:63:c4:d4 g1_s1:2 -> g2_s0:3
[2026-06-22 18:09:53] MAC FLAP ee:d8:1f:c6:58:dc g1_s1:2 -> g2_s0:2
[2026-06-22 18:09:53] MAC FLAP b2:7b:14:3f:6d:2e g1_s0:2 -> g2_s0:3
[2026-06-22 18:09:53] MAC FLAP 62:a0:56:6e:7d:c2 g1_s1:1 -> g2_s0:3
[2026-06-22 18:09:53] MAC FLAP ba:a3:f7:d5:25:ce g1_s1:2 -> g2_s0:2
[2026-06-22 18:09:53] MAC FLAP 86:e9:f9:a5:bf:8c g2_s0:1 -> g2_s1:2
[2026-06-22 18:09:53] MAC FLAP 92:e0:fa:df:41:3a g2_s0:3 -> g2_s1:2
[2026-06-22 18:09:53] MAC FLAP aa:5a:ee:c6:d4:4d g2_s0:3 -> g2_s1:2
[2026-06-22 18:09:53] MAC FLAP 9e:15:46:6f:0b:de g2_s0:3 -> g2_s1:2
[2026-06-22 18:09:53] MAC FLAP 1a:4a:a3:63:c4:d4 g2_s0:3 -> g2_s1:2
[2026-06-22 18:09:53] MAC FLAP ee:d8:1f:c6:58:dc g2_s0:2 -> g2_s1:1
[2026-06-22 18:09:53] MAC FLAP b2:7b:14:3f:6d:2e g2_s0:3 -> g2_s1:2
[2026-06-22 18:09:53] MAC FLAP 62:a0:56:6e:7d:c2 g2_s0:3 -> g2_s1:2
[2026-06-22 18:09:59] MAC FLAP 92:e0:fa:df:41:3a g2_s1:2 -> g0_s0:3
[2026-06-22 18:09:59] MAC FLAP 46:9c:bc:ee:cf:25 g0_s1:2 -> g0_s0:3
[2026-06-22 18:09:59] MAC FLAP 9e:15:46:6f:0b:de g2_s1:2 -> g0_s0:2
[2026-06-22 18:09:59] MAC FLAP 1a:4a:a3:63:c4:d4 g2_s1:2 -> g0_s0:2
[2026-06-22 18:09:59] MAC FLAP ee:d8:1f:c6:58:dc g2_s1:1 -> g0_s0:3
[2026-06-22 18:09:59] MAC FLAP b2:7b:14:3f:6d:2e g2_s1:2 -> g0_s0:3
[2026-06-22 18:09:59] MAC FLAP de:f6:4d:4b:90:4b g1_s1:2 -> g0_s0:3
[2026-06-22 18:09:59] MAC FLAP 62:a0:56:6e:7d:c2 g2_s1:2 -> g0_s0:3
[2026-06-22 18:09:59] MAC FLAP ba:a3:f7:d5:25:ce g2_s0:2 -> g0_s0:3
[2026-06-22 18:09:59] MAC FLAP 92:e0:fa:df:41:3a g0_s0:3 -> g0_s1:2
[2026-06-22 18:09:59] MAC FLAP 46:9c:bc:ee:cf:25 g0_s0:3 -> g0_s1:2
[2026-06-22 18:09:59] MAC FLAP 9e:15:46:6f:0b:de g0_s0:2 -> g0_s1:1
[2026-06-22 18:09:59] MAC FLAP ee:d8:1f:c6:58:dc g0_s0:3 -> g0_s1:2
[2026-06-22 18:09:59] MAC FLAP b2:7b:14:3f:6d:2e g0_s0:3 -> g0_s1:2
[2026-06-22 18:09:59] MAC FLAP de:f6:4d:4b:90:4b g0_s0:3 -> g0_s1:2
[2026-06-22 18:09:59] MAC FLAP 62:a0:56:6e:7d:c2 g0_s0:3 -> g0_s1:2
[2026-06-22 18:09:59] MAC FLAP ba:a3:f7:d5:25:ce g0_s0:3 -> g0_s1:2
[2026-06-22 18:09:59] MAC FLAP 92:e0:fa:df:41:3a g0_s1:2 -> g1_s0:1
[2026-06-22 18:09:59] MAC FLAP 9e:15:46:6f:0b:de g0_s1:1 -> g1_s0:3
[2026-06-22 18:09:59] MAC FLAP 1a:4a:a3:63:c4:d4 g0_s0:2 -> g1_s0:3
[2026-06-22 18:09:59] MAC FLAP ee:d8:1f:c6:58:dc g0_s1:2 -> g1_s0:4
[2026-06-22 18:09:59] MAC FLAP b2:7b:14:3f:6d:2e g0_s1:2 -> g1_s0:2
[2026-06-22 18:09:59] MAC FLAP de:f6:4d:4b:90:4b g0_s1:2 -> g1_s0:4
[2026-06-22 18:09:59] MAC FLAP 62:a0:56:6e:7d:c2 g0_s1:2 -> g1_s0:2
[2026-06-22 18:09:59] MAC FLAP ba:a3:f7:d5:25:ce g0_s1:2 -> g1_s0:4
[2026-06-22 18:09:59] MAC FLAP 92:e0:fa:df:41:3a g1_s0:1 -> g1_s1:2
[2026-06-22 18:09:59] MAC FLAP 9e:15:46:6f:0b:de g1_s0:3 -> g1_s1:2
[2026-06-22 18:09:59] MAC FLAP 1a:4a:a3:63:c4:d4 g1_s0:3 -> g1_s1:2
[2026-06-22 18:09:59] MAC FLAP ee:d8:1f:c6:58:dc g1_s0:4 -> g1_s1:2
[2026-06-22 18:09:59] MAC FLAP de:f6:4d:4b:90:4b g1_s0:4 -> g1_s1:2
[2026-06-22 18:09:59] MAC FLAP 62:a0:56:6e:7d:c2 g1_s0:2 -> g1_s1:1
[2026-06-22 18:09:59] MAC FLAP ba:a3:f7:d5:25:ce g1_s0:4 -> g1_s1:2
[2026-06-22 18:09:59] MAC FLAP aa:5a:ee:c6:d4:4d g2_s1:2 -> g2_s0:3
[2026-06-22 18:09:59] MAC FLAP 92:e0:fa:df:41:3a g1_s1:2 -> g2_s0:3
[2026-06-22 18:09:59] MAC FLAP 9e:15:46:6f:0b:de g1_s1:2 -> g2_s0:3
[2026-06-22 18:09:59] MAC FLAP 1a:4a:a3:63:c4:d4 g1_s1:2 -> g2_s0:3
[2026-06-22 18:09:59] MAC FLAP ee:d8:1f:c6:58:dc g1_s1:2 -> g2_s0:2
[2026-06-22 18:09:59] MAC FLAP b2:7b:14:3f:6d:2e g1_s0:2 -> g2_s0:3
[2026-06-22 18:09:59] MAC FLAP 62:a0:56:6e:7d:c2 g1_s1:1 -> g2_s0:3
[2026-06-22 18:09:59] MAC FLAP ba:a3:f7:d5:25:ce g1_s1:2 -> g2_s0:2
[2026-06-22 18:09:59] MAC FLAP 92:e0:fa:df:41:3a g2_s0:3 -> g2_s1:2
[2026-06-22 18:09:59] MAC FLAP aa:5a:ee:c6:d4:4d g2_s0:3 -> g2_s1:2
[2026-06-22 18:09:59] MAC FLAP 9e:15:46:6f:0b:de g2_s0:3 -> g2_s1:2
[2026-06-22 18:09:59] MAC FLAP 1a:4a:a3:63:c4:d4 g2_s0:3 -> g2_s1:2
[2026-06-22 18:09:59] MAC FLAP ee:d8:1f:c6:58:dc g2_s0:2 -> g2_s1:1
[2026-06-22 18:09:59] MAC FLAP b2:7b:14:3f:6d:2e g2_s0:3 -> g2_s1:2
[2026-06-22 18:09:59] MAC FLAP 62:a0:56:6e:7d:c2 g2_s0:3 -> g2_s1:2
[2026-06-22 18:10:04] MAC FLAP 92:e0:fa:df:41:3a g2_s1:2 -> g0_s0:3
[2026-06-22 18:10:04] MAC FLAP 46:9c:bc:ee:cf:25 g0_s1:2 -> g0_s0:3
[2026-06-22 18:10:04] MAC FLAP 9e:15:46:6f:0b:de g2_s1:2 -> g0_s0:2
[2026-06-22 18:10:04] MAC FLAP 1a:4a:a3:63:c4:d4 g2_s1:2 -> g0_s0:2
[2026-06-22 18:10:04] MAC FLAP ee:d8:1f:c6:58:dc g2_s1:1 -> g0_s0:3
[2026-06-22 18:10:04] MAC FLAP b2:7b:14:3f:6d:2e g2_s1:2 -> g0_s0:3
[2026-06-22 18:10:04] MAC FLAP de:f6:4d:4b:90:4b g1_s1:2 -> g0_s0:3
[2026-06-22 18:10:04] MAC FLAP 62:a0:56:6e:7d:c2 g2_s1:2 -> g0_s0:3
[2026-06-22 18:10:04] MAC FLAP ba:a3:f7:d5:25:ce g2_s0:2 -> g0_s0:3
[2026-06-22 18:10:04] MAC FLAP 92:e0:fa:df:41:3a g0_s0:3 -> g0_s1:2
[2026-06-22 18:10:04] MAC FLAP 46:9c:bc:ee:cf:25 g0_s0:3 -> g0_s1:2
[2026-06-22 18:10:04] MAC FLAP 9e:15:46:6f:0b:de g0_s0:2 -> g0_s1:1
[2026-06-22 18:10:04] MAC FLAP ee:d8:1f:c6:58:dc g0_s0:3 -> g0_s1:2
[2026-06-22 18:10:04] MAC FLAP b2:7b:14:3f:6d:2e g0_s0:3 -> g0_s1:2
[2026-06-22 18:10:04] MAC FLAP de:f6:4d:4b:90:4b g0_s0:3 -> g0_s1:2
[2026-06-22 18:10:04] MAC FLAP 62:a0:56:6e:7d:c2 g0_s0:3 -> g0_s1:2
[2026-06-22 18:10:04] MAC FLAP ba:a3:f7:d5:25:ce g0_s0:3 -> g0_s1:2
[2026-06-22 18:10:04] MAC FLAP 92:e0:fa:df:41:3a g0_s1:2 -> g1_s0:1
[2026-06-22 18:10:04] MAC FLAP 9e:15:46:6f:0b:de g0_s1:1 -> g1_s0:3
[2026-06-22 18:10:04] MAC FLAP 1a:4a:a3:63:c4:d4 g0_s0:2 -> g1_s0:3
[2026-06-22 18:10:04] MAC FLAP ee:d8:1f:c6:58:dc g0_s1:2 -> g1_s0:4
[2026-06-22 18:10:04] MAC FLAP b2:7b:14:3f:6d:2e g0_s1:2 -> g1_s0:2
[2026-06-22 18:10:04] MAC FLAP de:f6:4d:4b:90:4b g0_s1:2 -> g1_s0:4
[2026-06-22 18:10:04] MAC FLAP 62:a0:56:6e:7d:c2 g0_s1:2 -> g1_s0:2
[2026-06-22 18:10:04] MAC FLAP ba:a3:f7:d5:25:ce g0_s1:2 -> g1_s0:4
[2026-06-22 18:10:04] MAC FLAP 92:e0:fa:df:41:3a g1_s0:1 -> g1_s1:2
[2026-06-22 18:10:04] MAC FLAP 9e:15:46:6f:0b:de g1_s0:3 -> g1_s1:2
[2026-06-22 18:10:04] MAC FLAP 1a:4a:a3:63:c4:d4 g1_s0:3 -> g1_s1:2
[2026-06-22 18:10:04] MAC FLAP ee:d8:1f:c6:58:dc g1_s0:4 -> g1_s1:2
[2026-06-22 18:10:04] MAC FLAP de:f6:4d:4b:90:4b g1_s0:4 -> g1_s1:2
[2026-06-22 18:10:04] MAC FLAP 62:a0:56:6e:7d:c2 g1_s0:2 -> g1_s1:1
[2026-06-22 18:10:04] MAC FLAP ba:a3:f7:d5:25:ce g1_s0:4 -> g1_s1:2
[2026-06-22 18:10:04] MAC FLAP aa:5a:ee:c6:d4:4d g2_s1:2 -> g2_s0:3
[2026-06-22 18:10:04] MAC FLAP 92:e0:fa:df:41:3a g1_s1:2 -> g2_s0:3
[2026-06-22 18:10:04] MAC FLAP 9e:15:46:6f:0b:de g1_s1:2 -> g2_s0:3
[2026-06-22 18:10:04] MAC FLAP 1a:4a:a3:63:c4:d4 g1_s1:2 -> g2_s0:3
[2026-06-22 18:10:04] MAC FLAP ee:d8:1f:c6:58:dc g1_s1:2 -> g2_s0:2
[2026-06-22 18:10:04] MAC FLAP b2:7b:14:3f:6d:2e g1_s0:2 -> g2_s0:3
[2026-06-22 18:10:04] MAC FLAP 62:a0:56:6e:7d:c2 g1_s1:1 -> g2_s0:3
[2026-06-22 18:10:04] MAC FLAP ba:a3:f7:d5:25:ce g1_s1:2 -> g2_s0:2
[2026-06-22 18:10:04] MAC FLAP 92:e0:fa:df:41:3a g2_s0:3 -> g2_s1:2
[2026-06-22 18:10:04] MAC FLAP aa:5a:ee:c6:d4:4d g2_s0:3 -> g2_s1:2
[2026-06-22 18:10:04] MAC FLAP 9e:15:46:6f:0b:de g2_s0:3 -> g2_s1:2
[2026-06-22 18:10:04] MAC FLAP 1a:4a:a3:63:c4:d4 g2_s0:3 -> g2_s1:2
[2026-06-22 18:10:04] MAC FLAP ee:d8:1f:c6:58:dc g2_s0:2 -> g2_s1:1
[2026-06-22 18:10:04] MAC FLAP b2:7b:14:3f:6d:2e g2_s0:3 -> g2_s1:2
[2026-06-22 18:10:04] MAC FLAP 62:a0:56:6e:7d:c2 g2_s0:3 -> g2_s1:2
[2026-06-22 18:10:09] MAC FLAP 92:e0:fa:df:41:3a g2_s1:2 -> g0_s0:3
[2026-06-22 18:10:09] MAC FLAP 46:9c:bc:ee:cf:25 g0_s1:2 -> g0_s0:3
[2026-06-22 18:10:09] MAC FLAP 9e:15:46:6f:0b:de g2_s1:2 -> g0_s0:2
[2026-06-22 18:10:09] MAC FLAP 1a:4a:a3:63:c4:d4 g2_s1:2 -> g0_s0:2
[2026-06-22 18:10:09] MAC FLAP ee:d8:1f:c6:58:dc g2_s1:1 -> g0_s0:3
[2026-06-22 18:10:09] MAC FLAP b2:7b:14:3f:6d:2e g2_s1:2 -> g0_s0:3
[2026-06-22 18:10:09] MAC FLAP de:f6:4d:4b:90:4b g1_s1:2 -> g0_s0:3
[2026-06-22 18:10:09] MAC FLAP 62:a0:56:6e:7d:c2 g2_s1:2 -> g0_s0:3
[2026-06-22 18:10:09] MAC FLAP ba:a3:f7:d5:25:ce g2_s0:2 -> g0_s0:3
[2026-06-22 18:10:09] MAC FLAP 92:e0:fa:df:41:3a g0_s0:3 -> g0_s1:2
[2026-06-22 18:10:09] MAC FLAP 46:9c:bc:ee:cf:25 g0_s0:3 -> g0_s1:2
[2026-06-22 18:10:09] MAC FLAP 9e:15:46:6f:0b:de g0_s0:2 -> g0_s1:1
[2026-06-22 18:10:09] MAC FLAP ee:d8:1f:c6:58:dc g0_s0:3 -> g0_s1:2
[2026-06-22 18:10:09] MAC FLAP b2:7b:14:3f:6d:2e g0_s0:3 -> g0_s1:2
[2026-06-22 18:10:09] MAC FLAP de:f6:4d:4b:90:4b g0_s0:3 -> g0_s1:2
[2026-06-22 18:10:09] MAC FLAP 62:a0:56:6e:7d:c2 g0_s0:3 -> g0_s1:2
[2026-06-22 18:10:09] MAC FLAP ba:a3:f7:d5:25:ce g0_s0:3 -> g0_s1:2
[2026-06-22 18:10:09] MAC FLAP 92:e0:fa:df:41:3a g0_s1:2 -> g1_s0:1
[2026-06-22 18:10:09] MAC FLAP 9e:15:46:6f:0b:de g0_s1:1 -> g1_s0:3
[2026-06-22 18:10:09] MAC FLAP 1a:4a:a3:63:c4:d4 g0_s0:2 -> g1_s0:3
[2026-06-22 18:10:09] MAC FLAP ee:d8:1f:c6:58:dc g0_s1:2 -> g1_s0:4
[2026-06-22 18:10:09] MAC FLAP b2:7b:14:3f:6d:2e g0_s1:2 -> g1_s0:2
[2026-06-22 18:10:09] MAC FLAP de:f6:4d:4b:90:4b g0_s1:2 -> g1_s0:4
[2026-06-22 18:10:09] MAC FLAP 62:a0:56:6e:7d:c2 g0_s1:2 -> g1_s0:2
[2026-06-22 18:10:09] MAC FLAP ba:a3:f7:d5:25:ce g0_s1:2 -> g1_s0:4
[2026-06-22 18:10:09] MAC FLAP 92:e0:fa:df:41:3a g1_s0:1 -> g1_s1:2
[2026-06-22 18:10:09] MAC FLAP 9e:15:46:6f:0b:de g1_s0:3 -> g1_s1:2
[2026-06-22 18:10:09] MAC FLAP 1a:4a:a3:63:c4:d4 g1_s0:3 -> g1_s1:2
[2026-06-22 18:10:09] MAC FLAP ee:d8:1f:c6:58:dc g1_s0:4 -> g1_s1:2
[2026-06-22 18:10:09] MAC FLAP de:f6:4d:4b:90:4b g1_s0:4 -> g1_s1:2
[2026-06-22 18:10:09] MAC FLAP 62:a0:56:6e:7d:c2 g1_s0:2 -> g1_s1:1
[2026-06-22 18:10:09] MAC FLAP ba:a3:f7:d5:25:ce g1_s0:4 -> g1_s1:2
[2026-06-22 18:10:09] MAC FLAP aa:5a:ee:c6:d4:4d g2_s1:2 -> g2_s0:3
[2026-06-22 18:10:09] MAC FLAP 92:e0:fa:df:41:3a g1_s1:2 -> g2_s0:3
[2026-06-22 18:10:09] MAC FLAP 9e:15:46:6f:0b:de g1_s1:2 -> g2_s0:3
[2026-06-22 18:10:09] MAC FLAP 1a:4a:a3:63:c4:d4 g1_s1:2 -> g2_s0:3
[2026-06-22 18:10:09] MAC FLAP ee:d8:1f:c6:58:dc g1_s1:2 -> g2_s0:2
[2026-06-22 18:10:09] MAC FLAP b2:7b:14:3f:6d:2e g1_s0:2 -> g2_s0:3
[2026-06-22 18:10:09] MAC FLAP 62:a0:56:6e:7d:c2 g1_s1:1 -> g2_s0:3
[2026-06-22 18:10:09] MAC FLAP ba:a3:f7:d5:25:ce g1_s1:2 -> g2_s0:2
[2026-06-22 18:10:09] MAC FLAP 92:e0:fa:df:41:3a g2_s0:3 -> g2_s1:2
[2026-06-22 18:10:09] MAC FLAP aa:5a:ee:c6:d4:4d g2_s0:3 -> g2_s1:2
[2026-06-22 18:10:09] MAC FLAP 9e:15:46:6f:0b:de g2_s0:3 -> g2_s1:2
[2026-06-22 18:10:09] MAC FLAP 1a:4a:a3:63:c4:d4 g2_s0:3 -> g2_s1:2
[2026-06-22 18:10:09] MAC FLAP ee:d8:1f:c6:58:dc g2_s0:2 -> g2_s1:1
[2026-06-22 18:10:09] MAC FLAP b2:7b:14:3f:6d:2e g2_s0:3 -> g2_s1:2
[2026-06-22 18:10:09] MAC FLAP 62:a0:56:6e:7d:c2 g2_s0:3 -> g2_s1:2
[2026-06-22 18:10:14] MAC FLAP 46:9c:bc:ee:cf:25 g0_s1:2 -> g0_s0:3
[2026-06-22 18:10:14] MAC FLAP 9e:15:46:6f:0b:de g2_s1:2 -> g0_s0:2
[2026-06-22 18:10:14] MAC FLAP 1a:4a:a3:63:c4:d4 g2_s1:2 -> g0_s0:2
[2026-06-22 18:10:14] MAC FLAP ee:d8:1f:c6:58:dc g2_s1:1 -> g0_s0:3
[2026-06-22 18:10:14] MAC FLAP b2:7b:14:3f:6d:2e g2_s1:2 -> g0_s0:3
[2026-06-22 18:10:14] MAC FLAP de:f6:4d:4b:90:4b g1_s1:2 -> g0_s0:3
[2026-06-22 18:10:14] MAC FLAP 62:a0:56:6e:7d:c2 g2_s1:2 -> g0_s0:3
[2026-06-22 18:10:14] MAC FLAP ba:a3:f7:d5:25:ce g2_s0:2 -> g0_s0:3
[2026-06-22 18:10:14] MAC FLAP 46:9c:bc:ee:cf:25 g0_s0:3 -> g0_s1:2
[2026-06-22 18:10:14] MAC FLAP 9e:15:46:6f:0b:de g0_s0:2 -> g0_s1:1
[2026-06-22 18:10:14] MAC FLAP ee:d8:1f:c6:58:dc g0_s0:3 -> g0_s1:2
[2026-06-22 18:10:14] MAC FLAP b2:7b:14:3f:6d:2e g0_s0:3 -> g0_s1:2
[2026-06-22 18:10:14] MAC FLAP de:f6:4d:4b:90:4b g0_s0:3 -> g0_s1:2
[2026-06-22 18:10:14] MAC FLAP 62:a0:56:6e:7d:c2 g0_s0:3 -> g0_s1:2
[2026-06-22 18:10:14] MAC FLAP ba:a3:f7:d5:25:ce g0_s0:3 -> g0_s1:2
[2026-06-22 18:10:14] MAC FLAP 9e:15:46:6f:0b:de g0_s1:1 -> g1_s0:3
[2026-06-22 18:10:14] MAC FLAP 1a:4a:a3:63:c4:d4 g0_s0:2 -> g1_s0:3
[2026-06-22 18:10:14] MAC FLAP ee:d8:1f:c6:58:dc g0_s1:2 -> g1_s0:4
[2026-06-22 18:10:14] MAC FLAP b2:7b:14:3f:6d:2e g0_s1:2 -> g1_s0:2
[2026-06-22 18:10:14] MAC FLAP de:f6:4d:4b:90:4b g0_s1:2 -> g1_s0:4
[2026-06-22 18:10:14] MAC FLAP 62:a0:56:6e:7d:c2 g0_s1:2 -> g1_s0:2
[2026-06-22 18:10:14] MAC FLAP ba:a3:f7:d5:25:ce g0_s1:2 -> g1_s0:4
[2026-06-22 18:10:14] MAC FLAP 9e:15:46:6f:0b:de g1_s0:3 -> g1_s1:2
[2026-06-22 18:10:14] MAC FLAP 1a:4a:a3:63:c4:d4 g1_s0:3 -> g1_s1:2
[2026-06-22 18:10:14] MAC FLAP ee:d8:1f:c6:58:dc g1_s0:4 -> g1_s1:2
[2026-06-22 18:10:14] MAC FLAP de:f6:4d:4b:90:4b g1_s0:4 -> g1_s1:2
[2026-06-22 18:10:14] MAC FLAP 62:a0:56:6e:7d:c2 g1_s0:2 -> g1_s1:1
[2026-06-22 18:10:14] MAC FLAP ba:a3:f7:d5:25:ce g1_s0:4 -> g1_s1:2
[2026-06-22 18:10:14] MAC FLAP 9e:15:46:6f:0b:de g1_s1:2 -> g2_s0:3
[2026-06-22 18:10:14] MAC FLAP 1a:4a:a3:63:c4:d4 g1_s1:2 -> g2_s0:3
[2026-06-22 18:10:14] MAC FLAP ee:d8:1f:c6:58:dc g1_s1:2 -> g2_s0:2
[2026-06-22 18:10:14] MAC FLAP b2:7b:14:3f:6d:2e g1_s0:2 -> g2_s0:3
[2026-06-22 18:10:14] MAC FLAP 62:a0:56:6e:7d:c2 g1_s1:1 -> g2_s0:3
[2026-06-22 18:10:14] MAC FLAP ba:a3:f7:d5:25:ce g1_s1:2 -> g2_s0:2
[2026-06-22 18:10:14] MAC FLAP 9e:15:46:6f:0b:de g2_s0:3 -> g2_s1:2
[2026-06-22 18:10:14] MAC FLAP 1a:4a:a3:63:c4:d4 g2_s0:3 -> g2_s1:2
[2026-06-22 18:10:14] MAC FLAP ee:d8:1f:c6:58:dc g2_s0:2 -> g2_s1:1
[2026-06-22 18:10:14] MAC FLAP b2:7b:14:3f:6d:2e g2_s0:3 -> g2_s1:2
[2026-06-22 18:10:14] MAC FLAP 62:a0:56:6e:7d:c2 g2_s0:3 -> g2_s1:2
[2026-06-22 18:10:19] MAC FLAP 46:9c:bc:ee:cf:25 g0_s1:2 -> g0_s0:3
[2026-06-22 18:10:19] MAC FLAP 9e:15:46:6f:0b:de g2_s1:2 -> g0_s0:2
[2026-06-22 18:10:19] MAC FLAP 1a:4a:a3:63:c4:d4 g2_s1:2 -> g0_s0:2
[2026-06-22 18:10:19] MAC FLAP ee:d8:1f:c6:58:dc g2_s1:1 -> g0_s0:3
[2026-06-22 18:10:19] MAC FLAP b2:7b:14:3f:6d:2e g2_s1:2 -> g0_s0:3
[2026-06-22 18:10:19] MAC FLAP de:f6:4d:4b:90:4b g1_s1:2 -> g0_s0:3
[2026-06-22 18:10:19] MAC FLAP 62:a0:56:6e:7d:c2 g2_s1:2 -> g0_s0:3
[2026-06-22 18:10:19] MAC FLAP ba:a3:f7:d5:25:ce g2_s0:2 -> g0_s0:3
[2026-06-22 18:10:19] MAC FLAP 46:9c:bc:ee:cf:25 g0_s0:3 -> g0_s1:2
[2026-06-22 18:10:19] MAC FLAP 9e:15:46:6f:0b:de g0_s0:2 -> g0_s1:1
[2026-06-22 18:10:19] MAC FLAP ee:d8:1f:c6:58:dc g0_s0:3 -> g0_s1:2
[2026-06-22 18:10:19] MAC FLAP b2:7b:14:3f:6d:2e g0_s0:3 -> g0_s1:2
[2026-06-22 18:10:19] MAC FLAP de:f6:4d:4b:90:4b g0_s0:3 -> g0_s1:2
[2026-06-22 18:10:19] MAC FLAP 62:a0:56:6e:7d:c2 g0_s0:3 -> g0_s1:2
[2026-06-22 18:10:19] MAC FLAP ba:a3:f7:d5:25:ce g0_s0:3 -> g0_s1:2
[2026-06-22 18:10:19] MAC FLAP 9e:15:46:6f:0b:de g0_s1:1 -> g1_s0:3
[2026-06-22 18:10:19] MAC FLAP 1a:4a:a3:63:c4:d4 g0_s0:2 -> g1_s0:3
[2026-06-22 18:10:19] MAC FLAP ee:d8:1f:c6:58:dc g0_s1:2 -> g1_s0:4
[2026-06-22 18:10:19] MAC FLAP b2:7b:14:3f:6d:2e g0_s1:2 -> g1_s0:2
[2026-06-22 18:10:19] MAC FLAP de:f6:4d:4b:90:4b g0_s1:2 -> g1_s0:4
[2026-06-22 18:10:19] MAC FLAP 62:a0:56:6e:7d:c2 g0_s1:2 -> g1_s0:2
[2026-06-22 18:10:19] MAC FLAP ba:a3:f7:d5:25:ce g0_s1:2 -> g1_s0:4
[2026-06-22 18:10:19] MAC FLAP 9e:15:46:6f:0b:de g1_s0:3 -> g1_s1:2
[2026-06-22 18:10:19] MAC FLAP 1a:4a:a3:63:c4:d4 g1_s0:3 -> g1_s1:2
[2026-06-22 18:10:19] MAC FLAP ee:d8:1f:c6:58:dc g1_s0:4 -> g1_s1:2
[2026-06-22 18:10:19] MAC FLAP de:f6:4d:4b:90:4b g1_s0:4 -> g1_s1:2
[2026-06-22 18:10:19] MAC FLAP 62:a0:56:6e:7d:c2 g1_s0:2 -> g1_s1:1
[2026-06-22 18:10:19] MAC FLAP ba:a3:f7:d5:25:ce g1_s0:4 -> g1_s1:2
[2026-06-22 18:10:19] MAC FLAP 9e:15:46:6f:0b:de g1_s1:2 -> g2_s0:3
[2026-06-22 18:10:19] MAC FLAP 1a:4a:a3:63:c4:d4 g1_s1:2 -> g2_s0:3
[2026-06-22 18:10:19] MAC FLAP ee:d8:1f:c6:58:dc g1_s1:2 -> g2_s0:2
[2026-06-22 18:10:19] MAC FLAP b2:7b:14:3f:6d:2e g1_s0:2 -> g2_s0:3
[2026-06-22 18:10:19] MAC FLAP 62:a0:56:6e:7d:c2 g1_s1:1 -> g2_s0:3
[2026-06-22 18:10:19] MAC FLAP ba:a3:f7:d5:25:ce g1_s1:2 -> g2_s0:2
[2026-06-22 18:10:19] MAC FLAP 9e:15:46:6f:0b:de g2_s0:3 -> g2_s1:2
[2026-06-22 18:10:19] MAC FLAP 1a:4a:a3:63:c4:d4 g2_s0:3 -> g2_s1:2
[2026-06-22 18:10:19] MAC FLAP ee:d8:1f:c6:58:dc g2_s0:2 -> g2_s1:1
[2026-06-22 18:10:19] MAC FLAP b2:7b:14:3f:6d:2e g2_s0:3 -> g2_s1:2
[2026-06-22 18:10:19] MAC FLAP 62:a0:56:6e:7d:c2 g2_s0:3 -> g2_s1:2
[2026-06-22 18:10:24] MAC FLAP 46:9c:bc:ee:cf:25 g0_s1:2 -> g0_s0:3
[2026-06-22 18:10:24] MAC FLAP 9e:15:46:6f:0b:de g2_s1:2 -> g0_s0:2
[2026-06-22 18:10:24] MAC FLAP 1a:4a:a3:63:c4:d4 g2_s1:2 -> g0_s0:2
[2026-06-22 18:10:24] MAC FLAP ee:d8:1f:c6:58:dc g2_s1:1 -> g0_s0:3
[2026-06-22 18:10:24] MAC FLAP b2:7b:14:3f:6d:2e g2_s1:2 -> g0_s0:3
[2026-06-22 18:10:24] MAC FLAP de:f6:4d:4b:90:4b g1_s1:2 -> g0_s0:3
[2026-06-22 18:10:24] MAC FLAP 62:a0:56:6e:7d:c2 g2_s1:2 -> g0_s0:3
[2026-06-22 18:10:24] MAC FLAP ba:a3:f7:d5:25:ce g2_s0:2 -> g0_s0:3
[2026-06-22 18:10:24] MAC FLAP 46:9c:bc:ee:cf:25 g0_s0:3 -> g0_s1:2
[2026-06-22 18:10:24] MAC FLAP 9e:15:46:6f:0b:de g0_s0:2 -> g0_s1:1
[2026-06-22 18:10:24] MAC FLAP ee:d8:1f:c6:58:dc g0_s0:3 -> g0_s1:2
[2026-06-22 18:10:24] MAC FLAP b2:7b:14:3f:6d:2e g0_s0:3 -> g0_s1:2
[2026-06-22 18:10:24] MAC FLAP de:f6:4d:4b:90:4b g0_s0:3 -> g0_s1:2
[2026-06-22 18:10:24] MAC FLAP 62:a0:56:6e:7d:c2 g0_s0:3 -> g0_s1:2
[2026-06-22 18:10:24] MAC FLAP ba:a3:f7:d5:25:ce g0_s0:3 -> g0_s1:2
[2026-06-22 18:10:24] MAC FLAP 9e:15:46:6f:0b:de g0_s1:1 -> g1_s0:3
[2026-06-22 18:10:24] MAC FLAP 1a:4a:a3:63:c4:d4 g0_s0:2 -> g1_s0:3
[2026-06-22 18:10:24] MAC FLAP ee:d8:1f:c6:58:dc g0_s1:2 -> g1_s0:4
[2026-06-22 18:10:24] MAC FLAP b2:7b:14:3f:6d:2e g0_s1:2 -> g1_s0:2
[2026-06-22 18:10:24] MAC FLAP de:f6:4d:4b:90:4b g0_s1:2 -> g1_s0:4
[2026-06-22 18:10:24] MAC FLAP 62:a0:56:6e:7d:c2 g0_s1:2 -> g1_s0:2
[2026-06-22 18:10:24] MAC FLAP ba:a3:f7:d5:25:ce g0_s1:2 -> g1_s0:4
[2026-06-22 18:10:24] MAC FLAP 9e:15:46:6f:0b:de g1_s0:3 -> g1_s1:2
[2026-06-22 18:10:24] MAC FLAP 1a:4a:a3:63:c4:d4 g1_s0:3 -> g1_s1:2
[2026-06-22 18:10:24] MAC FLAP ee:d8:1f:c6:58:dc g1_s0:4 -> g1_s1:2
[2026-06-22 18:10:24] MAC FLAP de:f6:4d:4b:90:4b g1_s0:4 -> g1_s1:2
[2026-06-22 18:10:24] MAC FLAP 62:a0:56:6e:7d:c2 g1_s0:2 -> g1_s1:1
[2026-06-22 18:10:24] MAC FLAP ba:a3:f7:d5:25:ce g1_s0:4 -> g1_s1:2
[2026-06-22 18:10:24] MAC FLAP 9e:15:46:6f:0b:de g1_s1:2 -> g2_s0:3
[2026-06-22 18:10:24] MAC FLAP 1a:4a:a3:63:c4:d4 g1_s1:2 -> g2_s0:3
[2026-06-22 18:10:24] MAC FLAP ee:d8:1f:c6:58:dc g1_s1:2 -> g2_s0:2
[2026-06-22 18:10:24] MAC FLAP b2:7b:14:3f:6d:2e g1_s0:2 -> g2_s0:3
[2026-06-22 18:10:24] MAC FLAP 62:a0:56:6e:7d:c2 g1_s1:1 -> g2_s0:3
[2026-06-22 18:10:24] MAC FLAP ba:a3:f7:d5:25:ce g1_s1:2 -> g2_s0:2
[2026-06-22 18:10:24] MAC FLAP 9e:15:46:6f:0b:de g2_s0:3 -> g2_s1:2
[2026-06-22 18:10:24] MAC FLAP 1a:4a:a3:63:c4:d4 g2_s0:3 -> g2_s1:2
[2026-06-22 18:10:24] MAC FLAP ee:d8:1f:c6:58:dc g2_s0:2 -> g2_s1:1
[2026-06-22 18:10:24] MAC FLAP b2:7b:14:3f:6d:2e g2_s0:3 -> g2_s1:2
[2026-06-22 18:10:24] MAC FLAP 62:a0:56:6e:7d:c2 g2_s0:3 -> g2_s1:2
[2026-06-22 18:10:30] MAC FLAP 46:9c:bc:ee:cf:25 g0_s1:2 -> g0_s0:3
[2026-06-22 18:10:30] MAC FLAP 9e:15:46:6f:0b:de g2_s1:2 -> g0_s0:2
[2026-06-22 18:10:30] MAC FLAP 1a:4a:a3:63:c4:d4 g2_s1:2 -> g0_s0:2
[2026-06-22 18:10:30] MAC FLAP ee:d8:1f:c6:58:dc g2_s1:1 -> g0_s0:3
[2026-06-22 18:10:30] MAC FLAP b2:7b:14:3f:6d:2e g2_s1:2 -> g0_s0:3
[2026-06-22 18:10:30] MAC FLAP de:f6:4d:4b:90:4b g1_s1:2 -> g0_s0:3
[2026-06-22 18:10:30] MAC FLAP 62:a0:56:6e:7d:c2 g2_s1:2 -> g0_s0:3
[2026-06-22 18:10:30] MAC FLAP ba:a3:f7:d5:25:ce g2_s0:2 -> g0_s0:3
[2026-06-22 18:10:30] MAC FLAP 46:9c:bc:ee:cf:25 g0_s0:3 -> g0_s1:2
[2026-06-22 18:10:30] MAC FLAP 9e:15:46:6f:0b:de g0_s0:2 -> g0_s1:1
[2026-06-22 18:10:30] MAC FLAP ee:d8:1f:c6:58:dc g0_s0:3 -> g0_s1:2
[2026-06-22 18:10:30] MAC FLAP b2:7b:14:3f:6d:2e g0_s0:3 -> g0_s1:2
[2026-06-22 18:10:30] MAC FLAP de:f6:4d:4b:90:4b g0_s0:3 -> g0_s1:2
[2026-06-22 18:10:30] MAC FLAP 62:a0:56:6e:7d:c2 g0_s0:3 -> g0_s1:2
[2026-06-22 18:10:30] MAC FLAP ba:a3:f7:d5:25:ce g0_s0:3 -> g0_s1:2
[2026-06-22 18:10:30] MAC FLAP 9e:15:46:6f:0b:de g0_s1:1 -> g1_s0:3
[2026-06-22 18:10:30] MAC FLAP 1a:4a:a3:63:c4:d4 g0_s0:2 -> g1_s0:3
[2026-06-22 18:10:30] MAC FLAP ee:d8:1f:c6:58:dc g0_s1:2 -> g1_s0:4
[2026-06-22 18:10:30] MAC FLAP b2:7b:14:3f:6d:2e g0_s1:2 -> g1_s0:2
[2026-06-22 18:10:30] MAC FLAP de:f6:4d:4b:90:4b g0_s1:2 -> g1_s0:4
[2026-06-22 18:10:30] MAC FLAP 62:a0:56:6e:7d:c2 g0_s1:2 -> g1_s0:2
[2026-06-22 18:10:30] MAC FLAP ba:a3:f7:d5:25:ce g0_s1:2 -> g1_s0:4
[2026-06-22 18:10:30] MAC FLAP 9e:15:46:6f:0b:de g1_s0:3 -> g1_s1:2
[2026-06-22 18:10:30] MAC FLAP 1a:4a:a3:63:c4:d4 g1_s0:3 -> g1_s1:2
[2026-06-22 18:10:30] MAC FLAP ee:d8:1f:c6:58:dc g1_s0:4 -> g1_s1:2
[2026-06-22 18:10:30] MAC FLAP de:f6:4d:4b:90:4b g1_s0:4 -> g1_s1:2
[2026-06-22 18:10:30] MAC FLAP 62:a0:56:6e:7d:c2 g1_s0:2 -> g1_s1:1
[2026-06-22 18:10:30] MAC FLAP ba:a3:f7:d5:25:ce g1_s0:4 -> g1_s1:2
[2026-06-22 18:10:30] MAC FLAP 9e:15:46:6f:0b:de g1_s1:2 -> g2_s0:3
[2026-06-22 18:10:30] MAC FLAP 1a:4a:a3:63:c4:d4 g1_s1:2 -> g2_s0:3
[2026-06-22 18:10:30] MAC FLAP ee:d8:1f:c6:58:dc g1_s1:2 -> g2_s0:2
[2026-06-22 18:10:30] MAC FLAP b2:7b:14:3f:6d:2e g1_s0:2 -> g2_s0:3
[2026-06-22 18:10:30] MAC FLAP 62:a0:56:6e:7d:c2 g1_s1:1 -> g2_s0:3
[2026-06-22 18:10:30] MAC FLAP ba:a3:f7:d5:25:ce g1_s1:2 -> g2_s0:2
[2026-06-22 18:10:30] MAC FLAP 9e:15:46:6f:0b:de g2_s0:3 -> g2_s1:2
[2026-06-22 18:10:30] MAC FLAP 1a:4a:a3:63:c4:d4 g2_s0:3 -> g2_s1:2
[2026-06-22 18:10:30] MAC FLAP ee:d8:1f:c6:58:dc g2_s0:2 -> g2_s1:1
[2026-06-22 18:10:30] MAC FLAP b2:7b:14:3f:6d:2e g2_s0:3 -> g2_s1:2
[2026-06-22 18:10:30] MAC FLAP 62:a0:56:6e:7d:c2 g2_s0:3 -> g2_s1:2
[2026-06-22 18:10:35] MAC FLAP 46:9c:bc:ee:cf:25 g0_s1:2 -> g0_s0:3
[2026-06-22 18:10:36] MAC FLAP 9e:15:46:6f:0b:de g2_s1:2 -> g0_s0:2
[2026-06-22 18:10:36] MAC FLAP 1a:4a:a3:63:c4:d4 g2_s1:2 -> g0_s0:2
[2026-06-22 18:10:36] MAC FLAP ee:d8:1f:c6:58:dc g2_s1:1 -> g0_s0:3
[2026-06-22 18:10:36] MAC FLAP b2:7b:14:3f:6d:2e g2_s1:2 -> g0_s0:3
[2026-06-22 18:10:36] MAC FLAP de:f6:4d:4b:90:4b g1_s1:2 -> g0_s0:3
[2026-06-22 18:10:36] MAC FLAP 62:a0:56:6e:7d:c2 g2_s1:2 -> g0_s0:3
[2026-06-22 18:10:36] MAC FLAP ba:a3:f7:d5:25:ce g2_s0:2 -> g0_s0:3
[2026-06-22 18:10:36] MAC FLAP 46:9c:bc:ee:cf:25 g0_s0:3 -> g0_s1:2
[2026-06-22 18:10:36] MAC FLAP 9e:15:46:6f:0b:de g0_s0:2 -> g0_s1:1
[2026-06-22 18:10:36] MAC FLAP ee:d8:1f:c6:58:dc g0_s0:3 -> g0_s1:2
[2026-06-22 18:10:36] MAC FLAP b2:7b:14:3f:6d:2e g0_s0:3 -> g0_s1:2
[2026-06-22 18:10:36] MAC FLAP de:f6:4d:4b:90:4b g0_s0:3 -> g0_s1:2
[2026-06-22 18:10:36] MAC FLAP 62:a0:56:6e:7d:c2 g0_s0:3 -> g0_s1:2
[2026-06-22 18:10:36] MAC FLAP ba:a3:f7:d5:25:ce g0_s0:3 -> g0_s1:2
[2026-06-22 18:10:36] MAC FLAP 9e:15:46:6f:0b:de g0_s1:1 -> g1_s0:3
[2026-06-22 18:10:36] MAC FLAP 1a:4a:a3:63:c4:d4 g0_s0:2 -> g1_s0:3
[2026-06-22 18:10:36] MAC FLAP ee:d8:1f:c6:58:dc g0_s1:2 -> g1_s0:4
[2026-06-22 18:10:36] MAC FLAP b2:7b:14:3f:6d:2e g0_s1:2 -> g1_s0:2
[2026-06-22 18:10:36] MAC FLAP de:f6:4d:4b:90:4b g0_s1:2 -> g1_s0:4
[2026-06-22 18:10:36] MAC FLAP 62:a0:56:6e:7d:c2 g0_s1:2 -> g1_s0:2
[2026-06-22 18:10:36] MAC FLAP ba:a3:f7:d5:25:ce g0_s1:2 -> g1_s0:4
[2026-06-22 18:10:36] MAC FLAP 9e:15:46:6f:0b:de g1_s0:3 -> g1_s1:2
[2026-06-22 18:10:36] MAC FLAP 1a:4a:a3:63:c4:d4 g1_s0:3 -> g1_s1:2
[2026-06-22 18:10:36] MAC FLAP ee:d8:1f:c6:58:dc g1_s0:4 -> g1_s1:2
[2026-06-22 18:10:36] MAC FLAP de:f6:4d:4b:90:4b g1_s0:4 -> g1_s1:2
[2026-06-22 18:10:36] MAC FLAP 62:a0:56:6e:7d:c2 g1_s0:2 -> g1_s1:1
[2026-06-22 18:10:36] MAC FLAP ba:a3:f7:d5:25:ce g1_s0:4 -> g1_s1:2
[2026-06-22 18:10:36] MAC FLAP 9e:15:46:6f:0b:de g1_s1:2 -> g2_s0:3
[2026-06-22 18:10:36] MAC FLAP 1a:4a:a3:63:c4:d4 g1_s1:2 -> g2_s0:3
[2026-06-22 18:10:36] MAC FLAP ee:d8:1f:c6:58:dc g1_s1:2 -> g2_s0:2
[2026-06-22 18:10:36] MAC FLAP b2:7b:14:3f:6d:2e g1_s0:2 -> g2_s0:3
[2026-06-22 18:10:36] MAC FLAP 62:a0:56:6e:7d:c2 g1_s1:1 -> g2_s0:3
[2026-06-22 18:10:36] MAC FLAP ba:a3:f7:d5:25:ce g1_s1:2 -> g2_s0:2
[2026-06-22 18:10:36] MAC FLAP 9e:15:46:6f:0b:de g2_s0:3 -> g2_s1:2
[2026-06-22 18:10:36] MAC FLAP 1a:4a:a3:63:c4:d4 g2_s0:3 -> g2_s1:2
[2026-06-22 18:10:36] MAC FLAP ee:d8:1f:c6:58:dc g2_s0:2 -> g2_s1:1
[2026-06-22 18:10:36] MAC FLAP b2:7b:14:3f:6d:2e g2_s0:3 -> g2_s1:2
[2026-06-22 18:10:36] MAC FLAP 62:a0:56:6e:7d:c2 g2_s0:3 -> g2_s1:2
[2026-06-22 18:10:41] MAC FLAP 46:9c:bc:ee:cf:25 g0_s1:2 -> g0_s0:3
[2026-06-22 18:10:41] MAC FLAP 9e:15:46:6f:0b:de g2_s1:2 -> g0_s0:2
[2026-06-22 18:10:41] MAC FLAP 1a:4a:a3:63:c4:d4 g2_s1:2 -> g0_s0:2
[2026-06-22 18:10:41] MAC FLAP ee:d8:1f:c6:58:dc g2_s1:1 -> g0_s0:3
[2026-06-22 18:10:41] MAC FLAP b2:7b:14:3f:6d:2e g2_s1:2 -> g0_s0:3
[2026-06-22 18:10:41] MAC FLAP de:f6:4d:4b:90:4b g1_s1:2 -> g0_s0:3
[2026-06-22 18:10:41] MAC FLAP 62:a0:56:6e:7d:c2 g2_s1:2 -> g0_s0:3
[2026-06-22 18:10:41] MAC FLAP ba:a3:f7:d5:25:ce g2_s0:2 -> g0_s0:3
[2026-06-22 18:10:41] MAC FLAP 46:9c:bc:ee:cf:25 g0_s0:3 -> g0_s1:2
[2026-06-22 18:10:41] MAC FLAP 9e:15:46:6f:0b:de g0_s0:2 -> g0_s1:1
[2026-06-22 18:10:41] MAC FLAP ee:d8:1f:c6:58:dc g0_s0:3 -> g0_s1:2
[2026-06-22 18:10:41] MAC FLAP b2:7b:14:3f:6d:2e g0_s0:3 -> g0_s1:2
[2026-06-22 18:10:41] MAC FLAP de:f6:4d:4b:90:4b g0_s0:3 -> g0_s1:2
[2026-06-22 18:10:41] MAC FLAP 62:a0:56:6e:7d:c2 g0_s0:3 -> g0_s1:2
[2026-06-22 18:10:41] MAC FLAP ba:a3:f7:d5:25:ce g0_s0:3 -> g0_s1:2
[2026-06-22 18:10:41] MAC FLAP 9e:15:46:6f:0b:de g0_s1:1 -> g1_s0:3
[2026-06-22 18:10:41] MAC FLAP 1a:4a:a3:63:c4:d4 g0_s0:2 -> g1_s0:3
[2026-06-22 18:10:41] MAC FLAP ee:d8:1f:c6:58:dc g0_s1:2 -> g1_s0:4
[2026-06-22 18:10:41] MAC FLAP b2:7b:14:3f:6d:2e g0_s1:2 -> g1_s0:2
[2026-06-22 18:10:41] MAC FLAP de:f6:4d:4b:90:4b g0_s1:2 -> g1_s0:4
[2026-06-22 18:10:41] MAC FLAP 62:a0:56:6e:7d:c2 g0_s1:2 -> g1_s0:2
[2026-06-22 18:10:41] MAC FLAP ba:a3:f7:d5:25:ce g0_s1:2 -> g1_s0:4
[2026-06-22 18:10:41] MAC FLAP 9e:15:46:6f:0b:de g1_s0:3 -> g1_s1:2
[2026-06-22 18:10:41] MAC FLAP 1a:4a:a3:63:c4:d4 g1_s0:3 -> g1_s1:2
[2026-06-22 18:10:41] MAC FLAP ee:d8:1f:c6:58:dc g1_s0:4 -> g1_s1:2
[2026-06-22 18:10:41] MAC FLAP de:f6:4d:4b:90:4b g1_s0:4 -> g1_s1:2
[2026-06-22 18:10:41] MAC FLAP 62:a0:56:6e:7d:c2 g1_s0:2 -> g1_s1:1
[2026-06-22 18:10:41] MAC FLAP ba:a3:f7:d5:25:ce g1_s0:4 -> g1_s1:2
[2026-06-22 18:10:41] MAC FLAP 9e:15:46:6f:0b:de g1_s1:2 -> g2_s0:3
[2026-06-22 18:10:41] MAC FLAP 1a:4a:a3:63:c4:d4 g1_s1:2 -> g2_s0:3
[2026-06-22 18:10:41] MAC FLAP ee:d8:1f:c6:58:dc g1_s1:2 -> g2_s0:2
[2026-06-22 18:10:41] MAC FLAP b2:7b:14:3f:6d:2e g1_s0:2 -> g2_s0:3
[2026-06-22 18:10:41] MAC FLAP 62:a0:56:6e:7d:c2 g1_s1:1 -> g2_s0:3
[2026-06-22 18:10:41] MAC FLAP ba:a3:f7:d5:25:ce g1_s1:2 -> g2_s0:2
[2026-06-22 18:10:41] MAC FLAP 9e:15:46:6f:0b:de g2_s0:3 -> g2_s1:2
[2026-06-22 18:10:41] MAC FLAP 1a:4a:a3:63:c4:d4 g2_s0:3 -> g2_s1:2
[2026-06-22 18:10:41] MAC FLAP ee:d8:1f:c6:58:dc g2_s0:2 -> g2_s1:1
[2026-06-22 18:10:41] MAC FLAP b2:7b:14:3f:6d:2e g2_s0:3 -> g2_s1:2
[2026-06-22 18:10:41] MAC FLAP 62:a0:56:6e:7d:c2 g2_s0:3 -> g2_s1:2
[2026-06-22 18:10:46] MAC FLAP 9e:15:46:6f:0b:de g2_s1:2 -> g0_s0:2
[2026-06-22 18:10:46] MAC FLAP 1a:4a:a3:63:c4:d4 g2_s1:2 -> g0_s0:2
[2026-06-22 18:10:46] MAC FLAP ee:d8:1f:c6:58:dc g2_s1:1 -> g0_s0:3
[2026-06-22 18:10:46] MAC FLAP b2:7b:14:3f:6d:2e g2_s1:2 -> g0_s0:3
[2026-06-22 18:10:46] MAC FLAP de:f6:4d:4b:90:4b g1_s1:2 -> g0_s0:3
[2026-06-22 18:10:46] MAC FLAP 62:a0:56:6e:7d:c2 g2_s1:2 -> g0_s0:3
[2026-06-22 18:10:46] MAC FLAP ba:a3:f7:d5:25:ce g2_s0:2 -> g0_s0:3
[2026-06-22 18:10:46] MAC FLAP 9e:15:46:6f:0b:de g0_s0:2 -> g0_s1:1
[2026-06-22 18:10:46] MAC FLAP ee:d8:1f:c6:58:dc g0_s0:3 -> g0_s1:2
[2026-06-22 18:10:46] MAC FLAP b2:7b:14:3f:6d:2e g0_s0:3 -> g0_s1:2
[2026-06-22 18:10:46] MAC FLAP de:f6:4d:4b:90:4b g0_s0:3 -> g0_s1:2
[2026-06-22 18:10:46] MAC FLAP 62:a0:56:6e:7d:c2 g0_s0:3 -> g0_s1:2
[2026-06-22 18:10:46] MAC FLAP ba:a3:f7:d5:25:ce g0_s0:3 -> g0_s1:2
[2026-06-22 18:10:46] MAC FLAP 9e:15:46:6f:0b:de g0_s1:1 -> g1_s0:3
[2026-06-22 18:10:46] MAC FLAP 1a:4a:a3:63:c4:d4 g0_s0:2 -> g1_s0:3
[2026-06-22 18:10:46] MAC FLAP ee:d8:1f:c6:58:dc g0_s1:2 -> g1_s0:4
[2026-06-22 18:10:46] MAC FLAP b2:7b:14:3f:6d:2e g0_s1:2 -> g1_s0:2
[2026-06-22 18:10:46] MAC FLAP de:f6:4d:4b:90:4b g0_s1:2 -> g1_s0:4
[2026-06-22 18:10:46] MAC FLAP 62:a0:56:6e:7d:c2 g0_s1:2 -> g1_s0:2
[2026-06-22 18:10:46] MAC FLAP ba:a3:f7:d5:25:ce g0_s1:2 -> g1_s0:4
[2026-06-22 18:10:46] MAC FLAP 9e:15:46:6f:0b:de g1_s0:3 -> g1_s1:2
[2026-06-22 18:10:46] MAC FLAP 1a:4a:a3:63:c4:d4 g1_s0:3 -> g1_s1:2
[2026-06-22 18:10:46] MAC FLAP ee:d8:1f:c6:58:dc g1_s0:4 -> g1_s1:2
[2026-06-22 18:10:46] MAC FLAP de:f6:4d:4b:90:4b g1_s0:4 -> g1_s1:2
[2026-06-22 18:10:46] MAC FLAP 62:a0:56:6e:7d:c2 g1_s0:2 -> g1_s1:1
[2026-06-22 18:10:46] MAC FLAP ba:a3:f7:d5:25:ce g1_s0:4 -> g1_s1:2
[2026-06-22 18:10:46] MAC FLAP 9e:15:46:6f:0b:de g1_s1:2 -> g2_s0:3
[2026-06-22 18:10:46] MAC FLAP 1a:4a:a3:63:c4:d4 g1_s1:2 -> g2_s0:3
[2026-06-22 18:10:46] MAC FLAP ee:d8:1f:c6:58:dc g1_s1:2 -> g2_s0:2
[2026-06-22 18:10:46] MAC FLAP b2:7b:14:3f:6d:2e g1_s0:2 -> g2_s0:3
[2026-06-22 18:10:46] MAC FLAP 62:a0:56:6e:7d:c2 g1_s1:1 -> g2_s0:3
[2026-06-22 18:10:46] MAC FLAP ba:a3:f7:d5:25:ce g1_s1:2 -> g2_s0:2
[2026-06-22 18:10:46] MAC FLAP 9e:15:46:6f:0b:de g2_s0:3 -> g2_s1:2
[2026-06-22 18:10:46] MAC FLAP 1a:4a:a3:63:c4:d4 g2_s0:3 -> g2_s1:2
[2026-06-22 18:10:46] MAC FLAP ee:d8:1f:c6:58:dc g2_s0:2 -> g2_s1:1
[2026-06-22 18:10:46] MAC FLAP b2:7b:14:3f:6d:2e g2_s0:3 -> g2_s1:2
[2026-06-22 18:10:46] MAC FLAP 62:a0:56:6e:7d:c2 g2_s0:3 -> g2_s1:2
[2026-06-22 18:10:51] MAC FLAP 9e:15:46:6f:0b:de g2_s1:2 -> g0_s0:2
[2026-06-22 18:10:51] MAC FLAP 1a:4a:a3:63:c4:d4 g2_s1:2 -> g0_s0:2
[2026-06-22 18:10:51] MAC FLAP ee:d8:1f:c6:58:dc g2_s1:1 -> g0_s0:3
[2026-06-22 18:10:51] MAC FLAP b2:7b:14:3f:6d:2e g2_s1:2 -> g0_s0:3
[2026-06-22 18:10:51] MAC FLAP de:f6:4d:4b:90:4b g1_s1:2 -> g0_s0:3
[2026-06-22 18:10:51] MAC FLAP 62:a0:56:6e:7d:c2 g2_s1:2 -> g0_s0:3
[2026-06-22 18:10:51] MAC FLAP ba:a3:f7:d5:25:ce g2_s0:2 -> g0_s0:3
[2026-06-22 18:10:51] MAC FLAP 9e:15:46:6f:0b:de g0_s0:2 -> g0_s1:1
[2026-06-22 18:10:51] MAC FLAP ee:d8:1f:c6:58:dc g0_s0:3 -> g0_s1:2
[2026-06-22 18:10:51] MAC FLAP b2:7b:14:3f:6d:2e g0_s0:3 -> g0_s1:2
[2026-06-22 18:10:51] MAC FLAP de:f6:4d:4b:90:4b g0_s0:3 -> g0_s1:2
[2026-06-22 18:10:51] MAC FLAP 62:a0:56:6e:7d:c2 g0_s0:3 -> g0_s1:2
[2026-06-22 18:10:51] MAC FLAP ba:a3:f7:d5:25:ce g0_s0:3 -> g0_s1:2
[2026-06-22 18:10:51] MAC FLAP 9e:15:46:6f:0b:de g0_s1:1 -> g1_s0:3
[2026-06-22 18:10:51] MAC FLAP 1a:4a:a3:63:c4:d4 g0_s0:2 -> g1_s0:3
[2026-06-22 18:10:51] MAC FLAP ee:d8:1f:c6:58:dc g0_s1:2 -> g1_s0:4
[2026-06-22 18:10:51] MAC FLAP b2:7b:14:3f:6d:2e g0_s1:2 -> g1_s0:2
[2026-06-22 18:10:51] MAC FLAP de:f6:4d:4b:90:4b g0_s1:2 -> g1_s0:4
[2026-06-22 18:10:51] MAC FLAP 62:a0:56:6e:7d:c2 g0_s1:2 -> g1_s0:2
[2026-06-22 18:10:51] MAC FLAP ba:a3:f7:d5:25:ce g0_s1:2 -> g1_s0:4
[2026-06-22 18:10:51] MAC FLAP 9e:15:46:6f:0b:de g1_s0:3 -> g1_s1:2
[2026-06-22 18:10:51] MAC FLAP 1a:4a:a3:63:c4:d4 g1_s0:3 -> g1_s1:2
[2026-06-22 18:10:51] MAC FLAP ee:d8:1f:c6:58:dc g1_s0:4 -> g1_s1:2
[2026-06-22 18:10:51] MAC FLAP de:f6:4d:4b:90:4b g1_s0:4 -> g1_s1:2
[2026-06-22 18:10:51] MAC FLAP 62:a0:56:6e:7d:c2 g1_s0:2 -> g1_s1:1
[2026-06-22 18:10:51] MAC FLAP ba:a3:f7:d5:25:ce g1_s0:4 -> g1_s1:2
[2026-06-22 18:10:51] MAC FLAP 9e:15:46:6f:0b:de g1_s1:2 -> g2_s0:3
[2026-06-22 18:10:51] MAC FLAP 1a:4a:a3:63:c4:d4 g1_s1:2 -> g2_s0:3
[2026-06-22 18:10:51] MAC FLAP ee:d8:1f:c6:58:dc g1_s1:2 -> g2_s0:2
[2026-06-22 18:10:51] MAC FLAP b2:7b:14:3f:6d:2e g1_s0:2 -> g2_s0:3
[2026-06-22 18:10:51] MAC FLAP 62:a0:56:6e:7d:c2 g1_s1:1 -> g2_s0:3
[2026-06-22 18:10:51] MAC FLAP ba:a3:f7:d5:25:ce g1_s1:2 -> g2_s0:2
[2026-06-22 18:10:51] MAC FLAP 9e:15:46:6f:0b:de g2_s0:3 -> g2_s1:2
[2026-06-22 18:10:51] MAC FLAP 1a:4a:a3:63:c4:d4 g2_s0:3 -> g2_s1:2
[2026-06-22 18:10:51] MAC FLAP ee:d8:1f:c6:58:dc g2_s0:2 -> g2_s1:1
[2026-06-22 18:10:51] MAC FLAP b2:7b:14:3f:6d:2e g2_s0:3 -> g2_s1:2
[2026-06-22 18:10:51] MAC FLAP 62:a0:56:6e:7d:c2 g2_s0:3 -> g2_s1:2
[2026-06-22 18:10:56] MAC FLAP 9e:15:46:6f:0b:de g2_s1:2 -> g0_s0:2
[2026-06-22 18:10:56] MAC FLAP 1a:4a:a3:63:c4:d4 g2_s1:2 -> g0_s0:2
[2026-06-22 18:10:56] MAC FLAP ee:d8:1f:c6:58:dc g2_s1:1 -> g0_s0:3
[2026-06-22 18:10:56] MAC FLAP b2:7b:14:3f:6d:2e g2_s1:2 -> g0_s0:3
[2026-06-22 18:10:56] MAC FLAP de:f6:4d:4b:90:4b g1_s1:2 -> g0_s0:3
[2026-06-22 18:10:56] MAC FLAP 62:a0:56:6e:7d:c2 g2_s1:2 -> g0_s0:3
[2026-06-22 18:10:56] MAC FLAP ba:a3:f7:d5:25:ce g2_s0:2 -> g0_s0:3
[2026-06-22 18:10:56] MAC FLAP 9e:15:46:6f:0b:de g0_s0:2 -> g0_s1:1
[2026-06-22 18:10:56] MAC FLAP ee:d8:1f:c6:58:dc g0_s0:3 -> g0_s1:2
[2026-06-22 18:10:56] MAC FLAP b2:7b:14:3f:6d:2e g0_s0:3 -> g0_s1:2
[2026-06-22 18:10:56] MAC FLAP de:f6:4d:4b:90:4b g0_s0:3 -> g0_s1:2
[2026-06-22 18:10:56] MAC FLAP 62:a0:56:6e:7d:c2 g0_s0:3 -> g0_s1:2
[2026-06-22 18:10:56] MAC FLAP ba:a3:f7:d5:25:ce g0_s0:3 -> g0_s1:2
[2026-06-22 18:10:56] MAC FLAP 9e:15:46:6f:0b:de g0_s1:1 -> g1_s0:3
[2026-06-22 18:10:56] MAC FLAP 1a:4a:a3:63:c4:d4 g0_s0:2 -> g1_s0:3
[2026-06-22 18:10:56] MAC FLAP ee:d8:1f:c6:58:dc g0_s1:2 -> g1_s0:4
[2026-06-22 18:10:56] MAC FLAP b2:7b:14:3f:6d:2e g0_s1:2 -> g1_s0:2
[2026-06-22 18:10:56] MAC FLAP de:f6:4d:4b:90:4b g0_s1:2 -> g1_s0:4
[2026-06-22 18:10:56] MAC FLAP 62:a0:56:6e:7d:c2 g0_s1:2 -> g1_s0:2
[2026-06-22 18:10:56] MAC FLAP ba:a3:f7:d5:25:ce g0_s1:2 -> g1_s0:4
[2026-06-22 18:10:56] MAC FLAP 9e:15:46:6f:0b:de g1_s0:3 -> g1_s1:2
[2026-06-22 18:10:56] MAC FLAP 1a:4a:a3:63:c4:d4 g1_s0:3 -> g1_s1:2
[2026-06-22 18:10:56] MAC FLAP ee:d8:1f:c6:58:dc g1_s0:4 -> g1_s1:2
[2026-06-22 18:10:56] MAC FLAP de:f6:4d:4b:90:4b g1_s0:4 -> g1_s1:2
[2026-06-22 18:10:56] MAC FLAP 62:a0:56:6e:7d:c2 g1_s0:2 -> g1_s1:1
[2026-06-22 18:10:56] MAC FLAP ba:a3:f7:d5:25:ce g1_s0:4 -> g1_s1:2
[2026-06-22 18:10:56] MAC FLAP 9e:15:46:6f:0b:de g1_s1:2 -> g2_s0:3
[2026-06-22 18:10:56] MAC FLAP 1a:4a:a3:63:c4:d4 g1_s1:2 -> g2_s0:3
[2026-06-22 18:10:56] MAC FLAP ee:d8:1f:c6:58:dc g1_s1:2 -> g2_s0:2
[2026-06-22 18:10:56] MAC FLAP b2:7b:14:3f:6d:2e g1_s0:2 -> g2_s0:3
[2026-06-22 18:10:56] MAC FLAP 62:a0:56:6e:7d:c2 g1_s1:1 -> g2_s0:3
[2026-06-22 18:10:56] MAC FLAP ba:a3:f7:d5:25:ce g1_s1:2 -> g2_s0:2
[2026-06-22 18:10:56] MAC FLAP 9e:15:46:6f:0b:de g2_s0:3 -> g2_s1:2
[2026-06-22 18:10:56] MAC FLAP 1a:4a:a3:63:c4:d4 g2_s0:3 -> g2_s1:2
[2026-06-22 18:10:56] MAC FLAP ee:d8:1f:c6:58:dc g2_s0:2 -> g2_s1:1
[2026-06-22 18:10:56] MAC FLAP b2:7b:14:3f:6d:2e g2_s0:3 -> g2_s1:2
[2026-06-22 18:10:56] MAC FLAP 62:a0:56:6e:7d:c2 g2_s0:3 -> g2_s1:2
[2026-06-22 18:11:01] MAC FLAP 1a:4a:a3:63:c4:d4 g2_s1:2 -> g0_s0:2
[2026-06-22 18:11:01] MAC FLAP ee:d8:1f:c6:58:dc g2_s1:1 -> g0_s0:3
[2026-06-22 18:11:01] MAC FLAP b2:7b:14:3f:6d:2e g2_s1:2 -> g0_s0:3
[2026-06-22 18:11:01] MAC FLAP de:f6:4d:4b:90:4b g1_s1:2 -> g0_s0:3
[2026-06-22 18:11:01] MAC FLAP 62:a0:56:6e:7d:c2 g2_s1:2 -> g0_s0:3
[2026-06-22 18:11:01] MAC FLAP ba:a3:f7:d5:25:ce g2_s0:2 -> g0_s0:3
[2026-06-22 18:11:01] MAC FLAP ee:d8:1f:c6:58:dc g0_s0:3 -> g0_s1:2
[2026-06-22 18:11:01] MAC FLAP b2:7b:14:3f:6d:2e g0_s0:3 -> g0_s1:2
[2026-06-22 18:11:01] MAC FLAP de:f6:4d:4b:90:4b g0_s0:3 -> g0_s1:2
[2026-06-22 18:11:01] MAC FLAP 62:a0:56:6e:7d:c2 g0_s0:3 -> g0_s1:2
[2026-06-22 18:11:01] MAC FLAP ba:a3:f7:d5:25:ce g0_s0:3 -> g0_s1:2
[2026-06-22 18:11:01] MAC FLAP 1a:4a:a3:63:c4:d4 g0_s0:2 -> g1_s0:3
[2026-06-22 18:11:01] MAC FLAP ee:d8:1f:c6:58:dc g0_s1:2 -> g1_s0:4
[2026-06-22 18:11:01] MAC FLAP b2:7b:14:3f:6d:2e g0_s1:2 -> g1_s0:2
[2026-06-22 18:11:01] MAC FLAP de:f6:4d:4b:90:4b g0_s1:2 -> g1_s0:4
[2026-06-22 18:11:01] MAC FLAP 62:a0:56:6e:7d:c2 g0_s1:2 -> g1_s0:2
[2026-06-22 18:11:01] MAC FLAP ba:a3:f7:d5:25:ce g0_s1:2 -> g1_s0:4
[2026-06-22 18:11:01] MAC FLAP 1a:4a:a3:63:c4:d4 g1_s0:3 -> g1_s1:2
[2026-06-22 18:11:01] MAC FLAP ee:d8:1f:c6:58:dc g1_s0:4 -> g1_s1:2
[2026-06-22 18:11:01] MAC FLAP de:f6:4d:4b:90:4b g1_s0:4 -> g1_s1:2
[2026-06-22 18:11:01] MAC FLAP 62:a0:56:6e:7d:c2 g1_s0:2 -> g1_s1:1
[2026-06-22 18:11:01] MAC FLAP ba:a3:f7:d5:25:ce g1_s0:4 -> g1_s1:2
[2026-06-22 18:11:01] MAC FLAP 1a:4a:a3:63:c4:d4 g1_s1:2 -> g2_s0:3
[2026-06-22 18:11:01] MAC FLAP ee:d8:1f:c6:58:dc g1_s1:2 -> g2_s0:2
[2026-06-22 18:11:01] MAC FLAP b2:7b:14:3f:6d:2e g1_s0:2 -> g2_s0:3
[2026-06-22 18:11:01] MAC FLAP 62:a0:56:6e:7d:c2 g1_s1:1 -> g2_s0:3
[2026-06-22 18:11:01] MAC FLAP ba:a3:f7:d5:25:ce g1_s1:2 -> g2_s0:2
[2026-06-22 18:11:01] MAC FLAP 1a:4a:a3:63:c4:d4 g2_s0:3 -> g2_s1:2
[2026-06-22 18:11:01] MAC FLAP ee:d8:1f:c6:58:dc g2_s0:2 -> g2_s1:1
[2026-06-22 18:11:01] MAC FLAP b2:7b:14:3f:6d:2e g2_s0:3 -> g2_s1:2
[2026-06-22 18:11:01] MAC FLAP 62:a0:56:6e:7d:c2 g2_s0:3 -> g2_s1:2
[2026-06-22 18:11:07] MAC FLAP 1a:4a:a3:63:c4:d4 g2_s1:2 -> g0_s0:2
[2026-06-22 18:11:07] MAC FLAP ee:d8:1f:c6:58:dc g2_s1:1 -> g0_s0:3
[2026-06-22 18:11:07] MAC FLAP b2:7b:14:3f:6d:2e g2_s1:2 -> g0_s0:3
[2026-06-22 18:11:07] MAC FLAP de:f6:4d:4b:90:4b g1_s1:2 -> g0_s0:3
[2026-06-22 18:11:07] MAC FLAP 62:a0:56:6e:7d:c2 g2_s1:2 -> g0_s0:3
[2026-06-22 18:11:07] MAC FLAP ba:a3:f7:d5:25:ce g2_s0:2 -> g0_s0:3
[2026-06-22 18:11:07] MAC FLAP ee:d8:1f:c6:58:dc g0_s0:3 -> g0_s1:2
[2026-06-22 18:11:07] MAC FLAP b2:7b:14:3f:6d:2e g0_s0:3 -> g0_s1:2
[2026-06-22 18:11:07] MAC FLAP de:f6:4d:4b:90:4b g0_s0:3 -> g0_s1:2
[2026-06-22 18:11:07] MAC FLAP 62:a0:56:6e:7d:c2 g0_s0:3 -> g0_s1:2
[2026-06-22 18:11:07] MAC FLAP ba:a3:f7:d5:25:ce g0_s0:3 -> g0_s1:2
[2026-06-22 18:11:07] MAC FLAP 1a:4a:a3:63:c4:d4 g0_s0:2 -> g1_s0:3
[2026-06-22 18:11:07] MAC FLAP ee:d8:1f:c6:58:dc g0_s1:2 -> g1_s0:4
[2026-06-22 18:11:07] MAC FLAP b2:7b:14:3f:6d:2e g0_s1:2 -> g1_s0:2
[2026-06-22 18:11:07] MAC FLAP de:f6:4d:4b:90:4b g0_s1:2 -> g1_s0:4
[2026-06-22 18:11:07] MAC FLAP 62:a0:56:6e:7d:c2 g0_s1:2 -> g1_s0:2
[2026-06-22 18:11:07] MAC FLAP ba:a3:f7:d5:25:ce g0_s1:2 -> g1_s0:4
[2026-06-22 18:11:07] MAC FLAP 1a:4a:a3:63:c4:d4 g1_s0:3 -> g1_s1:2
[2026-06-22 18:11:07] MAC FLAP ee:d8:1f:c6:58:dc g1_s0:4 -> g1_s1:2
[2026-06-22 18:11:07] MAC FLAP de:f6:4d:4b:90:4b g1_s0:4 -> g1_s1:2
[2026-06-22 18:11:07] MAC FLAP 62:a0:56:6e:7d:c2 g1_s0:2 -> g1_s1:1
[2026-06-22 18:11:07] MAC FLAP ba:a3:f7:d5:25:ce g1_s0:4 -> g1_s1:2
[2026-06-22 18:11:07] MAC FLAP 1a:4a:a3:63:c4:d4 g1_s1:2 -> g2_s0:3
[2026-06-22 18:11:07] MAC FLAP ee:d8:1f:c6:58:dc g1_s1:2 -> g2_s0:2
[2026-06-22 18:11:07] MAC FLAP b2:7b:14:3f:6d:2e g1_s0:2 -> g2_s0:3
[2026-06-22 18:11:07] MAC FLAP 62:a0:56:6e:7d:c2 g1_s1:1 -> g2_s0:3
[2026-06-22 18:11:07] MAC FLAP ba:a3:f7:d5:25:ce g1_s1:2 -> g2_s0:2
[2026-06-22 18:11:07] MAC FLAP 1a:4a:a3:63:c4:d4 g2_s0:3 -> g2_s1:2
[2026-06-22 18:11:07] MAC FLAP ee:d8:1f:c6:58:dc g2_s0:2 -> g2_s1:1
[2026-06-22 18:11:07] MAC FLAP b2:7b:14:3f:6d:2e g2_s0:3 -> g2_s1:2
[2026-06-22 18:11:07] MAC FLAP 62:a0:56:6e:7d:c2 g2_s0:3 -> g2_s1:2
[2026-06-22 18:11:13] MAC FLAP 1a:4a:a3:63:c4:d4 g2_s1:2 -> g0_s0:2
[2026-06-22 18:11:13] MAC FLAP ee:d8:1f:c6:58:dc g2_s1:1 -> g0_s0:3
[2026-06-22 18:11:13] MAC FLAP b2:7b:14:3f:6d:2e g2_s1:2 -> g0_s0:3
[2026-06-22 18:11:13] MAC FLAP de:f6:4d:4b:90:4b g1_s1:2 -> g0_s0:3
[2026-06-22 18:11:13] MAC FLAP 62:a0:56:6e:7d:c2 g2_s1:2 -> g0_s0:3
[2026-06-22 18:11:13] MAC FLAP ba:a3:f7:d5:25:ce g2_s0:2 -> g0_s0:3
[2026-06-22 18:11:13] MAC FLAP ee:d8:1f:c6:58:dc g0_s0:3 -> g0_s1:2
[2026-06-22 18:11:13] MAC FLAP b2:7b:14:3f:6d:2e g0_s0:3 -> g0_s1:2
[2026-06-22 18:11:13] MAC FLAP de:f6:4d:4b:90:4b g0_s0:3 -> g0_s1:2
[2026-06-22 18:11:13] MAC FLAP 62:a0:56:6e:7d:c2 g0_s0:3 -> g0_s1:2
[2026-06-22 18:11:13] MAC FLAP ba:a3:f7:d5:25:ce g0_s0:3 -> g0_s1:2
[2026-06-22 18:11:13] MAC FLAP 1a:4a:a3:63:c4:d4 g0_s0:2 -> g1_s0:3
[2026-06-22 18:11:13] MAC FLAP ee:d8:1f:c6:58:dc g0_s1:2 -> g1_s0:4
[2026-06-22 18:11:13] MAC FLAP b2:7b:14:3f:6d:2e g0_s1:2 -> g1_s0:2
[2026-06-22 18:11:13] MAC FLAP de:f6:4d:4b:90:4b g0_s1:2 -> g1_s0:4
[2026-06-22 18:11:13] MAC FLAP 62:a0:56:6e:7d:c2 g0_s1:2 -> g1_s0:2
[2026-06-22 18:11:13] MAC FLAP ba:a3:f7:d5:25:ce g0_s1:2 -> g1_s0:4
[2026-06-22 18:11:13] MAC FLAP 1a:4a:a3:63:c4:d4 g1_s0:3 -> g1_s1:2
[2026-06-22 18:11:13] MAC FLAP ee:d8:1f:c6:58:dc g1_s0:4 -> g1_s1:2
[2026-06-22 18:11:13] MAC FLAP de:f6:4d:4b:90:4b g1_s0:4 -> g1_s1:2
[2026-06-22 18:11:13] MAC FLAP 62:a0:56:6e:7d:c2 g1_s0:2 -> g1_s1:1
[2026-06-22 18:11:13] MAC FLAP ba:a3:f7:d5:25:ce g1_s0:4 -> g1_s1:2
[2026-06-22 18:11:13] MAC FLAP 1a:4a:a3:63:c4:d4 g1_s1:2 -> g2_s0:3
[2026-06-22 18:11:13] MAC FLAP ee:d8:1f:c6:58:dc g1_s1:2 -> g2_s0:2
[2026-06-22 18:11:13] MAC FLAP b2:7b:14:3f:6d:2e g1_s0:2 -> g2_s0:3
[2026-06-22 18:11:13] MAC FLAP 62:a0:56:6e:7d:c2 g1_s1:1 -> g2_s0:3
[2026-06-22 18:11:13] MAC FLAP ba:a3:f7:d5:25:ce g1_s1:2 -> g2_s0:2
[2026-06-22 18:11:13] MAC FLAP 1a:4a:a3:63:c4:d4 g2_s0:3 -> g2_s1:2
[2026-06-22 18:11:13] MAC FLAP ee:d8:1f:c6:58:dc g2_s0:2 -> g2_s1:1
[2026-06-22 18:11:13] MAC FLAP b2:7b:14:3f:6d:2e g2_s0:3 -> g2_s1:2
[2026-06-22 18:11:13] MAC FLAP 62:a0:56:6e:7d:c2 g2_s0:3 -> g2_s1:2
[2026-06-22 18:11:18] MAC FLAP 1a:4a:a3:63:c4:d4 g2_s1:2 -> g0_s0:2
[2026-06-22 18:11:18] MAC FLAP ee:d8:1f:c6:58:dc g2_s1:1 -> g0_s0:3
[2026-06-22 18:11:18] MAC FLAP b2:7b:14:3f:6d:2e g2_s1:2 -> g0_s0:3
[2026-06-22 18:11:18] MAC FLAP de:f6:4d:4b:90:4b g1_s1:2 -> g0_s0:3
[2026-06-22 18:11:18] MAC FLAP 62:a0:56:6e:7d:c2 g2_s1:2 -> g0_s0:3
[2026-06-22 18:11:18] MAC FLAP ba:a3:f7:d5:25:ce g2_s0:2 -> g0_s0:3
[2026-06-22 18:11:18] MAC FLAP ee:d8:1f:c6:58:dc g0_s0:3 -> g0_s1:2
[2026-06-22 18:11:18] MAC FLAP b2:7b:14:3f:6d:2e g0_s0:3 -> g0_s1:2
[2026-06-22 18:11:18] MAC FLAP de:f6:4d:4b:90:4b g0_s0:3 -> g0_s1:2
[2026-06-22 18:11:18] MAC FLAP 62:a0:56:6e:7d:c2 g0_s0:3 -> g0_s1:2
[2026-06-22 18:11:18] MAC FLAP ba:a3:f7:d5:25:ce g0_s0:3 -> g0_s1:2
[2026-06-22 18:11:18] MAC FLAP 1a:4a:a3:63:c4:d4 g0_s0:2 -> g1_s0:3
[2026-06-22 18:11:18] MAC FLAP ee:d8:1f:c6:58:dc g0_s1:2 -> g1_s0:4
[2026-06-22 18:11:18] MAC FLAP b2:7b:14:3f:6d:2e g0_s1:2 -> g1_s0:2
[2026-06-22 18:11:18] MAC FLAP de:f6:4d:4b:90:4b g0_s1:2 -> g1_s0:4
[2026-06-22 18:11:18] MAC FLAP 62:a0:56:6e:7d:c2 g0_s1:2 -> g1_s0:2
[2026-06-22 18:11:18] MAC FLAP ba:a3:f7:d5:25:ce g0_s1:2 -> g1_s0:4
[2026-06-22 18:11:18] MAC FLAP 1a:4a:a3:63:c4:d4 g1_s0:3 -> g1_s1:2
[2026-06-22 18:11:18] MAC FLAP ee:d8:1f:c6:58:dc g1_s0:4 -> g1_s1:2
[2026-06-22 18:11:18] MAC FLAP de:f6:4d:4b:90:4b g1_s0:4 -> g1_s1:2
[2026-06-22 18:11:18] MAC FLAP 62:a0:56:6e:7d:c2 g1_s0:2 -> g1_s1:1
[2026-06-22 18:11:18] MAC FLAP ba:a3:f7:d5:25:ce g1_s0:4 -> g1_s1:2
[2026-06-22 18:11:18] MAC FLAP 1a:4a:a3:63:c4:d4 g1_s1:2 -> g2_s0:3
[2026-06-22 18:11:18] MAC FLAP ee:d8:1f:c6:58:dc g1_s1:2 -> g2_s0:2
[2026-06-22 18:11:18] MAC FLAP b2:7b:14:3f:6d:2e g1_s0:2 -> g2_s0:3
[2026-06-22 18:11:18] MAC FLAP 62:a0:56:6e:7d:c2 g1_s1:1 -> g2_s0:3
[2026-06-22 18:11:18] MAC FLAP ba:a3:f7:d5:25:ce g1_s1:2 -> g2_s0:2
[2026-06-22 18:11:18] MAC FLAP 1a:4a:a3:63:c4:d4 g2_s0:3 -> g2_s1:2
[2026-06-22 18:11:18] MAC FLAP ee:d8:1f:c6:58:dc g2_s0:2 -> g2_s1:1
[2026-06-22 18:11:18] MAC FLAP b2:7b:14:3f:6d:2e g2_s0:3 -> g2_s1:2
[2026-06-22 18:11:18] MAC FLAP 62:a0:56:6e:7d:c2 g2_s0:3 -> g2_s1:2
[2026-06-22 18:11:23] MAC FLAP ee:d8:1f:c6:58:dc g2_s1:1 -> g0_s0:3
[2026-06-22 18:11:23] MAC FLAP b2:7b:14:3f:6d:2e g2_s1:2 -> g0_s0:3
[2026-06-22 18:11:23] MAC FLAP de:f6:4d:4b:90:4b g1_s1:2 -> g0_s0:3
[2026-06-22 18:11:23] MAC FLAP 62:a0:56:6e:7d:c2 g2_s1:2 -> g0_s0:3
[2026-06-22 18:11:23] MAC FLAP ba:a3:f7:d5:25:ce g2_s0:2 -> g0_s0:3
[2026-06-22 18:11:23] MAC FLAP ee:d8:1f:c6:58:dc g0_s0:3 -> g0_s1:2
[2026-06-22 18:11:23] MAC FLAP b2:7b:14:3f:6d:2e g0_s0:3 -> g0_s1:2
[2026-06-22 18:11:23] MAC FLAP de:f6:4d:4b:90:4b g0_s0:3 -> g0_s1:2
[2026-06-22 18:11:23] MAC FLAP 62:a0:56:6e:7d:c2 g0_s0:3 -> g0_s1:2
[2026-06-22 18:11:23] MAC FLAP ba:a3:f7:d5:25:ce g0_s0:3 -> g0_s1:2
[2026-06-22 18:11:23] MAC FLAP ee:d8:1f:c6:58:dc g0_s1:2 -> g1_s0:4
[2026-06-22 18:11:23] MAC FLAP b2:7b:14:3f:6d:2e g0_s1:2 -> g1_s0:2
[2026-06-22 18:11:23] MAC FLAP de:f6:4d:4b:90:4b g0_s1:2 -> g1_s0:4
[2026-06-22 18:11:23] MAC FLAP 62:a0:56:6e:7d:c2 g0_s1:2 -> g1_s0:2
[2026-06-22 18:11:23] MAC FLAP ba:a3:f7:d5:25:ce g0_s1:2 -> g1_s0:4
[2026-06-22 18:11:23] MAC FLAP ee:d8:1f:c6:58:dc g1_s0:4 -> g1_s1:2
[2026-06-22 18:11:23] MAC FLAP de:f6:4d:4b:90:4b g1_s0:4 -> g1_s1:2
[2026-06-22 18:11:23] MAC FLAP 62:a0:56:6e:7d:c2 g1_s0:2 -> g1_s1:1
[2026-06-22 18:11:23] MAC FLAP ba:a3:f7:d5:25:ce g1_s0:4 -> g1_s1:2
[2026-06-22 18:11:23] MAC FLAP ee:d8:1f:c6:58:dc g1_s1:2 -> g2_s0:2
[2026-06-22 18:11:23] MAC FLAP b2:7b:14:3f:6d:2e g1_s0:2 -> g2_s0:3
[2026-06-22 18:11:23] MAC FLAP 62:a0:56:6e:7d:c2 g1_s1:1 -> g2_s0:3
[2026-06-22 18:11:23] MAC FLAP ba:a3:f7:d5:25:ce g1_s1:2 -> g2_s0:2
[2026-06-22 18:11:23] MAC FLAP ee:d8:1f:c6:58:dc g2_s0:2 -> g2_s1:1
[2026-06-22 18:11:23] MAC FLAP b2:7b:14:3f:6d:2e g2_s0:3 -> g2_s1:2
[2026-06-22 18:11:23] MAC FLAP 62:a0:56:6e:7d:c2 g2_s0:3 -> g2_s1:2
[2026-06-22 18:11:28] MAC FLAP ee:d8:1f:c6:58:dc g2_s1:1 -> g0_s0:3
[2026-06-22 18:11:28] MAC FLAP b2:7b:14:3f:6d:2e g2_s1:2 -> g0_s0:3
[2026-06-22 18:11:28] MAC FLAP de:f6:4d:4b:90:4b g1_s1:2 -> g0_s0:3
[2026-06-22 18:11:28] MAC FLAP 62:a0:56:6e:7d:c2 g2_s1:2 -> g0_s0:3
[2026-06-22 18:11:28] MAC FLAP ba:a3:f7:d5:25:ce g2_s0:2 -> g0_s0:3
[2026-06-22 18:11:28] MAC FLAP ee:d8:1f:c6:58:dc g0_s0:3 -> g0_s1:2
[2026-06-22 18:11:28] MAC FLAP b2:7b:14:3f:6d:2e g0_s0:3 -> g0_s1:2
[2026-06-22 18:11:28] MAC FLAP de:f6:4d:4b:90:4b g0_s0:3 -> g0_s1:2
[2026-06-22 18:11:28] MAC FLAP 62:a0:56:6e:7d:c2 g0_s0:3 -> g0_s1:2
[2026-06-22 18:11:28] MAC FLAP ba:a3:f7:d5:25:ce g0_s0:3 -> g0_s1:2
[2026-06-22 18:11:28] MAC FLAP ee:d8:1f:c6:58:dc g0_s1:2 -> g1_s0:4
[2026-06-22 18:11:28] MAC FLAP b2:7b:14:3f:6d:2e g0_s1:2 -> g1_s0:2
[2026-06-22 18:11:28] MAC FLAP de:f6:4d:4b:90:4b g0_s1:2 -> g1_s0:4
[2026-06-22 18:11:28] MAC FLAP 62:a0:56:6e:7d:c2 g0_s1:2 -> g1_s0:2
[2026-06-22 18:11:28] MAC FLAP ba:a3:f7:d5:25:ce g0_s1:2 -> g1_s0:4
[2026-06-22 18:11:28] MAC FLAP ee:d8:1f:c6:58:dc g1_s0:4 -> g1_s1:2
[2026-06-22 18:11:28] MAC FLAP de:f6:4d:4b:90:4b g1_s0:4 -> g1_s1:2
[2026-06-22 18:11:28] MAC FLAP 62:a0:56:6e:7d:c2 g1_s0:2 -> g1_s1:1
[2026-06-22 18:11:28] MAC FLAP ba:a3:f7:d5:25:ce g1_s0:4 -> g1_s1:2
[2026-06-22 18:11:28] MAC FLAP ee:d8:1f:c6:58:dc g1_s1:2 -> g2_s0:2
[2026-06-22 18:11:28] MAC FLAP b2:7b:14:3f:6d:2e g1_s0:2 -> g2_s0:3
[2026-06-22 18:11:28] MAC FLAP 62:a0:56:6e:7d:c2 g1_s1:1 -> g2_s0:3
[2026-06-22 18:11:28] MAC FLAP ba:a3:f7:d5:25:ce g1_s1:2 -> g2_s0:2
[2026-06-22 18:11:28] MAC FLAP ee:d8:1f:c6:58:dc g2_s0:2 -> g2_s1:1
[2026-06-22 18:11:28] MAC FLAP b2:7b:14:3f:6d:2e g2_s0:3 -> g2_s1:2
[2026-06-22 18:11:28] MAC FLAP 62:a0:56:6e:7d:c2 g2_s0:3 -> g2_s1:2
[2026-06-22 18:11:33] MAC FLAP ee:d8:1f:c6:58:dc g2_s1:1 -> g0_s0:3
[2026-06-22 18:11:33] MAC FLAP b2:7b:14:3f:6d:2e g2_s1:2 -> g0_s0:3
[2026-06-22 18:11:33] MAC FLAP de:f6:4d:4b:90:4b g1_s1:2 -> g0_s0:3
[2026-06-22 18:11:33] MAC FLAP 62:a0:56:6e:7d:c2 g2_s1:2 -> g0_s0:3
[2026-06-22 18:11:33] MAC FLAP ba:a3:f7:d5:25:ce g2_s0:2 -> g0_s0:3
[2026-06-22 18:11:33] MAC FLAP ee:d8:1f:c6:58:dc g0_s0:3 -> g0_s1:2
[2026-06-22 18:11:33] MAC FLAP b2:7b:14:3f:6d:2e g0_s0:3 -> g0_s1:2
[2026-06-22 18:11:33] MAC FLAP de:f6:4d:4b:90:4b g0_s0:3 -> g0_s1:2
[2026-06-22 18:11:33] MAC FLAP 62:a0:56:6e:7d:c2 g0_s0:3 -> g0_s1:2
[2026-06-22 18:11:33] MAC FLAP ba:a3:f7:d5:25:ce g0_s0:3 -> g0_s1:2
[2026-06-22 18:11:33] MAC FLAP ee:d8:1f:c6:58:dc g0_s1:2 -> g1_s0:4
[2026-06-22 18:11:33] MAC FLAP b2:7b:14:3f:6d:2e g0_s1:2 -> g1_s0:2
[2026-06-22 18:11:33] MAC FLAP de:f6:4d:4b:90:4b g0_s1:2 -> g1_s0:4
[2026-06-22 18:11:33] MAC FLAP 62:a0:56:6e:7d:c2 g0_s1:2 -> g1_s0:2
[2026-06-22 18:11:33] MAC FLAP ba:a3:f7:d5:25:ce g0_s1:2 -> g1_s0:4
[2026-06-22 18:11:33] MAC FLAP ee:d8:1f:c6:58:dc g1_s0:4 -> g1_s1:2
[2026-06-22 18:11:33] MAC FLAP de:f6:4d:4b:90:4b g1_s0:4 -> g1_s1:2
[2026-06-22 18:11:33] MAC FLAP 62:a0:56:6e:7d:c2 g1_s0:2 -> g1_s1:1
[2026-06-22 18:11:33] MAC FLAP ba:a3:f7:d5:25:ce g1_s0:4 -> g1_s1:2
[2026-06-22 18:11:33] MAC FLAP ee:d8:1f:c6:58:dc g1_s1:2 -> g2_s0:2
[2026-06-22 18:11:33] MAC FLAP b2:7b:14:3f:6d:2e g1_s0:2 -> g2_s0:3
[2026-06-22 18:11:33] MAC FLAP 62:a0:56:6e:7d:c2 g1_s1:1 -> g2_s0:3
[2026-06-22 18:11:33] MAC FLAP ba:a3:f7:d5:25:ce g1_s1:2 -> g2_s0:2
[2026-06-22 18:11:33] MAC FLAP ee:d8:1f:c6:58:dc g2_s0:2 -> g2_s1:1
[2026-06-22 18:11:33] MAC FLAP b2:7b:14:3f:6d:2e g2_s0:3 -> g2_s1:2
[2026-06-22 18:11:33] MAC FLAP 62:a0:56:6e:7d:c2 g2_s0:3 -> g2_s1:2
[2026-06-22 18:11:39] MAC FLAP b2:7b:14:3f:6d:2e g2_s1:2 -> g0_s0:3
[2026-06-22 18:11:39] MAC FLAP de:f6:4d:4b:90:4b g1_s1:2 -> g0_s0:3
[2026-06-22 18:11:39] MAC FLAP 62:a0:56:6e:7d:c2 g2_s1:2 -> g0_s0:3
[2026-06-22 18:11:39] MAC FLAP ba:a3:f7:d5:25:ce g2_s0:2 -> g0_s0:3
[2026-06-22 18:11:39] MAC FLAP b2:7b:14:3f:6d:2e g0_s0:3 -> g0_s1:2
[2026-06-22 18:11:39] MAC FLAP de:f6:4d:4b:90:4b g0_s0:3 -> g0_s1:2
[2026-06-22 18:11:39] MAC FLAP 62:a0:56:6e:7d:c2 g0_s0:3 -> g0_s1:2
[2026-06-22 18:11:39] MAC FLAP ba:a3:f7:d5:25:ce g0_s0:3 -> g0_s1:2
[2026-06-22 18:11:39] MAC FLAP b2:7b:14:3f:6d:2e g0_s1:2 -> g1_s0:2
[2026-06-22 18:11:39] MAC FLAP de:f6:4d:4b:90:4b g0_s1:2 -> g1_s0:4
[2026-06-22 18:11:39] MAC FLAP 62:a0:56:6e:7d:c2 g0_s1:2 -> g1_s0:2
[2026-06-22 18:11:39] MAC FLAP ba:a3:f7:d5:25:ce g0_s1:2 -> g1_s0:4
[2026-06-22 18:11:39] MAC FLAP de:f6:4d:4b:90:4b g1_s0:4 -> g1_s1:2
[2026-06-22 18:11:39] MAC FLAP 62:a0:56:6e:7d:c2 g1_s0:2 -> g1_s1:1
[2026-06-22 18:11:39] MAC FLAP ba:a3:f7:d5:25:ce g1_s0:4 -> g1_s1:2
[2026-06-22 18:11:39] MAC FLAP b2:7b:14:3f:6d:2e g1_s0:2 -> g2_s0:3
[2026-06-22 18:11:39] MAC FLAP 62:a0:56:6e:7d:c2 g1_s1:1 -> g2_s0:3
[2026-06-22 18:11:39] MAC FLAP ba:a3:f7:d5:25:ce g1_s1:2 -> g2_s0:2
[2026-06-22 18:11:39] MAC FLAP b2:7b:14:3f:6d:2e g2_s0:3 -> g2_s1:2
[2026-06-22 18:11:39] MAC FLAP 62:a0:56:6e:7d:c2 g2_s0:3 -> g2_s1:2
[2026-06-22 18:11:44] MAC FLAP b2:7b:14:3f:6d:2e g2_s1:2 -> g0_s0:3
[2026-06-22 18:11:44] MAC FLAP de:f6:4d:4b:90:4b g1_s1:2 -> g0_s0:3
[2026-06-22 18:11:44] MAC FLAP 62:a0:56:6e:7d:c2 g2_s1:2 -> g0_s0:3
[2026-06-22 18:11:44] MAC FLAP ba:a3:f7:d5:25:ce g2_s0:2 -> g0_s0:3
[2026-06-22 18:11:44] MAC FLAP b2:7b:14:3f:6d:2e g0_s0:3 -> g0_s1:2
[2026-06-22 18:11:44] MAC FLAP de:f6:4d:4b:90:4b g0_s0:3 -> g0_s1:2
[2026-06-22 18:11:44] MAC FLAP 62:a0:56:6e:7d:c2 g0_s0:3 -> g0_s1:2
[2026-06-22 18:11:44] MAC FLAP ba:a3:f7:d5:25:ce g0_s0:3 -> g0_s1:2
[2026-06-22 18:11:44] MAC FLAP b2:7b:14:3f:6d:2e g0_s1:2 -> g1_s0:2
[2026-06-22 18:11:44] MAC FLAP de:f6:4d:4b:90:4b g0_s1:2 -> g1_s0:4
[2026-06-22 18:11:44] MAC FLAP 62:a0:56:6e:7d:c2 g0_s1:2 -> g1_s0:2
[2026-06-22 18:11:44] MAC FLAP ba:a3:f7:d5:25:ce g0_s1:2 -> g1_s0:4
[2026-06-22 18:11:44] MAC FLAP de:f6:4d:4b:90:4b g1_s0:4 -> g1_s1:2
[2026-06-22 18:11:44] MAC FLAP 62:a0:56:6e:7d:c2 g1_s0:2 -> g1_s1:1
[2026-06-22 18:11:44] MAC FLAP ba:a3:f7:d5:25:ce g1_s0:4 -> g1_s1:2
[2026-06-22 18:11:44] MAC FLAP b2:7b:14:3f:6d:2e g1_s0:2 -> g2_s0:3
[2026-06-22 18:11:44] MAC FLAP 62:a0:56:6e:7d:c2 g1_s1:1 -> g2_s0:3
[2026-06-22 18:11:44] MAC FLAP ba:a3:f7:d5:25:ce g1_s1:2 -> g2_s0:2
[2026-06-22 18:11:44] MAC FLAP b2:7b:14:3f:6d:2e g2_s0:3 -> g2_s1:2
[2026-06-22 18:11:44] MAC FLAP 62:a0:56:6e:7d:c2 g2_s0:3 -> g2_s1:2
[2026-06-22 18:11:49] MAC FLAP b2:7b:14:3f:6d:2e g2_s1:2 -> g0_s0:3
[2026-06-22 18:11:49] MAC FLAP de:f6:4d:4b:90:4b g1_s1:2 -> g0_s0:3
[2026-06-22 18:11:49] MAC FLAP 62:a0:56:6e:7d:c2 g2_s1:2 -> g0_s0:3
[2026-06-22 18:11:49] MAC FLAP ba:a3:f7:d5:25:ce g2_s0:2 -> g0_s0:3
[2026-06-22 18:11:49] MAC FLAP b2:7b:14:3f:6d:2e g0_s0:3 -> g0_s1:2
[2026-06-22 18:11:49] MAC FLAP de:f6:4d:4b:90:4b g0_s0:3 -> g0_s1:2
[2026-06-22 18:11:49] MAC FLAP 62:a0:56:6e:7d:c2 g0_s0:3 -> g0_s1:2
[2026-06-22 18:11:49] MAC FLAP ba:a3:f7:d5:25:ce g0_s0:3 -> g0_s1:2
[2026-06-22 18:11:49] MAC FLAP b2:7b:14:3f:6d:2e g0_s1:2 -> g1_s0:2
[2026-06-22 18:11:49] MAC FLAP de:f6:4d:4b:90:4b g0_s1:2 -> g1_s0:4
[2026-06-22 18:11:49] MAC FLAP 62:a0:56:6e:7d:c2 g0_s1:2 -> g1_s0:2
[2026-06-22 18:11:49] MAC FLAP ba:a3:f7:d5:25:ce g0_s1:2 -> g1_s0:4
[2026-06-22 18:11:49] MAC FLAP de:f6:4d:4b:90:4b g1_s0:4 -> g1_s1:2
[2026-06-22 18:11:49] MAC FLAP 62:a0:56:6e:7d:c2 g1_s0:2 -> g1_s1:1
[2026-06-22 18:11:49] MAC FLAP ba:a3:f7:d5:25:ce g1_s0:4 -> g1_s1:2
[2026-06-22 18:11:49] MAC FLAP b2:7b:14:3f:6d:2e g1_s0:2 -> g2_s0:3
[2026-06-22 18:11:49] MAC FLAP 62:a0:56:6e:7d:c2 g1_s1:1 -> g2_s0:3
[2026-06-22 18:11:49] MAC FLAP ba:a3:f7:d5:25:ce g1_s1:2 -> g2_s0:2
[2026-06-22 18:11:49] MAC FLAP b2:7b:14:3f:6d:2e g2_s0:3 -> g2_s1:2
[2026-06-22 18:11:49] MAC FLAP 62:a0:56:6e:7d:c2 g2_s0:3 -> g2_s1:2
[2026-06-22 18:11:55] MAC FLAP de:f6:4d:4b:90:4b g1_s1:2 -> g0_s0:3
[2026-06-22 18:11:55] MAC FLAP 62:a0:56:6e:7d:c2 g2_s1:2 -> g0_s0:3
[2026-06-22 18:11:55] MAC FLAP ba:a3:f7:d5:25:ce g2_s0:2 -> g0_s0:3
[2026-06-22 18:11:55] MAC FLAP de:f6:4d:4b:90:4b g0_s0:3 -> g0_s1:2
[2026-06-22 18:11:55] MAC FLAP 62:a0:56:6e:7d:c2 g0_s0:3 -> g0_s1:2
[2026-06-22 18:11:55] MAC FLAP ba:a3:f7:d5:25:ce g0_s0:3 -> g0_s1:2
[2026-06-22 18:11:55] MAC FLAP de:f6:4d:4b:90:4b g0_s1:2 -> g1_s0:4
[2026-06-22 18:11:55] MAC FLAP 62:a0:56:6e:7d:c2 g0_s1:2 -> g1_s0:2
[2026-06-22 18:11:55] MAC FLAP ba:a3:f7:d5:25:ce g0_s1:2 -> g1_s0:4
[2026-06-22 18:11:55] MAC FLAP de:f6:4d:4b:90:4b g1_s0:4 -> g1_s1:2
[2026-06-22 18:11:55] MAC FLAP 62:a0:56:6e:7d:c2 g1_s0:2 -> g1_s1:1
[2026-06-22 18:11:55] MAC FLAP ba:a3:f7:d5:25:ce g1_s0:4 -> g1_s1:2
[2026-06-22 18:11:55] MAC FLAP 62:a0:56:6e:7d:c2 g1_s1:1 -> g2_s0:3
[2026-06-22 18:11:55] MAC FLAP ba:a3:f7:d5:25:ce g1_s1:2 -> g2_s0:2
[2026-06-22 18:11:55] MAC FLAP 62:a0:56:6e:7d:c2 g2_s0:3 -> g2_s1:2
[2026-06-22 18:12:00] MAC FLAP de:f6:4d:4b:90:4b g1_s1:2 -> g0_s0:3
[2026-06-22 18:12:00] MAC FLAP 62:a0:56:6e:7d:c2 g2_s1:2 -> g0_s0:3
[2026-06-22 18:12:00] MAC FLAP ba:a3:f7:d5:25:ce g2_s0:2 -> g0_s0:3
[2026-06-22 18:12:00] MAC FLAP de:f6:4d:4b:90:4b g0_s0:3 -> g0_s1:2
[2026-06-22 18:12:00] MAC FLAP 62:a0:56:6e:7d:c2 g0_s0:3 -> g0_s1:2
[2026-06-22 18:12:00] MAC FLAP ba:a3:f7:d5:25:ce g0_s0:3 -> g0_s1:2
[2026-06-22 18:12:00] MAC FLAP de:f6:4d:4b:90:4b g0_s1:2 -> g1_s0:4
[2026-06-22 18:12:00] MAC FLAP 62:a0:56:6e:7d:c2 g0_s1:2 -> g1_s0:2
[2026-06-22 18:12:00] MAC FLAP ba:a3:f7:d5:25:ce g0_s1:2 -> g1_s0:4
[2026-06-22 18:12:00] MAC FLAP de:f6:4d:4b:90:4b g1_s0:4 -> g1_s1:2
[2026-06-22 18:12:00] MAC FLAP 62:a0:56:6e:7d:c2 g1_s0:2 -> g1_s1:1
[2026-06-22 18:12:00] MAC FLAP ba:a3:f7:d5:25:ce g1_s0:4 -> g1_s1:2
[2026-06-22 18:12:00] MAC FLAP 62:a0:56:6e:7d:c2 g1_s1:1 -> g2_s0:3
[2026-06-22 18:12:00] MAC FLAP ba:a3:f7:d5:25:ce g1_s1:2 -> g2_s0:2
[2026-06-22 18:12:00] MAC FLAP 62:a0:56:6e:7d:c2 g2_s0:3 -> g2_s1:2
[2026-06-22 18:13:08] Baseline snapshot created (8 entries)
[2026-06-22 18:13:08] LEARNED 62:a0:56:6e:7d:c2 -> g0_s0:3
[2026-06-22 18:13:08] LEARNED ba:a3:f7:d5:25:ce -> g0_s0:3
[2026-06-22 18:13:08] MAC FLAP 62:a0:56:6e:7d:c2 g0_s0:3 -> g0_s1:2
[2026-06-22 18:13:08] MAC FLAP ba:a3:f7:d5:25:ce g0_s0:3 -> g0_s1:2
[2026-06-22 18:13:08] MAC FLAP 62:a0:56:6e:7d:c2 g0_s1:2 -> g1_s0:2
[2026-06-22 18:13:08] MAC FLAP ba:a3:f7:d5:25:ce g0_s1:2 -> g1_s0:4
[2026-06-22 18:13:08] MAC FLAP 62:a0:56:6e:7d:c2 g1_s0:2 -> g1_s1:1
[2026-06-22 18:13:08] MAC FLAP ba:a3:f7:d5:25:ce g1_s0:4 -> g1_s1:2
[2026-06-22 18:13:08] MAC FLAP 62:a0:56:6e:7d:c2 g1_s1:1 -> g2_s0:3
[2026-06-22 18:13:08] MAC FLAP ba:a3:f7:d5:25:ce g1_s1:2 -> g2_s0:2
[2026-06-22 18:13:08] MAC FLAP 62:a0:56:6e:7d:c2 g2_s0:3 -> g2_s1:2
[2026-06-22 18:13:08] LEARNED d2:54:f6:d0:65:f3 -> g2_s1:2
[2026-06-22 18:14:07] Baseline snapshot created (0 entries)
[2026-06-22 18:14:07] LEARNED d2:54:f6:d0:65:f3 -> g2_s1:2
[2026-06-22 18:15:15] Baseline snapshot created (24 entries)
[2026-06-22 18:15:15] LEARNED a6:08:49:a1:b7:91 -> g0_s0:1
[2026-06-22 18:15:15] LEARNED 9e:15:46:6f:0b:de -> g0_s0:2
[2026-06-22 18:15:15] LEARNED 92:e0:fa:df:41:3a -> g0_s0:3
[2026-06-22 18:15:15] LEARNED 62:a0:56:6e:7d:c2 -> g0_s0:3
[2026-06-22 18:15:15] LEARNED 86:e9:f9:a5:bf:8c -> g0_s0:3
[2026-06-22 18:15:15] LEARNED ee:d8:1f:c6:58:dc -> g0_s0:3
[2026-06-22 18:15:15] MAC FLAP a6:08:49:a1:b7:91 g0_s0:1 -> g0_s1:2
[2026-06-22 18:15:15] MAC FLAP 9e:15:46:6f:0b:de g0_s0:2 -> g0_s1:1
[2026-06-22 18:15:15] MAC FLAP 92:e0:fa:df:41:3a g0_s0:3 -> g0_s1:2
[2026-06-22 18:15:15] MAC FLAP 62:a0:56:6e:7d:c2 g0_s0:3 -> g0_s1:2
[2026-06-22 18:15:15] MAC FLAP 86:e9:f9:a5:bf:8c g0_s0:3 -> g0_s1:2
[2026-06-22 18:15:15] MAC FLAP ee:d8:1f:c6:58:dc g0_s0:3 -> g0_s1:2
[2026-06-22 18:15:15] MAC FLAP a6:08:49:a1:b7:91 g0_s1:2 -> g1_s0:3
[2026-06-22 18:15:15] MAC FLAP 92:e0:fa:df:41:3a g0_s1:2 -> g1_s0:1
[2026-06-22 18:15:15] MAC FLAP 62:a0:56:6e:7d:c2 g0_s1:2 -> g1_s0:2
[2026-06-22 18:15:15] MAC FLAP 86:e9:f9:a5:bf:8c g0_s1:2 -> g1_s0:4
[2026-06-22 18:15:15] MAC FLAP ee:d8:1f:c6:58:dc g0_s1:2 -> g1_s0:4
[2026-06-22 18:15:15] MAC FLAP 9e:15:46:6f:0b:de g0_s1:1 -> g1_s0:3
[2026-06-22 18:15:15] MAC FLAP a6:08:49:a1:b7:91 g1_s0:3 -> g1_s1:2
[2026-06-22 18:15:15] MAC FLAP 62:a0:56:6e:7d:c2 g1_s0:2 -> g1_s1:1
[2026-06-22 18:15:15] MAC FLAP 9e:15:46:6f:0b:de g1_s0:3 -> g1_s1:2
[2026-06-22 18:15:15] MAC FLAP 92:e0:fa:df:41:3a g1_s0:1 -> g1_s1:2
[2026-06-22 18:15:15] MAC FLAP 86:e9:f9:a5:bf:8c g1_s0:4 -> g1_s1:2
[2026-06-22 18:15:15] MAC FLAP ee:d8:1f:c6:58:dc g1_s0:4 -> g1_s1:2
[2026-06-22 18:15:15] MAC FLAP a6:08:49:a1:b7:91 g1_s1:2 -> g2_s0:3
[2026-06-22 18:15:15] MAC FLAP 86:e9:f9:a5:bf:8c g1_s1:2 -> g2_s0:1
[2026-06-22 18:15:15] MAC FLAP ee:d8:1f:c6:58:dc g1_s1:2 -> g2_s0:2
[2026-06-22 18:15:15] MAC FLAP 9e:15:46:6f:0b:de g1_s1:2 -> g2_s0:3
[2026-06-22 18:15:15] MAC FLAP 92:e0:fa:df:41:3a g1_s1:2 -> g2_s0:3
[2026-06-22 18:15:15] MAC FLAP 62:a0:56:6e:7d:c2 g1_s1:1 -> g2_s0:3
[2026-06-22 18:15:15] MAC FLAP a6:08:49:a1:b7:91 g2_s0:3 -> g2_s1:2
[2026-06-22 18:15:15] MAC FLAP ee:d8:1f:c6:58:dc g2_s0:2 -> g2_s1:1
[2026-06-22 18:15:15] MAC FLAP 9e:15:46:6f:0b:de g2_s0:3 -> g2_s1:2
[2026-06-22 18:15:15] MAC FLAP 92:e0:fa:df:41:3a g2_s0:3 -> g2_s1:2
[2026-06-22 18:15:15] MAC FLAP 62:a0:56:6e:7d:c2 g2_s0:3 -> g2_s1:2
[2026-06-22 18:15:15] MAC FLAP 86:e9:f9:a5:bf:8c g2_s0:1 -> g2_s1:2
[2026-06-22 18:15:20] MAC FLAP a6:08:49:a1:b7:91 g2_s1:2 -> g0_s0:1
[2026-06-22 18:15:20] MAC FLAP 9e:15:46:6f:0b:de g2_s1:2 -> g0_s0:2
[2026-06-22 18:15:20] MAC FLAP 62:a0:56:6e:7d:c2 g2_s1:2 -> g0_s0:3
[2026-06-22 18:15:20] MAC FLAP 86:e9:f9:a5:bf:8c g2_s1:2 -> g0_s0:3
[2026-06-22 18:15:20] MAC FLAP 92:e0:fa:df:41:3a g2_s1:2 -> g0_s0:3
[2026-06-22 18:15:20] MAC FLAP ee:d8:1f:c6:58:dc g2_s1:1 -> g0_s0:3
[2026-06-22 18:15:20] MAC FLAP 9e:15:46:6f:0b:de g0_s0:2 -> g0_s1:1
[2026-06-22 18:15:20] MAC FLAP a6:08:49:a1:b7:91 g0_s0:1 -> g0_s1:2
[2026-06-22 18:15:20] MAC FLAP 62:a0:56:6e:7d:c2 g0_s0:3 -> g0_s1:2
[2026-06-22 18:15:20] MAC FLAP 86:e9:f9:a5:bf:8c g0_s0:3 -> g0_s1:2
[2026-06-22 18:15:20] MAC FLAP 92:e0:fa:df:41:3a g0_s0:3 -> g0_s1:2
[2026-06-22 18:15:20] MAC FLAP ee:d8:1f:c6:58:dc g0_s0:3 -> g0_s1:2
[2026-06-22 18:15:20] MAC FLAP 92:e0:fa:df:41:3a g0_s1:2 -> g1_s0:1
[2026-06-22 18:15:20] MAC FLAP a6:08:49:a1:b7:91 g0_s1:2 -> g1_s0:3
[2026-06-22 18:15:20] MAC FLAP 9e:15:46:6f:0b:de g0_s1:1 -> g1_s0:3
[2026-06-22 18:15:20] MAC FLAP 62:a0:56:6e:7d:c2 g0_s1:2 -> g1_s0:2
[2026-06-22 18:15:20] MAC FLAP 86:e9:f9:a5:bf:8c g0_s1:2 -> g1_s0:4
[2026-06-22 18:15:20] MAC FLAP ee:d8:1f:c6:58:dc g0_s1:2 -> g1_s0:4
[2026-06-22 18:15:20] MAC FLAP a6:08:49:a1:b7:91 g1_s0:3 -> g1_s1:2
[2026-06-22 18:15:20] MAC FLAP 9e:15:46:6f:0b:de g1_s0:3 -> g1_s1:2
[2026-06-22 18:15:20] MAC FLAP 92:e0:fa:df:41:3a g1_s0:1 -> g1_s1:2
[2026-06-22 18:15:20] MAC FLAP ee:d8:1f:c6:58:dc g1_s0:4 -> g1_s1:2
[2026-06-22 18:15:20] MAC FLAP 62:a0:56:6e:7d:c2 g1_s0:2 -> g1_s1:1
[2026-06-22 18:15:20] MAC FLAP 86:e9:f9:a5:bf:8c g1_s0:4 -> g1_s1:2
[2026-06-22 18:15:20] MAC FLAP 92:e0:fa:df:41:3a g1_s1:2 -> g2_s0:3
[2026-06-22 18:15:20] MAC FLAP a6:08:49:a1:b7:91 g1_s1:2 -> g2_s0:3
[2026-06-22 18:15:20] MAC FLAP 9e:15:46:6f:0b:de g1_s1:2 -> g2_s0:3
[2026-06-22 18:15:20] MAC FLAP 62:a0:56:6e:7d:c2 g1_s1:1 -> g2_s0:3
[2026-06-22 18:15:20] MAC FLAP 86:e9:f9:a5:bf:8c g1_s1:2 -> g2_s0:1
[2026-06-22 18:15:20] MAC FLAP ee:d8:1f:c6:58:dc g1_s1:2 -> g2_s0:2
[2026-06-22 18:15:20] MAC FLAP 92:e0:fa:df:41:3a g2_s0:3 -> g2_s1:2
[2026-06-22 18:15:20] MAC FLAP a6:08:49:a1:b7:91 g2_s0:3 -> g2_s1:2
[2026-06-22 18:15:20] MAC FLAP 9e:15:46:6f:0b:de g2_s0:3 -> g2_s1:2
[2026-06-22 18:15:20] MAC FLAP ee:d8:1f:c6:58:dc g2_s0:2 -> g2_s1:1
[2026-06-22 18:15:20] MAC FLAP 62:a0:56:6e:7d:c2 g2_s0:3 -> g2_s1:2
[2026-06-22 18:15:20] MAC FLAP 86:e9:f9:a5:bf:8c g2_s0:1 -> g2_s1:2
[2026-06-22 18:15:25] MAC FLAP a6:08:49:a1:b7:91 g2_s1:2 -> g0_s0:1
[2026-06-22 18:15:25] MAC FLAP 9e:15:46:6f:0b:de g2_s1:2 -> g0_s0:2
[2026-06-22 18:15:25] MAC FLAP 62:a0:56:6e:7d:c2 g2_s1:2 -> g0_s0:3
[2026-06-22 18:15:25] MAC FLAP 86:e9:f9:a5:bf:8c g2_s1:2 -> g0_s0:3
[2026-06-22 18:15:25] MAC FLAP 92:e0:fa:df:41:3a g2_s1:2 -> g0_s0:3
[2026-06-22 18:15:25] MAC FLAP ee:d8:1f:c6:58:dc g2_s1:1 -> g0_s0:3
[2026-06-22 18:15:25] MAC FLAP 9e:15:46:6f:0b:de g0_s0:2 -> g0_s1:1
[2026-06-22 18:15:25] MAC FLAP a6:08:49:a1:b7:91 g0_s0:1 -> g0_s1:2
[2026-06-22 18:15:25] MAC FLAP 62:a0:56:6e:7d:c2 g0_s0:3 -> g0_s1:2
[2026-06-22 18:15:25] MAC FLAP 86:e9:f9:a5:bf:8c g0_s0:3 -> g0_s1:2
[2026-06-22 18:15:25] MAC FLAP 92:e0:fa:df:41:3a g0_s0:3 -> g0_s1:2
[2026-06-22 18:15:25] MAC FLAP ee:d8:1f:c6:58:dc g0_s0:3 -> g0_s1:2
[2026-06-22 18:15:25] MAC FLAP 92:e0:fa:df:41:3a g0_s1:2 -> g1_s0:1
[2026-06-22 18:15:25] MAC FLAP a6:08:49:a1:b7:91 g0_s1:2 -> g1_s0:3
[2026-06-22 18:15:25] MAC FLAP 9e:15:46:6f:0b:de g0_s1:1 -> g1_s0:3
[2026-06-22 18:15:25] MAC FLAP 62:a0:56:6e:7d:c2 g0_s1:2 -> g1_s0:2
[2026-06-22 18:15:25] MAC FLAP 86:e9:f9:a5:bf:8c g0_s1:2 -> g1_s0:4
[2026-06-22 18:15:25] MAC FLAP ee:d8:1f:c6:58:dc g0_s1:2 -> g1_s0:4
[2026-06-22 18:15:25] MAC FLAP a6:08:49:a1:b7:91 g1_s0:3 -> g1_s1:2
[2026-06-22 18:15:25] MAC FLAP 9e:15:46:6f:0b:de g1_s0:3 -> g1_s1:2
[2026-06-22 18:15:25] MAC FLAP 92:e0:fa:df:41:3a g1_s0:1 -> g1_s1:2
[2026-06-22 18:15:25] MAC FLAP ee:d8:1f:c6:58:dc g1_s0:4 -> g1_s1:2
[2026-06-22 18:15:25] MAC FLAP 62:a0:56:6e:7d:c2 g1_s0:2 -> g1_s1:1
[2026-06-22 18:15:25] MAC FLAP 86:e9:f9:a5:bf:8c g1_s0:4 -> g1_s1:2
[2026-06-22 18:15:25] MAC FLAP 92:e0:fa:df:41:3a g1_s1:2 -> g2_s0:3
[2026-06-22 18:15:25] MAC FLAP a6:08:49:a1:b7:91 g1_s1:2 -> g2_s0:3
[2026-06-22 18:15:25] MAC FLAP 9e:15:46:6f:0b:de g1_s1:2 -> g2_s0:3
[2026-06-22 18:15:25] MAC FLAP 62:a0:56:6e:7d:c2 g1_s1:1 -> g2_s0:3
[2026-06-22 18:15:25] MAC FLAP 86:e9:f9:a5:bf:8c g1_s1:2 -> g2_s0:1
[2026-06-22 18:15:25] MAC FLAP ee:d8:1f:c6:58:dc g1_s1:2 -> g2_s0:2
[2026-06-22 18:15:25] MAC FLAP 92:e0:fa:df:41:3a g2_s0:3 -> g2_s1:2
[2026-06-22 18:15:25] MAC FLAP a6:08:49:a1:b7:91 g2_s0:3 -> g2_s1:2
[2026-06-22 18:15:25] MAC FLAP 9e:15:46:6f:0b:de g2_s0:3 -> g2_s1:2
[2026-06-22 18:15:25] MAC FLAP ee:d8:1f:c6:58:dc g2_s0:2 -> g2_s1:1
[2026-06-22 18:15:25] MAC FLAP 62:a0:56:6e:7d:c2 g2_s0:3 -> g2_s1:2
[2026-06-22 18:15:25] MAC FLAP 86:e9:f9:a5:bf:8c g2_s0:1 -> g2_s1:2
[2026-06-22 18:15:30] MAC FLAP a6:08:49:a1:b7:91 g2_s1:2 -> g0_s0:1
[2026-06-22 18:15:30] MAC FLAP 9e:15:46:6f:0b:de g2_s1:2 -> g0_s0:2
[2026-06-22 18:15:30] MAC FLAP 62:a0:56:6e:7d:c2 g2_s1:2 -> g0_s0:3
[2026-06-22 18:15:30] MAC FLAP 86:e9:f9:a5:bf:8c g2_s1:2 -> g0_s0:3
[2026-06-22 18:15:30] MAC FLAP 92:e0:fa:df:41:3a g2_s1:2 -> g0_s0:3
[2026-06-22 18:15:30] MAC FLAP ee:d8:1f:c6:58:dc g2_s1:1 -> g0_s0:3
[2026-06-22 18:15:30] MAC FLAP 9e:15:46:6f:0b:de g0_s0:2 -> g0_s1:1
[2026-06-22 18:15:30] MAC FLAP a6:08:49:a1:b7:91 g0_s0:1 -> g0_s1:2
[2026-06-22 18:15:30] MAC FLAP 62:a0:56:6e:7d:c2 g0_s0:3 -> g0_s1:2
[2026-06-22 18:15:30] MAC FLAP 86:e9:f9:a5:bf:8c g0_s0:3 -> g0_s1:2
[2026-06-22 18:15:31] MAC FLAP 92:e0:fa:df:41:3a g0_s0:3 -> g0_s1:2
[2026-06-22 18:15:31] MAC FLAP ee:d8:1f:c6:58:dc g0_s0:3 -> g0_s1:2
[2026-06-22 18:15:31] MAC FLAP 92:e0:fa:df:41:3a g0_s1:2 -> g1_s0:1
[2026-06-22 18:15:31] MAC FLAP a6:08:49:a1:b7:91 g0_s1:2 -> g1_s0:3
[2026-06-22 18:15:31] MAC FLAP 9e:15:46:6f:0b:de g0_s1:1 -> g1_s0:3
[2026-06-22 18:15:31] MAC FLAP 62:a0:56:6e:7d:c2 g0_s1:2 -> g1_s0:2
[2026-06-22 18:15:31] MAC FLAP 86:e9:f9:a5:bf:8c g0_s1:2 -> g1_s0:4
[2026-06-22 18:15:31] MAC FLAP ee:d8:1f:c6:58:dc g0_s1:2 -> g1_s0:4
[2026-06-22 18:15:31] MAC FLAP a6:08:49:a1:b7:91 g1_s0:3 -> g1_s1:2
[2026-06-22 18:15:31] MAC FLAP 9e:15:46:6f:0b:de g1_s0:3 -> g1_s1:2
[2026-06-22 18:15:31] MAC FLAP 92:e0:fa:df:41:3a g1_s0:1 -> g1_s1:2
[2026-06-22 18:15:31] MAC FLAP ee:d8:1f:c6:58:dc g1_s0:4 -> g1_s1:2
[2026-06-22 18:15:31] MAC FLAP 62:a0:56:6e:7d:c2 g1_s0:2 -> g1_s1:1
[2026-06-22 18:15:31] MAC FLAP 86:e9:f9:a5:bf:8c g1_s0:4 -> g1_s1:2
[2026-06-22 18:15:31] MAC FLAP 92:e0:fa:df:41:3a g1_s1:2 -> g2_s0:3
[2026-06-22 18:15:31] MAC FLAP a6:08:49:a1:b7:91 g1_s1:2 -> g2_s0:3
[2026-06-22 18:15:31] MAC FLAP 9e:15:46:6f:0b:de g1_s1:2 -> g2_s0:3
[2026-06-22 18:15:31] MAC FLAP 62:a0:56:6e:7d:c2 g1_s1:1 -> g2_s0:3
[2026-06-22 18:15:31] MAC FLAP 86:e9:f9:a5:bf:8c g1_s1:2 -> g2_s0:1
[2026-06-22 18:15:31] MAC FLAP ee:d8:1f:c6:58:dc g1_s1:2 -> g2_s0:2
[2026-06-22 18:15:31] MAC FLAP 92:e0:fa:df:41:3a g2_s0:3 -> g2_s1:2
[2026-06-22 18:15:31] MAC FLAP a6:08:49:a1:b7:91 g2_s0:3 -> g2_s1:2
[2026-06-22 18:15:31] MAC FLAP 9e:15:46:6f:0b:de g2_s0:3 -> g2_s1:2
[2026-06-22 18:15:31] MAC FLAP ee:d8:1f:c6:58:dc g2_s0:2 -> g2_s1:1
[2026-06-22 18:15:31] MAC FLAP 62:a0:56:6e:7d:c2 g2_s0:3 -> g2_s1:2
[2026-06-22 18:15:31] MAC FLAP 86:e9:f9:a5:bf:8c g2_s0:1 -> g2_s1:2
[2026-06-22 18:15:37] MAC FLAP a6:08:49:a1:b7:91 g2_s1:2 -> g0_s0:1
[2026-06-22 18:15:37] MAC FLAP 9e:15:46:6f:0b:de g2_s1:2 -> g0_s0:2
[2026-06-22 18:15:37] MAC FLAP 62:a0:56:6e:7d:c2 g2_s1:2 -> g0_s0:3
[2026-06-22 18:15:37] MAC FLAP 86:e9:f9:a5:bf:8c g2_s1:2 -> g0_s0:3
[2026-06-22 18:15:37] MAC FLAP 92:e0:fa:df:41:3a g2_s1:2 -> g0_s0:3
[2026-06-22 18:15:37] MAC FLAP ee:d8:1f:c6:58:dc g2_s1:1 -> g0_s0:3
[2026-06-22 18:15:37] MAC FLAP 9e:15:46:6f:0b:de g0_s0:2 -> g0_s1:1
[2026-06-22 18:15:37] MAC FLAP a6:08:49:a1:b7:91 g0_s0:1 -> g0_s1:2
[2026-06-22 18:15:37] MAC FLAP 62:a0:56:6e:7d:c2 g0_s0:3 -> g0_s1:2
[2026-06-22 18:15:37] MAC FLAP 86:e9:f9:a5:bf:8c g0_s0:3 -> g0_s1:2
[2026-06-22 18:15:37] MAC FLAP 92:e0:fa:df:41:3a g0_s0:3 -> g0_s1:2
[2026-06-22 18:15:37] MAC FLAP ee:d8:1f:c6:58:dc g0_s0:3 -> g0_s1:2
[2026-06-22 18:15:37] MAC FLAP 92:e0:fa:df:41:3a g0_s1:2 -> g1_s0:1
[2026-06-22 18:15:37] MAC FLAP a6:08:49:a1:b7:91 g0_s1:2 -> g1_s0:3
[2026-06-22 18:15:37] MAC FLAP 9e:15:46:6f:0b:de g0_s1:1 -> g1_s0:3
[2026-06-22 18:15:37] MAC FLAP 62:a0:56:6e:7d:c2 g0_s1:2 -> g1_s0:2
[2026-06-22 18:15:37] MAC FLAP 86:e9:f9:a5:bf:8c g0_s1:2 -> g1_s0:4
[2026-06-22 18:15:37] MAC FLAP ee:d8:1f:c6:58:dc g0_s1:2 -> g1_s0:4
[2026-06-22 18:15:37] MAC FLAP a6:08:49:a1:b7:91 g1_s0:3 -> g1_s1:2
[2026-06-22 18:15:37] MAC FLAP 9e:15:46:6f:0b:de g1_s0:3 -> g1_s1:2
[2026-06-22 18:15:37] MAC FLAP 92:e0:fa:df:41:3a g1_s0:1 -> g1_s1:2
[2026-06-22 18:15:37] MAC FLAP ee:d8:1f:c6:58:dc g1_s0:4 -> g1_s1:2
[2026-06-22 18:15:37] MAC FLAP 62:a0:56:6e:7d:c2 g1_s0:2 -> g1_s1:1
[2026-06-22 18:15:37] MAC FLAP 86:e9:f9:a5:bf:8c g1_s0:4 -> g1_s1:2
[2026-06-22 18:15:37] MAC FLAP 92:e0:fa:df:41:3a g1_s1:2 -> g2_s0:3
[2026-06-22 18:15:37] MAC FLAP a6:08:49:a1:b7:91 g1_s1:2 -> g2_s0:3
[2026-06-22 18:15:37] MAC FLAP 9e:15:46:6f:0b:de g1_s1:2 -> g2_s0:3
[2026-06-22 18:15:37] MAC FLAP 62:a0:56:6e:7d:c2 g1_s1:1 -> g2_s0:3
[2026-06-22 18:15:37] MAC FLAP 86:e9:f9:a5:bf:8c g1_s1:2 -> g2_s0:1
[2026-06-22 18:15:37] MAC FLAP ee:d8:1f:c6:58:dc g1_s1:2 -> g2_s0:2
[2026-06-22 18:15:37] MAC FLAP 92:e0:fa:df:41:3a g2_s0:3 -> g2_s1:2
[2026-06-22 18:15:37] MAC FLAP a6:08:49:a1:b7:91 g2_s0:3 -> g2_s1:2
[2026-06-22 18:15:37] MAC FLAP 9e:15:46:6f:0b:de g2_s0:3 -> g2_s1:2
[2026-06-22 18:15:37] MAC FLAP ee:d8:1f:c6:58:dc g2_s0:2 -> g2_s1:1
[2026-06-22 18:15:37] MAC FLAP 62:a0:56:6e:7d:c2 g2_s0:3 -> g2_s1:2
[2026-06-22 18:15:37] MAC FLAP 86:e9:f9:a5:bf:8c g2_s0:1 -> g2_s1:2
[2026-06-22 18:15:42] MAC FLAP a6:08:49:a1:b7:91 g2_s1:2 -> g0_s0:1
[2026-06-22 18:15:42] MAC FLAP 9e:15:46:6f:0b:de g2_s1:2 -> g0_s0:2
[2026-06-22 18:15:42] MAC FLAP 62:a0:56:6e:7d:c2 g2_s1:2 -> g0_s0:3
[2026-06-22 18:15:42] MAC FLAP 86:e9:f9:a5:bf:8c g2_s1:2 -> g0_s0:3
[2026-06-22 18:15:42] MAC FLAP 92:e0:fa:df:41:3a g2_s1:2 -> g0_s0:3
[2026-06-22 18:15:42] MAC FLAP ee:d8:1f:c6:58:dc g2_s1:1 -> g0_s0:3
[2026-06-22 18:15:42] MAC FLAP 9e:15:46:6f:0b:de g0_s0:2 -> g0_s1:1
[2026-06-22 18:15:42] MAC FLAP a6:08:49:a1:b7:91 g0_s0:1 -> g0_s1:2
[2026-06-22 18:15:42] MAC FLAP 62:a0:56:6e:7d:c2 g0_s0:3 -> g0_s1:2
[2026-06-22 18:15:42] MAC FLAP 86:e9:f9:a5:bf:8c g0_s0:3 -> g0_s1:2
[2026-06-22 18:15:42] MAC FLAP 92:e0:fa:df:41:3a g0_s0:3 -> g0_s1:2
[2026-06-22 18:15:42] MAC FLAP ee:d8:1f:c6:58:dc g0_s0:3 -> g0_s1:2
[2026-06-22 18:15:42] MAC FLAP 92:e0:fa:df:41:3a g0_s1:2 -> g1_s0:1
[2026-06-22 18:15:42] MAC FLAP a6:08:49:a1:b7:91 g0_s1:2 -> g1_s0:3
[2026-06-22 18:15:42] MAC FLAP 9e:15:46:6f:0b:de g0_s1:1 -> g1_s0:3
[2026-06-22 18:15:42] MAC FLAP 62:a0:56:6e:7d:c2 g0_s1:2 -> g1_s0:2
[2026-06-22 18:15:42] MAC FLAP 86:e9:f9:a5:bf:8c g0_s1:2 -> g1_s0:4
[2026-06-22 18:15:42] MAC FLAP ee:d8:1f:c6:58:dc g0_s1:2 -> g1_s0:4
[2026-06-22 18:15:42] MAC FLAP a6:08:49:a1:b7:91 g1_s0:3 -> g1_s1:2
[2026-06-22 18:15:42] MAC FLAP 9e:15:46:6f:0b:de g1_s0:3 -> g1_s1:2
[2026-06-22 18:15:42] MAC FLAP 92:e0:fa:df:41:3a g1_s0:1 -> g1_s1:2
[2026-06-22 18:15:42] MAC FLAP ee:d8:1f:c6:58:dc g1_s0:4 -> g1_s1:2
[2026-06-22 18:15:42] MAC FLAP 62:a0:56:6e:7d:c2 g1_s0:2 -> g1_s1:1
[2026-06-22 18:15:42] MAC FLAP 86:e9:f9:a5:bf:8c g1_s0:4 -> g1_s1:2
[2026-06-22 18:15:42] MAC FLAP 92:e0:fa:df:41:3a g1_s1:2 -> g2_s0:3
[2026-06-22 18:15:42] MAC FLAP a6:08:49:a1:b7:91 g1_s1:2 -> g2_s0:3
[2026-06-22 18:15:42] MAC FLAP 9e:15:46:6f:0b:de g1_s1:2 -> g2_s0:3
[2026-06-22 18:15:42] MAC FLAP 62:a0:56:6e:7d:c2 g1_s1:1 -> g2_s0:3
[2026-06-22 18:15:42] MAC FLAP 86:e9:f9:a5:bf:8c g1_s1:2 -> g2_s0:1
[2026-06-22 18:15:42] MAC FLAP ee:d8:1f:c6:58:dc g1_s1:2 -> g2_s0:2
[2026-06-22 18:15:42] MAC FLAP 92:e0:fa:df:41:3a g2_s0:3 -> g2_s1:2
[2026-06-22 18:15:42] MAC FLAP a6:08:49:a1:b7:91 g2_s0:3 -> g2_s1:2
[2026-06-22 18:15:42] MAC FLAP 9e:15:46:6f:0b:de g2_s0:3 -> g2_s1:2
[2026-06-22 18:15:42] MAC FLAP ee:d8:1f:c6:58:dc g2_s0:2 -> g2_s1:1
[2026-06-22 18:15:42] MAC FLAP 62:a0:56:6e:7d:c2 g2_s0:3 -> g2_s1:2
[2026-06-22 18:15:42] MAC FLAP 86:e9:f9:a5:bf:8c g2_s0:1 -> g2_s1:2
[2026-06-22 18:15:47] MAC FLAP a6:08:49:a1:b7:91 g2_s1:2 -> g0_s0:1
[2026-06-22 18:15:47] MAC FLAP 9e:15:46:6f:0b:de g2_s1:2 -> g0_s0:2
[2026-06-22 18:15:47] MAC FLAP 62:a0:56:6e:7d:c2 g2_s1:2 -> g0_s0:3
[2026-06-22 18:15:47] MAC FLAP 86:e9:f9:a5:bf:8c g2_s1:2 -> g0_s0:3
[2026-06-22 18:15:47] MAC FLAP 92:e0:fa:df:41:3a g2_s1:2 -> g0_s0:3
[2026-06-22 18:15:47] MAC FLAP ee:d8:1f:c6:58:dc g2_s1:1 -> g0_s0:3
[2026-06-22 18:15:47] MAC FLAP 9e:15:46:6f:0b:de g0_s0:2 -> g0_s1:1
[2026-06-22 18:15:47] MAC FLAP a6:08:49:a1:b7:91 g0_s0:1 -> g0_s1:2
[2026-06-22 18:15:47] MAC FLAP 62:a0:56:6e:7d:c2 g0_s0:3 -> g0_s1:2
[2026-06-22 18:15:47] MAC FLAP 86:e9:f9:a5:bf:8c g0_s0:3 -> g0_s1:2
[2026-06-22 18:15:47] MAC FLAP 92:e0:fa:df:41:3a g0_s0:3 -> g0_s1:2
[2026-06-22 18:15:47] MAC FLAP ee:d8:1f:c6:58:dc g0_s0:3 -> g0_s1:2
[2026-06-22 18:15:47] MAC FLAP 92:e0:fa:df:41:3a g0_s1:2 -> g1_s0:1
[2026-06-22 18:15:47] MAC FLAP a6:08:49:a1:b7:91 g0_s1:2 -> g1_s0:3
[2026-06-22 18:15:47] MAC FLAP 9e:15:46:6f:0b:de g0_s1:1 -> g1_s0:3
[2026-06-22 18:15:47] MAC FLAP 62:a0:56:6e:7d:c2 g0_s1:2 -> g1_s0:2
[2026-06-22 18:15:47] MAC FLAP 86:e9:f9:a5:bf:8c g0_s1:2 -> g1_s0:4
[2026-06-22 18:15:47] MAC FLAP ee:d8:1f:c6:58:dc g0_s1:2 -> g1_s0:4
[2026-06-22 18:15:47] MAC FLAP a6:08:49:a1:b7:91 g1_s0:3 -> g1_s1:2
[2026-06-22 18:15:47] MAC FLAP 9e:15:46:6f:0b:de g1_s0:3 -> g1_s1:2
[2026-06-22 18:15:47] MAC FLAP 92:e0:fa:df:41:3a g1_s0:1 -> g1_s1:2
[2026-06-22 18:15:47] MAC FLAP ee:d8:1f:c6:58:dc g1_s0:4 -> g1_s1:2
[2026-06-22 18:15:47] MAC FLAP 62:a0:56:6e:7d:c2 g1_s0:2 -> g1_s1:1
[2026-06-22 18:15:47] MAC FLAP 86:e9:f9:a5:bf:8c g1_s0:4 -> g1_s1:2
[2026-06-22 18:15:47] MAC FLAP 92:e0:fa:df:41:3a g1_s1:2 -> g2_s0:3
[2026-06-22 18:15:47] MAC FLAP a6:08:49:a1:b7:91 g1_s1:2 -> g2_s0:3
[2026-06-22 18:15:47] MAC FLAP 9e:15:46:6f:0b:de g1_s1:2 -> g2_s0:3
[2026-06-22 18:15:47] MAC FLAP 62:a0:56:6e:7d:c2 g1_s1:1 -> g2_s0:3
[2026-06-22 18:15:47] MAC FLAP 86:e9:f9:a5:bf:8c g1_s1:2 -> g2_s0:1
[2026-06-22 18:15:47] MAC FLAP ee:d8:1f:c6:58:dc g1_s1:2 -> g2_s0:2
[2026-06-22 18:15:47] MAC FLAP 92:e0:fa:df:41:3a g2_s0:3 -> g2_s1:2
[2026-06-22 18:15:47] MAC FLAP a6:08:49:a1:b7:91 g2_s0:3 -> g2_s1:2
[2026-06-22 18:15:47] MAC FLAP 9e:15:46:6f:0b:de g2_s0:3 -> g2_s1:2
[2026-06-22 18:15:47] MAC FLAP ee:d8:1f:c6:58:dc g2_s0:2 -> g2_s1:1
[2026-06-22 18:15:47] MAC FLAP 62:a0:56:6e:7d:c2 g2_s0:3 -> g2_s1:2
[2026-06-22 18:15:47] MAC FLAP 86:e9:f9:a5:bf:8c g2_s0:1 -> g2_s1:2
[2026-06-22 18:15:52] MAC FLAP a6:08:49:a1:b7:91 g2_s1:2 -> g0_s0:1
[2026-06-22 18:15:52] MAC FLAP 9e:15:46:6f:0b:de g2_s1:2 -> g0_s0:2
[2026-06-22 18:15:52] MAC FLAP 62:a0:56:6e:7d:c2 g2_s1:2 -> g0_s0:3
[2026-06-22 18:15:52] MAC FLAP 86:e9:f9:a5:bf:8c g2_s1:2 -> g0_s0:3
[2026-06-22 18:15:52] MAC FLAP 92:e0:fa:df:41:3a g2_s1:2 -> g0_s0:3
[2026-06-22 18:15:52] MAC FLAP ee:d8:1f:c6:58:dc g2_s1:1 -> g0_s0:3
[2026-06-22 18:15:52] MAC FLAP 9e:15:46:6f:0b:de g0_s0:2 -> g0_s1:1
[2026-06-22 18:15:52] MAC FLAP a6:08:49:a1:b7:91 g0_s0:1 -> g0_s1:2
[2026-06-22 18:15:52] MAC FLAP 62:a0:56:6e:7d:c2 g0_s0:3 -> g0_s1:2
[2026-06-22 18:15:52] MAC FLAP 86:e9:f9:a5:bf:8c g0_s0:3 -> g0_s1:2
[2026-06-22 18:15:52] MAC FLAP 92:e0:fa:df:41:3a g0_s0:3 -> g0_s1:2
[2026-06-22 18:15:52] MAC FLAP ee:d8:1f:c6:58:dc g0_s0:3 -> g0_s1:2
[2026-06-22 18:15:52] MAC FLAP 92:e0:fa:df:41:3a g0_s1:2 -> g1_s0:1
[2026-06-22 18:15:52] MAC FLAP a6:08:49:a1:b7:91 g0_s1:2 -> g1_s0:3
[2026-06-22 18:15:52] MAC FLAP 9e:15:46:6f:0b:de g0_s1:1 -> g1_s0:3
[2026-06-22 18:15:52] MAC FLAP 62:a0:56:6e:7d:c2 g0_s1:2 -> g1_s0:2
[2026-06-22 18:15:52] MAC FLAP 86:e9:f9:a5:bf:8c g0_s1:2 -> g1_s0:4
[2026-06-22 18:15:52] MAC FLAP ee:d8:1f:c6:58:dc g0_s1:2 -> g1_s0:4
[2026-06-22 18:15:52] MAC FLAP a6:08:49:a1:b7:91 g1_s0:3 -> g1_s1:2
[2026-06-22 18:15:52] MAC FLAP 9e:15:46:6f:0b:de g1_s0:3 -> g1_s1:2
[2026-06-22 18:15:52] MAC FLAP 92:e0:fa:df:41:3a g1_s0:1 -> g1_s1:2
[2026-06-22 18:15:52] MAC FLAP ee:d8:1f:c6:58:dc g1_s0:4 -> g1_s1:2
[2026-06-22 18:15:52] MAC FLAP 62:a0:56:6e:7d:c2 g1_s0:2 -> g1_s1:1
[2026-06-22 18:15:52] MAC FLAP 86:e9:f9:a5:bf:8c g1_s0:4 -> g1_s1:2
[2026-06-22 18:15:52] MAC FLAP 92:e0:fa:df:41:3a g1_s1:2 -> g2_s0:3
[2026-06-22 18:15:52] MAC FLAP a6:08:49:a1:b7:91 g1_s1:2 -> g2_s0:3
[2026-06-22 18:15:52] MAC FLAP 9e:15:46:6f:0b:de g1_s1:2 -> g2_s0:3
[2026-06-22 18:15:52] MAC FLAP 62:a0:56:6e:7d:c2 g1_s1:1 -> g2_s0:3
[2026-06-22 18:15:52] MAC FLAP 86:e9:f9:a5:bf:8c g1_s1:2 -> g2_s0:1
[2026-06-22 18:15:52] MAC FLAP ee:d8:1f:c6:58:dc g1_s1:2 -> g2_s0:2
[2026-06-22 18:15:52] MAC FLAP 92:e0:fa:df:41:3a g2_s0:3 -> g2_s1:2
[2026-06-22 18:15:52] MAC FLAP a6:08:49:a1:b7:91 g2_s0:3 -> g2_s1:2
[2026-06-22 18:15:52] MAC FLAP 9e:15:46:6f:0b:de g2_s0:3 -> g2_s1:2
[2026-06-22 18:15:52] MAC FLAP ee:d8:1f:c6:58:dc g2_s0:2 -> g2_s1:1
[2026-06-22 18:15:52] MAC FLAP 62:a0:56:6e:7d:c2 g2_s0:3 -> g2_s1:2
[2026-06-22 18:15:52] MAC FLAP 86:e9:f9:a5:bf:8c g2_s0:1 -> g2_s1:2
[2026-06-22 18:20:25] Baseline snapshot created (0 entries)
[2026-06-22 18:20:25] LEARNED 3e:be:ce:30:c7:ce -> g2_s0:3
[2026-06-22 18:20:31] LEARNED 16:20:25:54:1a:6e -> g0_s0:3
[2026-06-22 18:20:31] LEARNED 6e:a7:46:fb:98:1c -> g0_s0:2
[2026-06-22 18:20:31] LEARNED ce:63:3f:42:b5:98 -> g0_s0:1
[2026-06-22 18:20:31] LEARNED 7e:35:62:c8:a1:c4 -> g0_s1:2
[2026-06-22 18:20:31] LEARNED 12:be:b0:77:3b:8c -> g0_s1:1
[2026-06-22 18:20:31] LEARNED 46:7f:38:75:da:b0 -> g1_s0:2
[2026-06-22 18:20:31] LEARNED 36:d6:c3:a1:1b:bc -> g1_s0:3
[2026-06-22 18:20:31] LEARNED 42:68:37:cc:76:27 -> g1_s0:4
[2026-06-22 18:20:31] LEARNED 62:e1:ee:fb:20:c7 -> g1_s1:2
[2026-06-22 18:20:31] LEARNED ee:da:c5:7c:65:6e -> g2_s0:2
[2026-06-22 18:20:31] LEARNED 0a:7e:1e:ee:8a:f5 -> g2_s1:2
[2026-06-22 18:20:52] Baseline snapshot created (0 entries)
[2026-06-22 18:20:52] LEARNED 0a:7e:1e:ee:8a:f5 -> g2_s1:2
[2026-06-22 18:20:52] LEARNED 3e:be:ce:30:c7:ce -> g2_s1:2
[2026-06-22 18:20:52] LEARNED 46:7f:38:75:da:b0 -> g2_s1:2
[2026-06-22 18:20:52] LEARNED 36:d6:c3:a1:1b:bc -> g2_s1:2
[2026-06-22 18:20:52] LEARNED 6e:a7:46:fb:98:1c -> g2_s1:2
[2026-06-22 18:20:52] LEARNED fa:e9:c8:db:bd:f5 -> g2_s1:1
[2026-06-22 18:20:52] LEARNED de:ba:2d:b3:74:c2 -> g2_s1:2
[2026-06-22 18:20:52] LEARNED ba:76:e7:1f:d0:2f -> g2_s1:2
[2026-06-22 18:20:52] LEARNED ce:66:35:af:d4:15 -> g2_s1:2
[2026-06-22 18:20:52] LEARNED 12:be:b0:77:3b:8c -> g2_s1:2
[2026-06-22 18:20:52] LEARNED ce:63:3f:42:b5:98 -> g2_s1:2
[2026-06-22 18:21:19] MAC FLAP ce:66:35:af:d4:15 g2_s1:2 -> g0_s0:3
[2026-06-22 18:21:19] MAC FLAP 12:be:b0:77:3b:8c g2_s1:2 -> g0_s0:2
[2026-06-22 18:21:19] MAC FLAP fa:e9:c8:db:bd:f5 g2_s1:1 -> g0_s0:3
[2026-06-22 18:21:19] MAC FLAP ce:66:35:af:d4:15 g0_s0:3 -> g0_s1:2
[2026-06-22 18:21:19] MAC FLAP 12:be:b0:77:3b:8c g0_s0:2 -> g0_s1:1
[2026-06-22 18:21:19] MAC FLAP fa:e9:c8:db:bd:f5 g0_s0:3 -> g0_s1:2
[2026-06-22 18:21:19] MAC FLAP ce:66:35:af:d4:15 g0_s1:2 -> g1_s0:2
[2026-06-22 18:21:19] MAC FLAP 12:be:b0:77:3b:8c g0_s1:1 -> g1_s0:3
[2026-06-22 18:21:19] MAC FLAP fa:e9:c8:db:bd:f5 g0_s1:2 -> g1_s0:4
[2026-06-22 18:21:19] MAC FLAP ce:66:35:af:d4:15 g1_s0:2 -> g1_s1:1
[2026-06-22 18:21:19] MAC FLAP 12:be:b0:77:3b:8c g1_s0:3 -> g1_s1:2
[2026-06-22 18:21:19] MAC FLAP ce:66:35:af:d4:15 g1_s1:1 -> g2_s0:3
[2026-06-22 18:21:19] MAC FLAP 12:be:b0:77:3b:8c g1_s1:2 -> g2_s0:3
[2026-06-22 18:21:19] MAC FLAP fa:e9:c8:db:bd:f5 g1_s0:4 -> g2_s0:2
[2026-06-22 18:21:19] MAC FLAP ce:66:35:af:d4:15 g2_s0:3 -> g2_s1:2
[2026-06-22 18:21:19] MAC FLAP 12:be:b0:77:3b:8c g2_s0:3 -> g2_s1:2
[2026-06-22 18:21:19] MAC FLAP fa:e9:c8:db:bd:f5 g2_s0:2 -> g2_s1:1
[2026-06-22 18:21:24] MAC FLAP 46:7f:38:75:da:b0 g2_s1:2 -> g0_s0:3
[2026-06-22 18:21:24] MAC FLAP ba:76:e7:1f:d0:2f g2_s1:2 -> g0_s0:3
[2026-06-22 18:21:24] MAC FLAP fa:e9:c8:db:bd:f5 g2_s1:1 -> g0_s0:3
[2026-06-22 18:21:24] MAC FLAP 12:be:b0:77:3b:8c g2_s1:2 -> g0_s0:2
[2026-06-22 18:21:24] MAC FLAP 46:7f:38:75:da:b0 g0_s0:3 -> g0_s1:2
[2026-06-22 18:21:24] MAC FLAP ba:76:e7:1f:d0:2f g0_s0:3 -> g0_s1:2
[2026-06-22 18:21:24] MAC FLAP 12:be:b0:77:3b:8c g0_s0:2 -> g0_s1:1
[2026-06-22 18:21:24] MAC FLAP fa:e9:c8:db:bd:f5 g0_s0:3 -> g0_s1:2
[2026-06-22 18:21:24] MAC FLAP 46:7f:38:75:da:b0 g0_s1:2 -> g1_s0:2
[2026-06-22 18:21:24] MAC FLAP ba:76:e7:1f:d0:2f g0_s1:2 -> g1_s0:4
[2026-06-22 18:21:24] MAC FLAP fa:e9:c8:db:bd:f5 g0_s1:2 -> g1_s0:4
[2026-06-22 18:21:24] MAC FLAP 12:be:b0:77:3b:8c g0_s1:1 -> g1_s0:3
[2026-06-22 18:21:24] MAC FLAP fa:e9:c8:db:bd:f5 g1_s0:4 -> g1_s1:2
[2026-06-22 18:21:24] MAC FLAP 12:be:b0:77:3b:8c g1_s0:3 -> g1_s1:2
[2026-06-22 18:21:24] MAC FLAP ba:76:e7:1f:d0:2f g1_s0:4 -> g1_s1:2
[2026-06-22 18:21:24] MAC FLAP 3e:be:ce:30:c7:ce g2_s1:2 -> g2_s0:3
[2026-06-22 18:21:24] MAC FLAP 46:7f:38:75:da:b0 g1_s0:2 -> g2_s0:3
[2026-06-22 18:21:24] MAC FLAP ba:76:e7:1f:d0:2f g1_s1:2 -> g2_s0:1
[2026-06-22 18:21:24] MAC FLAP 12:be:b0:77:3b:8c g1_s1:2 -> g2_s0:3
[2026-06-22 18:21:24] MAC FLAP fa:e9:c8:db:bd:f5 g1_s1:2 -> g2_s0:2
[2026-06-22 18:21:24] MAC FLAP 3e:be:ce:30:c7:ce g2_s0:3 -> g2_s1:2
[2026-06-22 18:21:24] MAC FLAP 46:7f:38:75:da:b0 g2_s0:3 -> g2_s1:2
[2026-06-22 18:21:24] MAC FLAP ba:76:e7:1f:d0:2f g2_s0:1 -> g2_s1:2
[2026-06-22 18:21:24] MAC FLAP 12:be:b0:77:3b:8c g2_s0:3 -> g2_s1:2
[2026-06-22 18:21:24] MAC FLAP fa:e9:c8:db:bd:f5 g2_s0:2 -> g2_s1:1
[2026-06-22 18:21:29] MAC FLAP 46:7f:38:75:da:b0 g2_s1:2 -> g0_s0:3
[2026-06-22 18:21:29] MAC FLAP ba:76:e7:1f:d0:2f g2_s1:2 -> g0_s0:3
[2026-06-22 18:21:29] MAC FLAP fa:e9:c8:db:bd:f5 g2_s1:1 -> g0_s0:3
[2026-06-22 18:21:29] MAC FLAP 12:be:b0:77:3b:8c g2_s1:2 -> g0_s0:2
[2026-06-22 18:21:29] MAC FLAP 46:7f:38:75:da:b0 g0_s0:3 -> g0_s1:2
[2026-06-22 18:21:29] MAC FLAP ba:76:e7:1f:d0:2f g0_s0:3 -> g0_s1:2
[2026-06-22 18:21:29] MAC FLAP 12:be:b0:77:3b:8c g0_s0:2 -> g0_s1:1
[2026-06-22 18:21:29] MAC FLAP fa:e9:c8:db:bd:f5 g0_s0:3 -> g0_s1:2
[2026-06-22 18:21:29] MAC FLAP 46:7f:38:75:da:b0 g0_s1:2 -> g1_s0:2
[2026-06-22 18:21:29] MAC FLAP ba:76:e7:1f:d0:2f g0_s1:2 -> g1_s0:4
[2026-06-22 18:21:29] MAC FLAP fa:e9:c8:db:bd:f5 g0_s1:2 -> g1_s0:4
[2026-06-22 18:21:29] MAC FLAP 12:be:b0:77:3b:8c g0_s1:1 -> g1_s0:3
[2026-06-22 18:21:29] MAC FLAP fa:e9:c8:db:bd:f5 g1_s0:4 -> g1_s1:2
[2026-06-22 18:21:29] MAC FLAP ba:76:e7:1f:d0:2f g1_s0:4 -> g1_s1:2
[2026-06-22 18:21:29] MAC FLAP 12:be:b0:77:3b:8c g1_s0:3 -> g1_s1:2
[2026-06-22 18:21:29] MAC FLAP 3e:be:ce:30:c7:ce g2_s1:2 -> g2_s0:3
[2026-06-22 18:21:29] MAC FLAP 46:7f:38:75:da:b0 g1_s0:2 -> g2_s0:3
[2026-06-22 18:21:29] MAC FLAP ba:76:e7:1f:d0:2f g1_s1:2 -> g2_s0:1
[2026-06-22 18:21:29] MAC FLAP 12:be:b0:77:3b:8c g1_s1:2 -> g2_s0:3
[2026-06-22 18:21:29] MAC FLAP fa:e9:c8:db:bd:f5 g1_s1:2 -> g2_s0:2
[2026-06-22 18:21:29] MAC FLAP 3e:be:ce:30:c7:ce g2_s0:3 -> g2_s1:2
[2026-06-22 18:21:29] MAC FLAP 46:7f:38:75:da:b0 g2_s0:3 -> g2_s1:2
[2026-06-22 18:21:29] MAC FLAP ba:76:e7:1f:d0:2f g2_s0:1 -> g2_s1:2
[2026-06-22 18:21:29] MAC FLAP 12:be:b0:77:3b:8c g2_s0:3 -> g2_s1:2
[2026-06-22 18:21:29] MAC FLAP fa:e9:c8:db:bd:f5 g2_s0:2 -> g2_s1:1
[2026-06-22 18:21:34] MAC FLAP 46:7f:38:75:da:b0 g2_s1:2 -> g0_s0:3
[2026-06-22 18:21:34] MAC FLAP ba:76:e7:1f:d0:2f g2_s1:2 -> g0_s0:3
[2026-06-22 18:21:34] MAC FLAP fa:e9:c8:db:bd:f5 g2_s1:1 -> g0_s0:3
[2026-06-22 18:21:34] MAC FLAP 12:be:b0:77:3b:8c g2_s1:2 -> g0_s0:2
[2026-06-22 18:21:34] MAC FLAP 46:7f:38:75:da:b0 g0_s0:3 -> g0_s1:2
[2026-06-22 18:21:34] MAC FLAP ba:76:e7:1f:d0:2f g0_s0:3 -> g0_s1:2
[2026-06-22 18:21:34] MAC FLAP 12:be:b0:77:3b:8c g0_s0:2 -> g0_s1:1
[2026-06-22 18:21:34] MAC FLAP fa:e9:c8:db:bd:f5 g0_s0:3 -> g0_s1:2
[2026-06-22 18:21:34] MAC FLAP 46:7f:38:75:da:b0 g0_s1:2 -> g1_s0:2
[2026-06-22 18:21:34] MAC FLAP ba:76:e7:1f:d0:2f g0_s1:2 -> g1_s0:4
[2026-06-22 18:21:34] MAC FLAP fa:e9:c8:db:bd:f5 g0_s1:2 -> g1_s0:4
[2026-06-22 18:21:34] MAC FLAP 12:be:b0:77:3b:8c g0_s1:1 -> g1_s0:3
[2026-06-22 18:21:34] MAC FLAP fa:e9:c8:db:bd:f5 g1_s0:4 -> g1_s1:2
[2026-06-22 18:21:34] MAC FLAP ba:76:e7:1f:d0:2f g1_s0:4 -> g1_s1:2
[2026-06-22 18:21:34] MAC FLAP 12:be:b0:77:3b:8c g1_s0:3 -> g1_s1:2
[2026-06-22 18:21:34] MAC FLAP 3e:be:ce:30:c7:ce g2_s1:2 -> g2_s0:3
[2026-06-22 18:21:34] MAC FLAP 46:7f:38:75:da:b0 g1_s0:2 -> g2_s0:3
[2026-06-22 18:21:34] MAC FLAP ba:76:e7:1f:d0:2f g1_s1:2 -> g2_s0:1
[2026-06-22 18:21:34] MAC FLAP 12:be:b0:77:3b:8c g1_s1:2 -> g2_s0:3
[2026-06-22 18:21:34] MAC FLAP fa:e9:c8:db:bd:f5 g1_s1:2 -> g2_s0:2
[2026-06-22 18:21:34] MAC FLAP 3e:be:ce:30:c7:ce g2_s0:3 -> g2_s1:2
[2026-06-22 18:21:34] MAC FLAP 46:7f:38:75:da:b0 g2_s0:3 -> g2_s1:2
[2026-06-22 18:21:34] MAC FLAP ba:76:e7:1f:d0:2f g2_s0:1 -> g2_s1:2
[2026-06-22 18:21:34] MAC FLAP 12:be:b0:77:3b:8c g2_s0:3 -> g2_s1:2
[2026-06-22 18:21:34] MAC FLAP fa:e9:c8:db:bd:f5 g2_s0:2 -> g2_s1:1
[2026-06-22 18:21:39] MAC FLAP 46:7f:38:75:da:b0 g2_s1:2 -> g0_s0:3
[2026-06-22 18:21:39] MAC FLAP ba:76:e7:1f:d0:2f g2_s1:2 -> g0_s0:3
[2026-06-22 18:21:39] MAC FLAP fa:e9:c8:db:bd:f5 g2_s1:1 -> g0_s0:3
[2026-06-22 18:21:39] MAC FLAP 12:be:b0:77:3b:8c g2_s1:2 -> g0_s0:2
[2026-06-22 18:21:39] MAC FLAP 46:7f:38:75:da:b0 g0_s0:3 -> g0_s1:2
[2026-06-22 18:21:39] MAC FLAP ba:76:e7:1f:d0:2f g0_s0:3 -> g0_s1:2
[2026-06-22 18:21:39] MAC FLAP 12:be:b0:77:3b:8c g0_s0:2 -> g0_s1:1
[2026-06-22 18:21:39] MAC FLAP fa:e9:c8:db:bd:f5 g0_s0:3 -> g0_s1:2
[2026-06-22 18:21:39] MAC FLAP 46:7f:38:75:da:b0 g0_s1:2 -> g1_s0:2
[2026-06-22 18:21:39] MAC FLAP ba:76:e7:1f:d0:2f g0_s1:2 -> g1_s0:4
[2026-06-22 18:21:39] MAC FLAP fa:e9:c8:db:bd:f5 g0_s1:2 -> g1_s0:4
[2026-06-22 18:21:39] MAC FLAP 12:be:b0:77:3b:8c g0_s1:1 -> g1_s0:3
[2026-06-22 18:21:39] MAC FLAP fa:e9:c8:db:bd:f5 g1_s0:4 -> g1_s1:2
[2026-06-22 18:21:39] MAC FLAP ba:76:e7:1f:d0:2f g1_s0:4 -> g1_s1:2
[2026-06-22 18:21:39] MAC FLAP 12:be:b0:77:3b:8c g1_s0:3 -> g1_s1:2
[2026-06-22 18:21:39] MAC FLAP 3e:be:ce:30:c7:ce g2_s1:2 -> g2_s0:3
[2026-06-22 18:21:39] MAC FLAP 46:7f:38:75:da:b0 g1_s0:2 -> g2_s0:3
[2026-06-22 18:21:39] MAC FLAP ba:76:e7:1f:d0:2f g1_s1:2 -> g2_s0:1
[2026-06-22 18:21:39] MAC FLAP 12:be:b0:77:3b:8c g1_s1:2 -> g2_s0:3
[2026-06-22 18:21:39] MAC FLAP fa:e9:c8:db:bd:f5 g1_s1:2 -> g2_s0:2
[2026-06-22 18:21:39] MAC FLAP 3e:be:ce:30:c7:ce g2_s0:3 -> g2_s1:2
[2026-06-22 18:21:39] MAC FLAP 46:7f:38:75:da:b0 g2_s0:3 -> g2_s1:2
[2026-06-22 18:21:39] MAC FLAP ba:76:e7:1f:d0:2f g2_s0:1 -> g2_s1:2
[2026-06-22 18:21:39] MAC FLAP 12:be:b0:77:3b:8c g2_s0:3 -> g2_s1:2
[2026-06-22 18:21:39] MAC FLAP fa:e9:c8:db:bd:f5 g2_s0:2 -> g2_s1:1
[2026-06-22 18:21:44] MAC FLAP 46:7f:38:75:da:b0 g2_s1:2 -> g0_s0:3
[2026-06-22 18:21:44] MAC FLAP ba:76:e7:1f:d0:2f g2_s1:2 -> g0_s0:3
[2026-06-22 18:21:44] MAC FLAP fa:e9:c8:db:bd:f5 g2_s1:1 -> g0_s0:3
[2026-06-22 18:21:44] MAC FLAP 12:be:b0:77:3b:8c g2_s1:2 -> g0_s0:2
[2026-06-22 18:21:44] MAC FLAP 46:7f:38:75:da:b0 g0_s0:3 -> g0_s1:2
[2026-06-22 18:21:44] MAC FLAP ba:76:e7:1f:d0:2f g0_s0:3 -> g0_s1:2
[2026-06-22 18:21:44] MAC FLAP 12:be:b0:77:3b:8c g0_s0:2 -> g0_s1:1
[2026-06-22 18:21:44] MAC FLAP fa:e9:c8:db:bd:f5 g0_s0:3 -> g0_s1:2
[2026-06-22 18:21:44] MAC FLAP 46:7f:38:75:da:b0 g0_s1:2 -> g1_s0:2
[2026-06-22 18:21:44] MAC FLAP ba:76:e7:1f:d0:2f g0_s1:2 -> g1_s0:4
[2026-06-22 18:21:44] MAC FLAP fa:e9:c8:db:bd:f5 g0_s1:2 -> g1_s0:4
[2026-06-22 18:21:44] MAC FLAP 12:be:b0:77:3b:8c g0_s1:1 -> g1_s0:3
[2026-06-22 18:21:44] MAC FLAP fa:e9:c8:db:bd:f5 g1_s0:4 -> g1_s1:2
[2026-06-22 18:21:44] MAC FLAP ba:76:e7:1f:d0:2f g1_s0:4 -> g1_s1:2
[2026-06-22 18:21:44] MAC FLAP 12:be:b0:77:3b:8c g1_s0:3 -> g1_s1:2
[2026-06-22 18:21:44] MAC FLAP 3e:be:ce:30:c7:ce g2_s1:2 -> g2_s0:3
[2026-06-22 18:21:44] MAC FLAP 46:7f:38:75:da:b0 g1_s0:2 -> g2_s0:3
[2026-06-22 18:21:44] MAC FLAP ba:76:e7:1f:d0:2f g1_s1:2 -> g2_s0:1
[2026-06-22 18:21:44] MAC FLAP 12:be:b0:77:3b:8c g1_s1:2 -> g2_s0:3
[2026-06-22 18:21:44] MAC FLAP fa:e9:c8:db:bd:f5 g1_s1:2 -> g2_s0:2
[2026-06-22 18:21:44] MAC FLAP 3e:be:ce:30:c7:ce g2_s0:3 -> g2_s1:2
[2026-06-22 18:21:44] MAC FLAP 46:7f:38:75:da:b0 g2_s0:3 -> g2_s1:2
[2026-06-22 18:21:44] MAC FLAP ba:76:e7:1f:d0:2f g2_s0:1 -> g2_s1:2
[2026-06-22 18:21:44] MAC FLAP 12:be:b0:77:3b:8c g2_s0:3 -> g2_s1:2
[2026-06-22 18:21:44] MAC FLAP fa:e9:c8:db:bd:f5 g2_s0:2 -> g2_s1:1
[2026-06-22 18:21:51] MAC FLAP 46:7f:38:75:da:b0 g2_s1:2 -> g0_s0:3
[2026-06-22 18:21:51] MAC FLAP ba:76:e7:1f:d0:2f g2_s1:2 -> g0_s0:3
[2026-06-22 18:21:51] MAC FLAP fa:e9:c8:db:bd:f5 g2_s1:1 -> g0_s0:3
[2026-06-22 18:21:51] MAC FLAP 12:be:b0:77:3b:8c g2_s1:2 -> g0_s0:2
[2026-06-22 18:21:51] MAC FLAP 46:7f:38:75:da:b0 g0_s0:3 -> g0_s1:2
[2026-06-22 18:21:51] MAC FLAP ba:76:e7:1f:d0:2f g0_s0:3 -> g0_s1:2
[2026-06-22 18:21:51] MAC FLAP 12:be:b0:77:3b:8c g0_s0:2 -> g0_s1:1
[2026-06-22 18:21:51] MAC FLAP fa:e9:c8:db:bd:f5 g0_s0:3 -> g0_s1:2
[2026-06-22 18:21:51] MAC FLAP 46:7f:38:75:da:b0 g0_s1:2 -> g1_s0:2
[2026-06-22 18:21:51] MAC FLAP ba:76:e7:1f:d0:2f g0_s1:2 -> g1_s0:4
[2026-06-22 18:21:51] MAC FLAP fa:e9:c8:db:bd:f5 g0_s1:2 -> g1_s0:4
[2026-06-22 18:21:51] MAC FLAP 12:be:b0:77:3b:8c g0_s1:1 -> g1_s0:3
[2026-06-22 18:21:51] MAC FLAP fa:e9:c8:db:bd:f5 g1_s0:4 -> g1_s1:2
[2026-06-22 18:21:51] MAC FLAP ba:76:e7:1f:d0:2f g1_s0:4 -> g1_s1:2
[2026-06-22 18:21:51] MAC FLAP 12:be:b0:77:3b:8c g1_s0:3 -> g1_s1:2
[2026-06-22 18:21:51] MAC FLAP 3e:be:ce:30:c7:ce g2_s1:2 -> g2_s0:3
[2026-06-22 18:21:51] MAC FLAP 46:7f:38:75:da:b0 g1_s0:2 -> g2_s0:3
[2026-06-22 18:21:51] MAC FLAP ba:76:e7:1f:d0:2f g1_s1:2 -> g2_s0:1
[2026-06-22 18:21:51] MAC FLAP 12:be:b0:77:3b:8c g1_s1:2 -> g2_s0:3
[2026-06-22 18:21:51] MAC FLAP fa:e9:c8:db:bd:f5 g1_s1:2 -> g2_s0:2
[2026-06-22 18:21:51] MAC FLAP 3e:be:ce:30:c7:ce g2_s0:3 -> g2_s1:2
[2026-06-22 18:21:51] MAC FLAP 46:7f:38:75:da:b0 g2_s0:3 -> g2_s1:2
[2026-06-22 18:21:51] MAC FLAP ba:76:e7:1f:d0:2f g2_s0:1 -> g2_s1:2
[2026-06-22 18:21:51] MAC FLAP 12:be:b0:77:3b:8c g2_s0:3 -> g2_s1:2
[2026-06-22 18:21:51] MAC FLAP fa:e9:c8:db:bd:f5 g2_s0:2 -> g2_s1:1
[2026-06-22 18:21:56] MAC FLAP 46:7f:38:75:da:b0 g2_s1:2 -> g0_s0:3
[2026-06-22 18:21:56] MAC FLAP ba:76:e7:1f:d0:2f g2_s1:2 -> g0_s0:3
[2026-06-22 18:21:56] MAC FLAP fa:e9:c8:db:bd:f5 g2_s1:1 -> g0_s0:3
[2026-06-22 18:21:56] MAC FLAP 12:be:b0:77:3b:8c g2_s1:2 -> g0_s0:2
[2026-06-22 18:21:56] MAC FLAP 46:7f:38:75:da:b0 g0_s0:3 -> g0_s1:2
[2026-06-22 18:21:56] MAC FLAP ba:76:e7:1f:d0:2f g0_s0:3 -> g0_s1:2
[2026-06-22 18:21:56] MAC FLAP 12:be:b0:77:3b:8c g0_s0:2 -> g0_s1:1
[2026-06-22 18:21:56] MAC FLAP fa:e9:c8:db:bd:f5 g0_s0:3 -> g0_s1:2
[2026-06-22 18:21:56] MAC FLAP 46:7f:38:75:da:b0 g0_s1:2 -> g1_s0:2
[2026-06-22 18:21:56] MAC FLAP ba:76:e7:1f:d0:2f g0_s1:2 -> g1_s0:4
[2026-06-22 18:21:56] MAC FLAP fa:e9:c8:db:bd:f5 g0_s1:2 -> g1_s0:4
[2026-06-22 18:21:56] MAC FLAP 12:be:b0:77:3b:8c g0_s1:1 -> g1_s0:3
[2026-06-22 18:21:56] MAC FLAP fa:e9:c8:db:bd:f5 g1_s0:4 -> g1_s1:2
[2026-06-22 18:21:56] MAC FLAP ba:76:e7:1f:d0:2f g1_s0:4 -> g1_s1:2
[2026-06-22 18:21:56] MAC FLAP 12:be:b0:77:3b:8c g1_s0:3 -> g1_s1:2
[2026-06-22 18:21:56] MAC FLAP 3e:be:ce:30:c7:ce g2_s1:2 -> g2_s0:3
[2026-06-22 18:21:56] MAC FLAP 46:7f:38:75:da:b0 g1_s0:2 -> g2_s0:3
[2026-06-22 18:21:56] MAC FLAP ba:76:e7:1f:d0:2f g1_s1:2 -> g2_s0:1
[2026-06-22 18:21:56] MAC FLAP 12:be:b0:77:3b:8c g1_s1:2 -> g2_s0:3
[2026-06-22 18:21:56] MAC FLAP fa:e9:c8:db:bd:f5 g1_s1:2 -> g2_s0:2
[2026-06-22 18:21:56] MAC FLAP 3e:be:ce:30:c7:ce g2_s0:3 -> g2_s1:2
[2026-06-22 18:21:56] MAC FLAP 46:7f:38:75:da:b0 g2_s0:3 -> g2_s1:2
[2026-06-22 18:21:56] MAC FLAP ba:76:e7:1f:d0:2f g2_s0:1 -> g2_s1:2
[2026-06-22 18:21:56] MAC FLAP 12:be:b0:77:3b:8c g2_s0:3 -> g2_s1:2
[2026-06-22 18:21:56] MAC FLAP fa:e9:c8:db:bd:f5 g2_s0:2 -> g2_s1:1
[2026-06-22 18:22:01] MAC FLAP 46:7f:38:75:da:b0 g2_s1:2 -> g0_s0:3
[2026-06-22 18:22:01] MAC FLAP ba:76:e7:1f:d0:2f g2_s1:2 -> g0_s0:3
[2026-06-22 18:22:01] MAC FLAP fa:e9:c8:db:bd:f5 g2_s1:1 -> g0_s0:3
[2026-06-22 18:22:01] MAC FLAP 12:be:b0:77:3b:8c g2_s1:2 -> g0_s0:2
[2026-06-22 18:22:01] MAC FLAP 46:7f:38:75:da:b0 g0_s0:3 -> g0_s1:2
[2026-06-22 18:22:01] MAC FLAP ba:76:e7:1f:d0:2f g0_s0:3 -> g0_s1:2
[2026-06-22 18:22:01] MAC FLAP 12:be:b0:77:3b:8c g0_s0:2 -> g0_s1:1
[2026-06-22 18:22:01] MAC FLAP fa:e9:c8:db:bd:f5 g0_s0:3 -> g0_s1:2
[2026-06-22 18:22:01] MAC FLAP 46:7f:38:75:da:b0 g0_s1:2 -> g1_s0:2
[2026-06-22 18:22:01] MAC FLAP ba:76:e7:1f:d0:2f g0_s1:2 -> g1_s0:4
[2026-06-22 18:22:01] MAC FLAP fa:e9:c8:db:bd:f5 g0_s1:2 -> g1_s0:4
[2026-06-22 18:22:01] MAC FLAP 12:be:b0:77:3b:8c g0_s1:1 -> g1_s0:3
[2026-06-22 18:22:01] MAC FLAP fa:e9:c8:db:bd:f5 g1_s0:4 -> g1_s1:2
[2026-06-22 18:22:01] MAC FLAP ba:76:e7:1f:d0:2f g1_s0:4 -> g1_s1:2
[2026-06-22 18:22:01] MAC FLAP 12:be:b0:77:3b:8c g1_s0:3 -> g1_s1:2
[2026-06-22 18:22:01] MAC FLAP 3e:be:ce:30:c7:ce g2_s1:2 -> g2_s0:3
[2026-06-22 18:22:01] MAC FLAP 46:7f:38:75:da:b0 g1_s0:2 -> g2_s0:3
[2026-06-22 18:22:01] MAC FLAP ba:76:e7:1f:d0:2f g1_s1:2 -> g2_s0:1
[2026-06-22 18:22:01] MAC FLAP 12:be:b0:77:3b:8c g1_s1:2 -> g2_s0:3
[2026-06-22 18:22:01] MAC FLAP fa:e9:c8:db:bd:f5 g1_s1:2 -> g2_s0:2
[2026-06-22 18:22:01] MAC FLAP 3e:be:ce:30:c7:ce g2_s0:3 -> g2_s1:2
[2026-06-22 18:22:01] MAC FLAP 46:7f:38:75:da:b0 g2_s0:3 -> g2_s1:2
[2026-06-22 18:22:01] MAC FLAP ba:76:e7:1f:d0:2f g2_s0:1 -> g2_s1:2
[2026-06-22 18:22:01] MAC FLAP 12:be:b0:77:3b:8c g2_s0:3 -> g2_s1:2
[2026-06-22 18:22:01] MAC FLAP fa:e9:c8:db:bd:f5 g2_s0:2 -> g2_s1:1
[2026-06-22 18:22:06] MAC FLAP 46:7f:38:75:da:b0 g2_s1:2 -> g0_s0:3
[2026-06-22 18:22:06] MAC FLAP ba:76:e7:1f:d0:2f g2_s1:2 -> g0_s0:3
[2026-06-22 18:22:06] MAC FLAP fa:e9:c8:db:bd:f5 g2_s1:1 -> g0_s0:3
[2026-06-22 18:22:06] MAC FLAP 12:be:b0:77:3b:8c g2_s1:2 -> g0_s0:2
[2026-06-22 18:22:06] MAC FLAP 46:7f:38:75:da:b0 g0_s0:3 -> g0_s1:2
[2026-06-22 18:22:06] MAC FLAP ba:76:e7:1f:d0:2f g0_s0:3 -> g0_s1:2
[2026-06-22 18:22:06] MAC FLAP 12:be:b0:77:3b:8c g0_s0:2 -> g0_s1:1
[2026-06-22 18:22:06] MAC FLAP fa:e9:c8:db:bd:f5 g0_s0:3 -> g0_s1:2
[2026-06-22 18:22:06] MAC FLAP 46:7f:38:75:da:b0 g0_s1:2 -> g1_s0:2
[2026-06-22 18:22:06] MAC FLAP ba:76:e7:1f:d0:2f g0_s1:2 -> g1_s0:4
[2026-06-22 18:22:06] MAC FLAP fa:e9:c8:db:bd:f5 g0_s1:2 -> g1_s0:4
[2026-06-22 18:22:06] MAC FLAP 12:be:b0:77:3b:8c g0_s1:1 -> g1_s0:3
[2026-06-22 18:22:06] MAC FLAP fa:e9:c8:db:bd:f5 g1_s0:4 -> g1_s1:2
[2026-06-22 18:22:06] MAC FLAP ba:76:e7:1f:d0:2f g1_s0:4 -> g1_s1:2
[2026-06-22 18:22:06] MAC FLAP 12:be:b0:77:3b:8c g1_s0:3 -> g1_s1:2
[2026-06-22 18:22:06] MAC FLAP 3e:be:ce:30:c7:ce g2_s1:2 -> g2_s0:3
[2026-06-22 18:22:06] MAC FLAP 46:7f:38:75:da:b0 g1_s0:2 -> g2_s0:3
[2026-06-22 18:22:06] MAC FLAP ba:76:e7:1f:d0:2f g1_s1:2 -> g2_s0:1
[2026-06-22 18:22:06] MAC FLAP 12:be:b0:77:3b:8c g1_s1:2 -> g2_s0:3
[2026-06-22 18:22:06] MAC FLAP fa:e9:c8:db:bd:f5 g1_s1:2 -> g2_s0:2
[2026-06-22 18:22:06] MAC FLAP 3e:be:ce:30:c7:ce g2_s0:3 -> g2_s1:2
[2026-06-22 18:22:06] MAC FLAP 46:7f:38:75:da:b0 g2_s0:3 -> g2_s1:2
[2026-06-22 18:22:06] MAC FLAP ba:76:e7:1f:d0:2f g2_s0:1 -> g2_s1:2
[2026-06-22 18:22:06] MAC FLAP 12:be:b0:77:3b:8c g2_s0:3 -> g2_s1:2
[2026-06-22 18:22:06] MAC FLAP fa:e9:c8:db:bd:f5 g2_s0:2 -> g2_s1:1
[2026-06-22 18:22:11] MAC FLAP 46:7f:38:75:da:b0 g2_s1:2 -> g0_s0:3
[2026-06-22 18:22:11] MAC FLAP ba:76:e7:1f:d0:2f g2_s1:2 -> g0_s0:3
[2026-06-22 18:22:11] LEARNED ee:da:c5:7c:65:6e -> g0_s0:3
[2026-06-22 18:22:11] MAC FLAP fa:e9:c8:db:bd:f5 g2_s1:1 -> g0_s0:3
[2026-06-22 18:22:11] MAC FLAP 12:be:b0:77:3b:8c g2_s1:2 -> g0_s0:2
[2026-06-22 18:22:11] MAC FLAP 46:7f:38:75:da:b0 g0_s0:3 -> g0_s1:2
[2026-06-22 18:22:11] MAC FLAP ba:76:e7:1f:d0:2f g0_s0:3 -> g0_s1:2
[2026-06-22 18:22:11] LEARNED 7e:35:62:c8:a1:c4 -> g0_s1:2
[2026-06-22 18:22:11] MAC FLAP ee:da:c5:7c:65:6e g0_s0:3 -> g0_s1:2
[2026-06-22 18:22:11] MAC FLAP 12:be:b0:77:3b:8c g0_s0:2 -> g0_s1:1
[2026-06-22 18:22:11] MAC FLAP fa:e9:c8:db:bd:f5 g0_s0:3 -> g0_s1:2
[2026-06-22 18:22:11] MAC FLAP 46:7f:38:75:da:b0 g0_s1:2 -> g1_s0:2
[2026-06-22 18:22:11] MAC FLAP ba:76:e7:1f:d0:2f g0_s1:2 -> g1_s0:4
[2026-06-22 18:22:11] MAC FLAP ee:da:c5:7c:65:6e g0_s1:2 -> g1_s0:4
[2026-06-22 18:22:11] MAC FLAP fa:e9:c8:db:bd:f5 g0_s1:2 -> g1_s0:4
[2026-06-22 18:22:11] MAC FLAP 12:be:b0:77:3b:8c g0_s1:1 -> g1_s0:3
[2026-06-22 18:22:11] MAC FLAP fa:e9:c8:db:bd:f5 g1_s0:4 -> g1_s1:2
[2026-06-22 18:22:11] MAC FLAP ba:76:e7:1f:d0:2f g1_s0:4 -> g1_s1:2
[2026-06-22 18:22:11] MAC FLAP 12:be:b0:77:3b:8c g1_s0:3 -> g1_s1:2
[2026-06-22 18:22:11] MAC FLAP ee:da:c5:7c:65:6e g1_s0:4 -> g1_s1:2
[2026-06-22 18:22:11] MAC FLAP 3e:be:ce:30:c7:ce g2_s1:2 -> g2_s0:3
[2026-06-22 18:22:11] MAC FLAP 46:7f:38:75:da:b0 g1_s0:2 -> g2_s0:3
[2026-06-22 18:22:11] MAC FLAP ba:76:e7:1f:d0:2f g1_s1:2 -> g2_s0:1
[2026-06-22 18:22:11] MAC FLAP ee:da:c5:7c:65:6e g1_s1:2 -> g2_s0:2
[2026-06-22 18:22:11] MAC FLAP 12:be:b0:77:3b:8c g1_s1:2 -> g2_s0:3
[2026-06-22 18:22:11] MAC FLAP fa:e9:c8:db:bd:f5 g1_s1:2 -> g2_s0:2
[2026-06-22 18:22:11] MAC FLAP 3e:be:ce:30:c7:ce g2_s0:3 -> g2_s1:2
[2026-06-22 18:22:11] MAC FLAP 46:7f:38:75:da:b0 g2_s0:3 -> g2_s1:2
[2026-06-22 18:22:11] MAC FLAP ba:76:e7:1f:d0:2f g2_s0:1 -> g2_s1:2
[2026-06-22 18:22:11] MAC FLAP 12:be:b0:77:3b:8c g2_s0:3 -> g2_s1:2
[2026-06-22 18:22:11] MAC FLAP fa:e9:c8:db:bd:f5 g2_s0:2 -> g2_s1:1
[2026-06-22 18:22:16] MAC FLAP 46:7f:38:75:da:b0 g2_s1:2 -> g0_s0:3
[2026-06-22 18:22:16] MAC FLAP ba:76:e7:1f:d0:2f g2_s1:2 -> g0_s0:3
[2026-06-22 18:22:16] MAC FLAP ee:da:c5:7c:65:6e g2_s0:2 -> g0_s0:3
[2026-06-22 18:22:16] MAC FLAP de:ba:2d:b3:74:c2 g2_s1:2 -> g0_s0:3
[2026-06-22 18:22:16] LEARNED 42:68:37:cc:76:27 -> g0_s0:3
[2026-06-22 18:22:16] MAC FLAP fa:e9:c8:db:bd:f5 g2_s1:1 -> g0_s0:3
[2026-06-22 18:22:16] MAC FLAP 12:be:b0:77:3b:8c g2_s1:2 -> g0_s0:2
[2026-06-22 18:22:16] MAC FLAP 46:7f:38:75:da:b0 g0_s0:3 -> g0_s1:2
[2026-06-22 18:22:16] MAC FLAP ba:76:e7:1f:d0:2f g0_s0:3 -> g0_s1:2
[2026-06-22 18:22:16] MAC FLAP ee:da:c5:7c:65:6e g0_s0:3 -> g0_s1:2
[2026-06-22 18:22:16] MAC FLAP de:ba:2d:b3:74:c2 g0_s0:3 -> g0_s1:2
[2026-06-22 18:22:16] MAC FLAP 42:68:37:cc:76:27 g0_s0:3 -> g0_s1:2
[2026-06-22 18:22:16] MAC FLAP 12:be:b0:77:3b:8c g0_s0:2 -> g0_s1:1
[2026-06-22 18:22:16] MAC FLAP fa:e9:c8:db:bd:f5 g0_s0:3 -> g0_s1:2
[2026-06-22 18:22:16] MAC FLAP 46:7f:38:75:da:b0 g0_s1:2 -> g1_s0:2
[2026-06-22 18:22:16] MAC FLAP ba:76:e7:1f:d0:2f g0_s1:2 -> g1_s0:4
[2026-06-22 18:22:16] MAC FLAP ee:da:c5:7c:65:6e g0_s1:2 -> g1_s0:4
[2026-06-22 18:22:16] MAC FLAP de:ba:2d:b3:74:c2 g0_s1:2 -> g1_s0:1
[2026-06-22 18:22:16] MAC FLAP 42:68:37:cc:76:27 g0_s1:2 -> g1_s0:4
[2026-06-22 18:22:16] MAC FLAP fa:e9:c8:db:bd:f5 g0_s1:2 -> g1_s0:4
[2026-06-22 18:22:16] MAC FLAP 12:be:b0:77:3b:8c g0_s1:1 -> g1_s0:3
[2026-06-22 18:22:16] MAC FLAP fa:e9:c8:db:bd:f5 g1_s0:4 -> g1_s1:2
[2026-06-22 18:22:16] MAC FLAP ba:76:e7:1f:d0:2f g1_s0:4 -> g1_s1:2
[2026-06-22 18:22:16] MAC FLAP 12:be:b0:77:3b:8c g1_s0:3 -> g1_s1:2
[2026-06-22 18:22:16] MAC FLAP ee:da:c5:7c:65:6e g1_s0:4 -> g1_s1:2
[2026-06-22 18:22:16] LEARNED 62:e1:ee:fb:20:c7 -> g1_s1:2
[2026-06-22 18:22:16] MAC FLAP de:ba:2d:b3:74:c2 g1_s0:1 -> g1_s1:2
[2026-06-22 18:22:16] MAC FLAP 42:68:37:cc:76:27 g1_s0:4 -> g1_s1:2
[2026-06-22 18:22:16] MAC FLAP 3e:be:ce:30:c7:ce g2_s1:2 -> g2_s0:3
[2026-06-22 18:22:16] MAC FLAP 46:7f:38:75:da:b0 g1_s0:2 -> g2_s0:3
[2026-06-22 18:22:16] MAC FLAP ba:76:e7:1f:d0:2f g1_s1:2 -> g2_s0:1
[2026-06-22 18:22:16] MAC FLAP ee:da:c5:7c:65:6e g1_s1:2 -> g2_s0:2
[2026-06-22 18:22:16] MAC FLAP de:ba:2d:b3:74:c2 g1_s1:2 -> g2_s0:3
[2026-06-22 18:22:16] MAC FLAP 12:be:b0:77:3b:8c g1_s1:2 -> g2_s0:3
[2026-06-22 18:22:16] MAC FLAP fa:e9:c8:db:bd:f5 g1_s1:2 -> g2_s0:2
[2026-06-22 18:22:16] MAC FLAP 3e:be:ce:30:c7:ce g2_s0:3 -> g2_s1:2
[2026-06-22 18:22:16] MAC FLAP 46:7f:38:75:da:b0 g2_s0:3 -> g2_s1:2
[2026-06-22 18:22:16] MAC FLAP ba:76:e7:1f:d0:2f g2_s0:1 -> g2_s1:2
[2026-06-22 18:22:16] MAC FLAP de:ba:2d:b3:74:c2 g2_s0:3 -> g2_s1:2
[2026-06-22 18:22:16] MAC FLAP 12:be:b0:77:3b:8c g2_s0:3 -> g2_s1:2
[2026-06-22 18:22:16] MAC FLAP fa:e9:c8:db:bd:f5 g2_s0:2 -> g2_s1:1
[2026-06-22 18:22:22] MAC FLAP 46:7f:38:75:da:b0 g2_s1:2 -> g0_s0:3
[2026-06-22 18:22:22] MAC FLAP ba:76:e7:1f:d0:2f g2_s1:2 -> g0_s0:3
[2026-06-22 18:22:22] MAC FLAP ee:da:c5:7c:65:6e g2_s0:2 -> g0_s0:3
[2026-06-22 18:22:22] MAC FLAP de:ba:2d:b3:74:c2 g2_s1:2 -> g0_s0:3
[2026-06-22 18:22:22] MAC FLAP 42:68:37:cc:76:27 g1_s1:2 -> g0_s0:3
[2026-06-22 18:22:22] MAC FLAP 6e:a7:46:fb:98:1c g2_s1:2 -> g0_s0:2
[2026-06-22 18:22:22] MAC FLAP ce:63:3f:42:b5:98 g2_s1:2 -> g0_s0:1
[2026-06-22 18:22:22] MAC FLAP 12:be:b0:77:3b:8c g2_s1:2 -> g0_s0:2
[2026-06-22 18:22:22] MAC FLAP fa:e9:c8:db:bd:f5 g2_s1:1 -> g0_s0:3
[2026-06-22 18:22:22] MAC FLAP 46:7f:38:75:da:b0 g0_s0:3 -> g0_s1:2
[2026-06-22 18:22:22] MAC FLAP ba:76:e7:1f:d0:2f g0_s0:3 -> g0_s1:2
[2026-06-22 18:22:22] MAC FLAP ee:da:c5:7c:65:6e g0_s0:3 -> g0_s1:2
[2026-06-22 18:22:22] MAC FLAP de:ba:2d:b3:74:c2 g0_s0:3 -> g0_s1:2
[2026-06-22 18:22:22] MAC FLAP 42:68:37:cc:76:27 g0_s0:3 -> g0_s1:2
[2026-06-22 18:22:22] MAC FLAP ce:63:3f:42:b5:98 g0_s0:1 -> g0_s1:2
[2026-06-22 18:22:22] MAC FLAP 12:be:b0:77:3b:8c g0_s0:2 -> g0_s1:1
[2026-06-22 18:22:22] MAC FLAP fa:e9:c8:db:bd:f5 g0_s0:3 -> g0_s1:2
[2026-06-22 18:22:22] MAC FLAP 46:7f:38:75:da:b0 g0_s1:2 -> g1_s0:2
[2026-06-22 18:22:22] MAC FLAP ba:76:e7:1f:d0:2f g0_s1:2 -> g1_s0:4
[2026-06-22 18:22:22] MAC FLAP ee:da:c5:7c:65:6e g0_s1:2 -> g1_s0:4
[2026-06-22 18:22:22] MAC FLAP de:ba:2d:b3:74:c2 g0_s1:2 -> g1_s0:1
[2026-06-22 18:22:22] MAC FLAP 42:68:37:cc:76:27 g0_s1:2 -> g1_s0:4
[2026-06-22 18:22:22] MAC FLAP 6e:a7:46:fb:98:1c g0_s0:2 -> g1_s0:3
[2026-06-22 18:22:22] MAC FLAP ce:63:3f:42:b5:98 g0_s1:2 -> g1_s0:3
[2026-06-22 18:22:22] MAC FLAP 36:d6:c3:a1:1b:bc g2_s1:2 -> g1_s0:3
[2026-06-22 18:22:22] MAC FLAP 12:be:b0:77:3b:8c g0_s1:1 -> g1_s0:3
[2026-06-22 18:22:22] MAC FLAP fa:e9:c8:db:bd:f5 g0_s1:2 -> g1_s0:4
[2026-06-22 18:22:22] MAC FLAP ba:76:e7:1f:d0:2f g1_s0:4 -> g1_s1:2
[2026-06-22 18:22:22] MAC FLAP 12:be:b0:77:3b:8c g1_s0:3 -> g1_s1:2
[2026-06-22 18:22:22] MAC FLAP ee:da:c5:7c:65:6e g1_s0:4 -> g1_s1:2
[2026-06-22 18:22:22] MAC FLAP de:ba:2d:b3:74:c2 g1_s0:1 -> g1_s1:2
[2026-06-22 18:22:22] MAC FLAP 42:68:37:cc:76:27 g1_s0:4 -> g1_s1:2
[2026-06-22 18:22:22] MAC FLAP 6e:a7:46:fb:98:1c g1_s0:3 -> g1_s1:2
[2026-06-22 18:22:22] MAC FLAP ce:63:3f:42:b5:98 g1_s0:3 -> g1_s1:2
[2026-06-22 18:22:22] MAC FLAP 36:d6:c3:a1:1b:bc g1_s0:3 -> g1_s1:2
[2026-06-22 18:22:22] MAC FLAP fa:e9:c8:db:bd:f5 g1_s0:4 -> g1_s1:2
[2026-06-22 18:22:22] MAC FLAP 3e:be:ce:30:c7:ce g2_s1:2 -> g2_s0:3
[2026-06-22 18:22:22] MAC FLAP 46:7f:38:75:da:b0 g1_s0:2 -> g2_s0:3
[2026-06-22 18:22:22] MAC FLAP ba:76:e7:1f:d0:2f g1_s1:2 -> g2_s0:1
[2026-06-22 18:22:22] MAC FLAP ee:da:c5:7c:65:6e g1_s1:2 -> g2_s0:2
[2026-06-22 18:22:22] MAC FLAP de:ba:2d:b3:74:c2 g1_s1:2 -> g2_s0:3
[2026-06-22 18:22:22] MAC FLAP 6e:a7:46:fb:98:1c g1_s1:2 -> g2_s0:3
[2026-06-22 18:22:22] MAC FLAP ce:63:3f:42:b5:98 g1_s1:2 -> g2_s0:3
[2026-06-22 18:22:22] MAC FLAP 36:d6:c3:a1:1b:bc g1_s1:2 -> g2_s0:3
[2026-06-22 18:22:22] MAC FLAP 12:be:b0:77:3b:8c g1_s1:2 -> g2_s0:3
[2026-06-22 18:22:22] MAC FLAP fa:e9:c8:db:bd:f5 g1_s1:2 -> g2_s0:2
[2026-06-22 18:22:22] MAC FLAP 3e:be:ce:30:c7:ce g2_s0:3 -> g2_s1:2
[2026-06-22 18:22:22] MAC FLAP 46:7f:38:75:da:b0 g2_s0:3 -> g2_s1:2
[2026-06-22 18:22:22] MAC FLAP ba:76:e7:1f:d0:2f g2_s0:1 -> g2_s1:2
[2026-06-22 18:22:22] MAC FLAP de:ba:2d:b3:74:c2 g2_s0:3 -> g2_s1:2
[2026-06-22 18:22:22] MAC FLAP 6e:a7:46:fb:98:1c g2_s0:3 -> g2_s1:2
[2026-06-22 18:22:22] MAC FLAP ce:63:3f:42:b5:98 g2_s0:3 -> g2_s1:2
[2026-06-22 18:22:22] MAC FLAP 36:d6:c3:a1:1b:bc g2_s0:3 -> g2_s1:2
[2026-06-22 18:22:22] MAC FLAP 12:be:b0:77:3b:8c g2_s0:3 -> g2_s1:2
[2026-06-22 18:22:22] MAC FLAP fa:e9:c8:db:bd:f5 g2_s0:2 -> g2_s1:1
[2026-06-22 18:22:27] MAC FLAP ba:76:e7:1f:d0:2f g2_s1:2 -> g0_s0:3
[2026-06-22 18:22:27] MAC FLAP de:ba:2d:b3:74:c2 g2_s1:2 -> g0_s0:3
[2026-06-22 18:22:27] MAC FLAP ce:63:3f:42:b5:98 g2_s1:2 -> g0_s0:1
[2026-06-22 18:22:27] LEARNED 16:20:25:54:1a:6e -> g0_s0:3
[2026-06-22 18:22:27] MAC FLAP 6e:a7:46:fb:98:1c g2_s1:2 -> g0_s0:2
[2026-06-22 18:22:27] MAC FLAP 46:7f:38:75:da:b0 g2_s1:2 -> g0_s0:3
[2026-06-22 18:22:27] MAC FLAP 42:68:37:cc:76:27 g1_s1:2 -> g0_s0:3
[2026-06-22 18:22:27] MAC FLAP ee:da:c5:7c:65:6e g2_s0:2 -> g0_s0:3
[2026-06-22 18:22:27] MAC FLAP ce:66:35:af:d4:15 g2_s1:2 -> g0_s0:3
[2026-06-22 18:22:27] MAC FLAP 12:be:b0:77:3b:8c g2_s1:2 -> g0_s0:2
[2026-06-22 18:22:27] MAC FLAP fa:e9:c8:db:bd:f5 g2_s1:1 -> g0_s0:3
[2026-06-22 18:22:27] MAC FLAP ba:76:e7:1f:d0:2f g0_s0:3 -> g0_s1:2
[2026-06-22 18:22:27] MAC FLAP de:ba:2d:b3:74:c2 g0_s0:3 -> g0_s1:2
[2026-06-22 18:22:27] MAC FLAP ce:63:3f:42:b5:98 g0_s0:1 -> g0_s1:2
[2026-06-22 18:22:27] MAC FLAP 16:20:25:54:1a:6e g0_s0:3 -> g0_s1:2
[2026-06-22 18:22:27] MAC FLAP 46:7f:38:75:da:b0 g0_s0:3 -> g0_s1:2
[2026-06-22 18:22:27] MAC FLAP 42:68:37:cc:76:27 g0_s0:3 -> g0_s1:2
[2026-06-22 18:22:27] MAC FLAP ee:da:c5:7c:65:6e g0_s0:3 -> g0_s1:2
[2026-06-22 18:22:27] MAC FLAP ce:66:35:af:d4:15 g0_s0:3 -> g0_s1:2
[2026-06-22 18:22:27] MAC FLAP 12:be:b0:77:3b:8c g0_s0:2 -> g0_s1:1
[2026-06-22 18:22:27] MAC FLAP fa:e9:c8:db:bd:f5 g0_s0:3 -> g0_s1:2
[2026-06-22 18:22:27] MAC FLAP ba:76:e7:1f:d0:2f g0_s1:2 -> g1_s0:4
[2026-06-22 18:22:27] MAC FLAP de:ba:2d:b3:74:c2 g0_s1:2 -> g1_s0:1
[2026-06-22 18:22:27] MAC FLAP ce:63:3f:42:b5:98 g0_s1:2 -> g1_s0:3
[2026-06-22 18:22:27] MAC FLAP 46:7f:38:75:da:b0 g0_s1:2 -> g1_s0:2
[2026-06-22 18:22:27] MAC FLAP 36:d6:c3:a1:1b:bc g2_s1:2 -> g1_s0:3
[2026-06-22 18:22:27] MAC FLAP 42:68:37:cc:76:27 g0_s1:2 -> g1_s0:4
[2026-06-22 18:22:27] MAC FLAP 6e:a7:46:fb:98:1c g0_s0:2 -> g1_s0:3
[2026-06-22 18:22:27] MAC FLAP ee:da:c5:7c:65:6e g0_s1:2 -> g1_s0:4
[2026-06-22 18:22:27] MAC FLAP ce:66:35:af:d4:15 g0_s1:2 -> g1_s0:2
[2026-06-22 18:22:27] MAC FLAP 12:be:b0:77:3b:8c g0_s1:1 -> g1_s0:3
[2026-06-22 18:22:27] MAC FLAP fa:e9:c8:db:bd:f5 g0_s1:2 -> g1_s0:4
[2026-06-22 18:22:27] MAC FLAP ba:76:e7:1f:d0:2f g1_s0:4 -> g1_s1:2
[2026-06-22 18:22:27] MAC FLAP 12:be:b0:77:3b:8c g1_s0:3 -> g1_s1:2
[2026-06-22 18:22:27] MAC FLAP de:ba:2d:b3:74:c2 g1_s0:1 -> g1_s1:2
[2026-06-22 18:22:27] MAC FLAP ce:63:3f:42:b5:98 g1_s0:3 -> g1_s1:2
[2026-06-22 18:22:27] MAC FLAP fa:e9:c8:db:bd:f5 g1_s0:4 -> g1_s1:2
[2026-06-22 18:22:27] MAC FLAP 36:d6:c3:a1:1b:bc g1_s0:3 -> g1_s1:2
[2026-06-22 18:22:27] MAC FLAP 42:68:37:cc:76:27 g1_s0:4 -> g1_s1:2
[2026-06-22 18:22:27] MAC FLAP 6e:a7:46:fb:98:1c g1_s0:3 -> g1_s1:2
[2026-06-22 18:22:27] MAC FLAP ee:da:c5:7c:65:6e g1_s0:4 -> g1_s1:2
[2026-06-22 18:22:27] MAC FLAP ce:66:35:af:d4:15 g1_s0:2 -> g1_s1:1
[2026-06-22 18:22:27] MAC FLAP ba:76:e7:1f:d0:2f g1_s1:2 -> g2_s0:1
[2026-06-22 18:22:27] MAC FLAP de:ba:2d:b3:74:c2 g1_s1:2 -> g2_s0:3
[2026-06-22 18:22:27] MAC FLAP ce:63:3f:42:b5:98 g1_s1:2 -> g2_s0:3
[2026-06-22 18:22:27] MAC FLAP 3e:be:ce:30:c7:ce g2_s1:2 -> g2_s0:3
[2026-06-22 18:22:27] MAC FLAP ee:da:c5:7c:65:6e g1_s1:2 -> g2_s0:2
[2026-06-22 18:22:27] MAC FLAP 46:7f:38:75:da:b0 g1_s0:2 -> g2_s0:3
[2026-06-22 18:22:27] MAC FLAP 36:d6:c3:a1:1b:bc g1_s1:2 -> g2_s0:3
[2026-06-22 18:22:27] MAC FLAP 6e:a7:46:fb:98:1c g1_s1:2 -> g2_s0:3
[2026-06-22 18:22:27] MAC FLAP ce:66:35:af:d4:15 g1_s1:1 -> g2_s0:3
[2026-06-22 18:22:27] MAC FLAP 12:be:b0:77:3b:8c g1_s1:2 -> g2_s0:3
[2026-06-22 18:22:27] MAC FLAP fa:e9:c8:db:bd:f5 g1_s1:2 -> g2_s0:2
[2026-06-22 18:22:27] MAC FLAP ba:76:e7:1f:d0:2f g2_s0:1 -> g2_s1:2
[2026-06-22 18:22:27] MAC FLAP de:ba:2d:b3:74:c2 g2_s0:3 -> g2_s1:2
[2026-06-22 18:22:27] MAC FLAP ce:63:3f:42:b5:98 g2_s0:3 -> g2_s1:2
[2026-06-22 18:22:27] MAC FLAP 3e:be:ce:30:c7:ce g2_s0:3 -> g2_s1:2
[2026-06-22 18:22:27] MAC FLAP 46:7f:38:75:da:b0 g2_s0:3 -> g2_s1:2
[2026-06-22 18:22:27] MAC FLAP 36:d6:c3:a1:1b:bc g2_s0:3 -> g2_s1:2
[2026-06-22 18:22:27] MAC FLAP 6e:a7:46:fb:98:1c g2_s0:3 -> g2_s1:2
[2026-06-22 18:22:27] MAC FLAP ce:66:35:af:d4:15 g2_s0:3 -> g2_s1:2
[2026-06-22 18:22:27] MAC FLAP 12:be:b0:77:3b:8c g2_s0:3 -> g2_s1:2
[2026-06-22 18:22:27] MAC FLAP fa:e9:c8:db:bd:f5 g2_s0:2 -> g2_s1:1
[2026-06-22 18:22:33] MAC FLAP ba:76:e7:1f:d0:2f g2_s1:2 -> g0_s0:3
[2026-06-22 18:22:33] MAC FLAP de:ba:2d:b3:74:c2 g2_s1:2 -> g0_s0:3
[2026-06-22 18:22:33] MAC FLAP ce:63:3f:42:b5:98 g2_s1:2 -> g0_s0:1
[2026-06-22 18:22:33] MAC FLAP 16:20:25:54:1a:6e g0_s1:2 -> g0_s0:3
[2026-06-22 18:22:33] MAC FLAP 6e:a7:46:fb:98:1c g2_s1:2 -> g0_s0:2
[2026-06-22 18:22:33] MAC FLAP 42:68:37:cc:76:27 g1_s1:2 -> g0_s0:3
[2026-06-22 18:22:33] MAC FLAP ee:da:c5:7c:65:6e g2_s0:2 -> g0_s0:3
[2026-06-22 18:22:33] MAC FLAP ce:66:35:af:d4:15 g2_s1:2 -> g0_s0:3
[2026-06-22 18:22:33] MAC FLAP 46:7f:38:75:da:b0 g2_s1:2 -> g0_s0:3
[2026-06-22 18:22:33] MAC FLAP fa:e9:c8:db:bd:f5 g2_s1:1 -> g0_s0:3
[2026-06-22 18:22:33] MAC FLAP 12:be:b0:77:3b:8c g2_s1:2 -> g0_s0:2
[2026-06-22 18:22:33] MAC FLAP ba:76:e7:1f:d0:2f g0_s0:3 -> g0_s1:2
[2026-06-22 18:22:33] MAC FLAP de:ba:2d:b3:74:c2 g0_s0:3 -> g0_s1:2
[2026-06-22 18:22:33] MAC FLAP ce:63:3f:42:b5:98 g0_s0:1 -> g0_s1:2
[2026-06-22 18:22:33] MAC FLAP 16:20:25:54:1a:6e g0_s0:3 -> g0_s1:2
[2026-06-22 18:22:33] MAC FLAP 42:68:37:cc:76:27 g0_s0:3 -> g0_s1:2
[2026-06-22 18:22:33] MAC FLAP ee:da:c5:7c:65:6e g0_s0:3 -> g0_s1:2
[2026-06-22 18:22:33] MAC FLAP ce:66:35:af:d4:15 g0_s0:3 -> g0_s1:2
[2026-06-22 18:22:33] MAC FLAP 46:7f:38:75:da:b0 g0_s0:3 -> g0_s1:2
[2026-06-22 18:22:33] MAC FLAP 12:be:b0:77:3b:8c g0_s0:2 -> g0_s1:1
[2026-06-22 18:22:33] MAC FLAP fa:e9:c8:db:bd:f5 g0_s0:3 -> g0_s1:2
[2026-06-22 18:22:33] MAC FLAP ba:76:e7:1f:d0:2f g0_s1:2 -> g1_s0:4
[2026-06-22 18:22:33] MAC FLAP de:ba:2d:b3:74:c2 g0_s1:2 -> g1_s0:1
[2026-06-22 18:22:33] MAC FLAP ce:63:3f:42:b5:98 g0_s1:2 -> g1_s0:3
[2026-06-22 18:22:33] MAC FLAP 36:d6:c3:a1:1b:bc g2_s1:2 -> g1_s0:3
[2026-06-22 18:22:33] MAC FLAP 42:68:37:cc:76:27 g0_s1:2 -> g1_s0:4
[2026-06-22 18:22:33] MAC FLAP 6e:a7:46:fb:98:1c g0_s0:2 -> g1_s0:3
[2026-06-22 18:22:33] MAC FLAP ee:da:c5:7c:65:6e g0_s1:2 -> g1_s0:4
[2026-06-22 18:22:33] MAC FLAP ce:66:35:af:d4:15 g0_s1:2 -> g1_s0:2
[2026-06-22 18:22:33] MAC FLAP 46:7f:38:75:da:b0 g0_s1:2 -> g1_s0:2
[2026-06-22 18:22:33] MAC FLAP fa:e9:c8:db:bd:f5 g0_s1:2 -> g1_s0:4
[2026-06-22 18:22:33] MAC FLAP 12:be:b0:77:3b:8c g0_s1:1 -> g1_s0:3
[2026-06-22 18:22:33] MAC FLAP ba:76:e7:1f:d0:2f g1_s0:4 -> g1_s1:2
[2026-06-22 18:22:33] MAC FLAP 12:be:b0:77:3b:8c g1_s0:3 -> g1_s1:2
[2026-06-22 18:22:33] MAC FLAP de:ba:2d:b3:74:c2 g1_s0:1 -> g1_s1:2
[2026-06-22 18:22:33] MAC FLAP ce:63:3f:42:b5:98 g1_s0:3 -> g1_s1:2
[2026-06-22 18:22:33] MAC FLAP fa:e9:c8:db:bd:f5 g1_s0:4 -> g1_s1:2
[2026-06-22 18:22:33] MAC FLAP 36:d6:c3:a1:1b:bc g1_s0:3 -> g1_s1:2
[2026-06-22 18:22:33] MAC FLAP 42:68:37:cc:76:27 g1_s0:4 -> g1_s1:2
[2026-06-22 18:22:33] MAC FLAP 6e:a7:46:fb:98:1c g1_s0:3 -> g1_s1:2
[2026-06-22 18:22:33] MAC FLAP ee:da:c5:7c:65:6e g1_s0:4 -> g1_s1:2
[2026-06-22 18:22:33] MAC FLAP ce:66:35:af:d4:15 g1_s0:2 -> g1_s1:1
[2026-06-22 18:22:33] MAC FLAP ba:76:e7:1f:d0:2f g1_s1:2 -> g2_s0:1
[2026-06-22 18:22:33] MAC FLAP de:ba:2d:b3:74:c2 g1_s1:2 -> g2_s0:3
[2026-06-22 18:22:33] MAC FLAP ce:63:3f:42:b5:98 g1_s1:2 -> g2_s0:3
[2026-06-22 18:22:33] MAC FLAP ee:da:c5:7c:65:6e g1_s1:2 -> g2_s0:2
[2026-06-22 18:22:33] MAC FLAP 36:d6:c3:a1:1b:bc g1_s1:2 -> g2_s0:3
[2026-06-22 18:22:33] MAC FLAP 6e:a7:46:fb:98:1c g1_s1:2 -> g2_s0:3
[2026-06-22 18:22:33] MAC FLAP ce:66:35:af:d4:15 g1_s1:1 -> g2_s0:3
[2026-06-22 18:22:33] MAC FLAP 3e:be:ce:30:c7:ce g2_s1:2 -> g2_s0:3
[2026-06-22 18:22:33] MAC FLAP 46:7f:38:75:da:b0 g1_s0:2 -> g2_s0:3
[2026-06-22 18:22:33] MAC FLAP 12:be:b0:77:3b:8c g1_s1:2 -> g2_s0:3
[2026-06-22 18:22:33] MAC FLAP fa:e9:c8:db:bd:f5 g1_s1:2 -> g2_s0:2
[2026-06-22 18:22:33] MAC FLAP ba:76:e7:1f:d0:2f g2_s0:1 -> g2_s1:2
[2026-06-22 18:22:33] MAC FLAP de:ba:2d:b3:74:c2 g2_s0:3 -> g2_s1:2
[2026-06-22 18:22:33] MAC FLAP ce:63:3f:42:b5:98 g2_s0:3 -> g2_s1:2
[2026-06-22 18:22:33] MAC FLAP 36:d6:c3:a1:1b:bc g2_s0:3 -> g2_s1:2
[2026-06-22 18:22:33] MAC FLAP 6e:a7:46:fb:98:1c g2_s0:3 -> g2_s1:2
[2026-06-22 18:22:33] MAC FLAP ce:66:35:af:d4:15 g2_s0:3 -> g2_s1:2
[2026-06-22 18:22:33] MAC FLAP 3e:be:ce:30:c7:ce g2_s0:3 -> g2_s1:2
[2026-06-22 18:22:33] MAC FLAP 46:7f:38:75:da:b0 g2_s0:3 -> g2_s1:2
[2026-06-22 18:22:33] MAC FLAP 12:be:b0:77:3b:8c g2_s0:3 -> g2_s1:2
[2026-06-22 18:22:33] MAC FLAP fa:e9:c8:db:bd:f5 g2_s0:2 -> g2_s1:1
[2026-06-22 18:22:38] MAC FLAP de:ba:2d:b3:74:c2 g2_s1:2 -> g0_s0:3
[2026-06-22 18:22:38] MAC FLAP ce:63:3f:42:b5:98 g2_s1:2 -> g0_s0:1
[2026-06-22 18:22:38] MAC FLAP 16:20:25:54:1a:6e g0_s1:2 -> g0_s0:3
[2026-06-22 18:22:38] MAC FLAP 6e:a7:46:fb:98:1c g2_s1:2 -> g0_s0:2
[2026-06-22 18:22:38] MAC FLAP 42:68:37:cc:76:27 g1_s1:2 -> g0_s0:3
[2026-06-22 18:22:38] MAC FLAP ee:da:c5:7c:65:6e g2_s0:2 -> g0_s0:3
[2026-06-22 18:22:38] MAC FLAP ce:66:35:af:d4:15 g2_s1:2 -> g0_s0:3
[2026-06-22 18:22:38] MAC FLAP 46:7f:38:75:da:b0 g2_s1:2 -> g0_s0:3
[2026-06-22 18:22:38] MAC FLAP ba:76:e7:1f:d0:2f g2_s1:2 -> g0_s0:3
[2026-06-22 18:22:38] MAC FLAP fa:e9:c8:db:bd:f5 g2_s1:1 -> g0_s0:3
[2026-06-22 18:22:38] MAC FLAP 12:be:b0:77:3b:8c g2_s1:2 -> g0_s0:2
[2026-06-22 18:22:38] MAC FLAP de:ba:2d:b3:74:c2 g0_s0:3 -> g0_s1:2
[2026-06-22 18:22:38] MAC FLAP ce:63:3f:42:b5:98 g0_s0:1 -> g0_s1:2
[2026-06-22 18:22:38] MAC FLAP 16:20:25:54:1a:6e g0_s0:3 -> g0_s1:2
[2026-06-22 18:22:38] MAC FLAP 42:68:37:cc:76:27 g0_s0:3 -> g0_s1:2
[2026-06-22 18:22:38] MAC FLAP ee:da:c5:7c:65:6e g0_s0:3 -> g0_s1:2
[2026-06-22 18:22:38] MAC FLAP ce:66:35:af:d4:15 g0_s0:3 -> g0_s1:2
[2026-06-22 18:22:38] MAC FLAP 46:7f:38:75:da:b0 g0_s0:3 -> g0_s1:2
[2026-06-22 18:22:38] MAC FLAP ba:76:e7:1f:d0:2f g0_s0:3 -> g0_s1:2
[2026-06-22 18:22:38] MAC FLAP 12:be:b0:77:3b:8c g0_s0:2 -> g0_s1:1
[2026-06-22 18:22:38] MAC FLAP fa:e9:c8:db:bd:f5 g0_s0:3 -> g0_s1:2
[2026-06-22 18:22:38] MAC FLAP de:ba:2d:b3:74:c2 g0_s1:2 -> g1_s0:1
[2026-06-22 18:22:38] MAC FLAP ce:63:3f:42:b5:98 g0_s1:2 -> g1_s0:3
[2026-06-22 18:22:38] MAC FLAP 36:d6:c3:a1:1b:bc g2_s1:2 -> g1_s0:3
[2026-06-22 18:22:38] MAC FLAP 42:68:37:cc:76:27 g0_s1:2 -> g1_s0:4
[2026-06-22 18:22:38] MAC FLAP 6e:a7:46:fb:98:1c g0_s0:2 -> g1_s0:3
[2026-06-22 18:22:38] MAC FLAP ee:da:c5:7c:65:6e g0_s1:2 -> g1_s0:4
[2026-06-22 18:22:38] MAC FLAP ce:66:35:af:d4:15 g0_s1:2 -> g1_s0:2
[2026-06-22 18:22:38] MAC FLAP 46:7f:38:75:da:b0 g0_s1:2 -> g1_s0:2
[2026-06-22 18:22:38] MAC FLAP ba:76:e7:1f:d0:2f g0_s1:2 -> g1_s0:4
[2026-06-22 18:22:38] MAC FLAP fa:e9:c8:db:bd:f5 g0_s1:2 -> g1_s0:4
[2026-06-22 18:22:38] MAC FLAP 12:be:b0:77:3b:8c g0_s1:1 -> g1_s0:3
[2026-06-22 18:22:38] MAC FLAP de:ba:2d:b3:74:c2 g1_s0:1 -> g1_s1:2
[2026-06-22 18:22:38] MAC FLAP ce:63:3f:42:b5:98 g1_s0:3 -> g1_s1:2
[2026-06-22 18:22:38] MAC FLAP fa:e9:c8:db:bd:f5 g1_s0:4 -> g1_s1:2
[2026-06-22 18:22:38] MAC FLAP 36:d6:c3:a1:1b:bc g1_s0:3 -> g1_s1:2
[2026-06-22 18:22:38] MAC FLAP 42:68:37:cc:76:27 g1_s0:4 -> g1_s1:2
[2026-06-22 18:22:38] MAC FLAP 6e:a7:46:fb:98:1c g1_s0:3 -> g1_s1:2
[2026-06-22 18:22:38] MAC FLAP ee:da:c5:7c:65:6e g1_s0:4 -> g1_s1:2
[2026-06-22 18:22:38] MAC FLAP ce:66:35:af:d4:15 g1_s0:2 -> g1_s1:1
[2026-06-22 18:22:38] MAC FLAP ba:76:e7:1f:d0:2f g1_s0:4 -> g1_s1:2
[2026-06-22 18:22:38] MAC FLAP 12:be:b0:77:3b:8c g1_s0:3 -> g1_s1:2
[2026-06-22 18:22:38] MAC FLAP de:ba:2d:b3:74:c2 g1_s1:2 -> g2_s0:3
[2026-06-22 18:22:38] MAC FLAP ce:63:3f:42:b5:98 g1_s1:2 -> g2_s0:3
[2026-06-22 18:22:38] MAC FLAP ee:da:c5:7c:65:6e g1_s1:2 -> g2_s0:2
[2026-06-22 18:22:38] MAC FLAP 36:d6:c3:a1:1b:bc g1_s1:2 -> g2_s0:3
[2026-06-22 18:22:38] MAC FLAP 6e:a7:46:fb:98:1c g1_s1:2 -> g2_s0:3
[2026-06-22 18:22:38] MAC FLAP ce:66:35:af:d4:15 g1_s1:1 -> g2_s0:3
[2026-06-22 18:22:38] MAC FLAP 3e:be:ce:30:c7:ce g2_s1:2 -> g2_s0:3
[2026-06-22 18:22:38] MAC FLAP 46:7f:38:75:da:b0 g1_s0:2 -> g2_s0:3
[2026-06-22 18:22:38] MAC FLAP ba:76:e7:1f:d0:2f g1_s1:2 -> g2_s0:1
[2026-06-22 18:22:38] MAC FLAP 12:be:b0:77:3b:8c g1_s1:2 -> g2_s0:3
[2026-06-22 18:22:38] MAC FLAP fa:e9:c8:db:bd:f5 g1_s1:2 -> g2_s0:2
[2026-06-22 18:22:38] MAC FLAP de:ba:2d:b3:74:c2 g2_s0:3 -> g2_s1:2
[2026-06-22 18:22:38] MAC FLAP ce:63:3f:42:b5:98 g2_s0:3 -> g2_s1:2
[2026-06-22 18:22:38] MAC FLAP 36:d6:c3:a1:1b:bc g2_s0:3 -> g2_s1:2
[2026-06-22 18:22:38] MAC FLAP 6e:a7:46:fb:98:1c g2_s0:3 -> g2_s1:2
[2026-06-22 18:22:38] MAC FLAP ce:66:35:af:d4:15 g2_s0:3 -> g2_s1:2
[2026-06-22 18:22:38] MAC FLAP 3e:be:ce:30:c7:ce g2_s0:3 -> g2_s1:2
[2026-06-22 18:22:38] MAC FLAP 46:7f:38:75:da:b0 g2_s0:3 -> g2_s1:2
[2026-06-22 18:22:38] MAC FLAP ba:76:e7:1f:d0:2f g2_s0:1 -> g2_s1:2
[2026-06-22 18:22:38] MAC FLAP 12:be:b0:77:3b:8c g2_s0:3 -> g2_s1:2
[2026-06-22 18:22:38] MAC FLAP fa:e9:c8:db:bd:f5 g2_s0:2 -> g2_s1:1
[2026-06-22 18:22:43] MAC FLAP de:ba:2d:b3:74:c2 g2_s1:2 -> g0_s0:3
[2026-06-22 18:22:43] MAC FLAP ce:63:3f:42:b5:98 g2_s1:2 -> g0_s0:1
[2026-06-22 18:22:43] MAC FLAP 16:20:25:54:1a:6e g0_s1:2 -> g0_s0:3
[2026-06-22 18:22:43] MAC FLAP 6e:a7:46:fb:98:1c g2_s1:2 -> g0_s0:2
[2026-06-22 18:22:43] MAC FLAP 42:68:37:cc:76:27 g1_s1:2 -> g0_s0:3
[2026-06-22 18:22:43] MAC FLAP ee:da:c5:7c:65:6e g2_s0:2 -> g0_s0:3
[2026-06-22 18:22:43] MAC FLAP ce:66:35:af:d4:15 g2_s1:2 -> g0_s0:3
[2026-06-22 18:22:43] MAC FLAP 46:7f:38:75:da:b0 g2_s1:2 -> g0_s0:3
[2026-06-22 18:22:43] MAC FLAP ba:76:e7:1f:d0:2f g2_s1:2 -> g0_s0:3
[2026-06-22 18:22:43] MAC FLAP fa:e9:c8:db:bd:f5 g2_s1:1 -> g0_s0:3
[2026-06-22 18:22:43] MAC FLAP 12:be:b0:77:3b:8c g2_s1:2 -> g0_s0:2
[2026-06-22 18:22:43] MAC FLAP de:ba:2d:b3:74:c2 g0_s0:3 -> g0_s1:2
[2026-06-22 18:22:43] MAC FLAP ce:63:3f:42:b5:98 g0_s0:1 -> g0_s1:2
[2026-06-22 18:22:43] MAC FLAP 16:20:25:54:1a:6e g0_s0:3 -> g0_s1:2
[2026-06-22 18:22:43] MAC FLAP 42:68:37:cc:76:27 g0_s0:3 -> g0_s1:2
[2026-06-22 18:22:43] MAC FLAP ee:da:c5:7c:65:6e g0_s0:3 -> g0_s1:2
[2026-06-22 18:22:43] MAC FLAP ce:66:35:af:d4:15 g0_s0:3 -> g0_s1:2
[2026-06-22 18:22:43] MAC FLAP 46:7f:38:75:da:b0 g0_s0:3 -> g0_s1:2
[2026-06-22 18:22:43] MAC FLAP ba:76:e7:1f:d0:2f g0_s0:3 -> g0_s1:2
[2026-06-22 18:22:43] MAC FLAP 12:be:b0:77:3b:8c g0_s0:2 -> g0_s1:1
[2026-06-22 18:22:43] MAC FLAP fa:e9:c8:db:bd:f5 g0_s0:3 -> g0_s1:2
[2026-06-22 18:22:43] MAC FLAP de:ba:2d:b3:74:c2 g0_s1:2 -> g1_s0:1
[2026-06-22 18:22:43] MAC FLAP ce:63:3f:42:b5:98 g0_s1:2 -> g1_s0:3
[2026-06-22 18:22:43] MAC FLAP 36:d6:c3:a1:1b:bc g2_s1:2 -> g1_s0:3
[2026-06-22 18:22:43] MAC FLAP 42:68:37:cc:76:27 g0_s1:2 -> g1_s0:4
[2026-06-22 18:22:43] MAC FLAP 6e:a7:46:fb:98:1c g0_s0:2 -> g1_s0:3
[2026-06-22 18:22:43] MAC FLAP ee:da:c5:7c:65:6e g0_s1:2 -> g1_s0:4
[2026-06-22 18:22:43] MAC FLAP ce:66:35:af:d4:15 g0_s1:2 -> g1_s0:2
[2026-06-22 18:22:43] MAC FLAP 46:7f:38:75:da:b0 g0_s1:2 -> g1_s0:2
[2026-06-22 18:22:43] MAC FLAP ba:76:e7:1f:d0:2f g0_s1:2 -> g1_s0:4
[2026-06-22 18:22:43] MAC FLAP fa:e9:c8:db:bd:f5 g0_s1:2 -> g1_s0:4
[2026-06-22 18:22:43] MAC FLAP 12:be:b0:77:3b:8c g0_s1:1 -> g1_s0:3
[2026-06-22 18:22:43] MAC FLAP de:ba:2d:b3:74:c2 g1_s0:1 -> g1_s1:2
[2026-06-22 18:22:43] MAC FLAP ce:63:3f:42:b5:98 g1_s0:3 -> g1_s1:2
[2026-06-22 18:22:43] MAC FLAP fa:e9:c8:db:bd:f5 g1_s0:4 -> g1_s1:2
[2026-06-22 18:22:43] MAC FLAP 36:d6:c3:a1:1b:bc g1_s0:3 -> g1_s1:2
[2026-06-22 18:22:43] MAC FLAP 42:68:37:cc:76:27 g1_s0:4 -> g1_s1:2
[2026-06-22 18:22:43] MAC FLAP 6e:a7:46:fb:98:1c g1_s0:3 -> g1_s1:2
[2026-06-22 18:22:43] MAC FLAP ee:da:c5:7c:65:6e g1_s0:4 -> g1_s1:2
[2026-06-22 18:22:43] MAC FLAP ce:66:35:af:d4:15 g1_s0:2 -> g1_s1:1
[2026-06-22 18:22:43] MAC FLAP ba:76:e7:1f:d0:2f g1_s0:4 -> g1_s1:2
[2026-06-22 18:22:43] MAC FLAP 12:be:b0:77:3b:8c g1_s0:3 -> g1_s1:2
[2026-06-22 18:22:43] MAC FLAP de:ba:2d:b3:74:c2 g1_s1:2 -> g2_s0:3
[2026-06-22 18:22:43] MAC FLAP ce:63:3f:42:b5:98 g1_s1:2 -> g2_s0:3
[2026-06-22 18:22:43] MAC FLAP ee:da:c5:7c:65:6e g1_s1:2 -> g2_s0:2
[2026-06-22 18:22:43] MAC FLAP 36:d6:c3:a1:1b:bc g1_s1:2 -> g2_s0:3
[2026-06-22 18:22:43] MAC FLAP 6e:a7:46:fb:98:1c g1_s1:2 -> g2_s0:3
[2026-06-22 18:22:43] MAC FLAP ce:66:35:af:d4:15 g1_s1:1 -> g2_s0:3
[2026-06-22 18:22:43] MAC FLAP 3e:be:ce:30:c7:ce g2_s1:2 -> g2_s0:3
[2026-06-22 18:22:43] MAC FLAP 46:7f:38:75:da:b0 g1_s0:2 -> g2_s0:3
[2026-06-22 18:22:43] MAC FLAP ba:76:e7:1f:d0:2f g1_s1:2 -> g2_s0:1
[2026-06-22 18:22:43] MAC FLAP 12:be:b0:77:3b:8c g1_s1:2 -> g2_s0:3
[2026-06-22 18:22:43] MAC FLAP fa:e9:c8:db:bd:f5 g1_s1:2 -> g2_s0:2
[2026-06-22 18:22:43] MAC FLAP de:ba:2d:b3:74:c2 g2_s0:3 -> g2_s1:2
[2026-06-22 18:22:43] MAC FLAP ce:63:3f:42:b5:98 g2_s0:3 -> g2_s1:2
[2026-06-22 18:22:43] MAC FLAP 36:d6:c3:a1:1b:bc g2_s0:3 -> g2_s1:2
[2026-06-22 18:22:43] MAC FLAP 6e:a7:46:fb:98:1c g2_s0:3 -> g2_s1:2
[2026-06-22 18:22:43] MAC FLAP ce:66:35:af:d4:15 g2_s0:3 -> g2_s1:2
[2026-06-22 18:22:43] MAC FLAP 3e:be:ce:30:c7:ce g2_s0:3 -> g2_s1:2
[2026-06-22 18:22:43] MAC FLAP 46:7f:38:75:da:b0 g2_s0:3 -> g2_s1:2
[2026-06-22 18:22:43] MAC FLAP ba:76:e7:1f:d0:2f g2_s0:1 -> g2_s1:2
[2026-06-22 18:22:43] MAC FLAP 12:be:b0:77:3b:8c g2_s0:3 -> g2_s1:2
[2026-06-22 18:22:43] MAC FLAP fa:e9:c8:db:bd:f5 g2_s0:2 -> g2_s1:1
[2026-06-22 18:22:48] MAC FLAP de:ba:2d:b3:74:c2 g2_s1:2 -> g0_s0:3
[2026-06-22 18:22:48] MAC FLAP ce:63:3f:42:b5:98 g2_s1:2 -> g0_s0:1
[2026-06-22 18:22:48] MAC FLAP 16:20:25:54:1a:6e g0_s1:2 -> g0_s0:3
[2026-06-22 18:22:48] MAC FLAP 6e:a7:46:fb:98:1c g2_s1:2 -> g0_s0:2
[2026-06-22 18:22:48] MAC FLAP 42:68:37:cc:76:27 g1_s1:2 -> g0_s0:3
[2026-06-22 18:22:48] MAC FLAP ee:da:c5:7c:65:6e g2_s0:2 -> g0_s0:3
[2026-06-22 18:22:48] MAC FLAP ce:66:35:af:d4:15 g2_s1:2 -> g0_s0:3
[2026-06-22 18:22:48] MAC FLAP 46:7f:38:75:da:b0 g2_s1:2 -> g0_s0:3
[2026-06-22 18:22:48] MAC FLAP ba:76:e7:1f:d0:2f g2_s1:2 -> g0_s0:3
[2026-06-22 18:22:48] MAC FLAP fa:e9:c8:db:bd:f5 g2_s1:1 -> g0_s0:3
[2026-06-22 18:22:48] MAC FLAP 12:be:b0:77:3b:8c g2_s1:2 -> g0_s0:2
[2026-06-22 18:22:48] MAC FLAP de:ba:2d:b3:74:c2 g0_s0:3 -> g0_s1:2
[2026-06-22 18:22:48] MAC FLAP ce:63:3f:42:b5:98 g0_s0:1 -> g0_s1:2
[2026-06-22 18:22:48] MAC FLAP 16:20:25:54:1a:6e g0_s0:3 -> g0_s1:2
[2026-06-22 18:22:48] MAC FLAP 42:68:37:cc:76:27 g0_s0:3 -> g0_s1:2
[2026-06-22 18:22:48] MAC FLAP ee:da:c5:7c:65:6e g0_s0:3 -> g0_s1:2
[2026-06-22 18:22:48] MAC FLAP ce:66:35:af:d4:15 g0_s0:3 -> g0_s1:2
[2026-06-22 18:22:48] MAC FLAP 46:7f:38:75:da:b0 g0_s0:3 -> g0_s1:2
[2026-06-22 18:22:48] MAC FLAP ba:76:e7:1f:d0:2f g0_s0:3 -> g0_s1:2
[2026-06-22 18:22:48] MAC FLAP 12:be:b0:77:3b:8c g0_s0:2 -> g0_s1:1
[2026-06-22 18:22:48] MAC FLAP fa:e9:c8:db:bd:f5 g0_s0:3 -> g0_s1:2
[2026-06-22 18:22:48] MAC FLAP de:ba:2d:b3:74:c2 g0_s1:2 -> g1_s0:1
[2026-06-22 18:22:48] MAC FLAP ce:63:3f:42:b5:98 g0_s1:2 -> g1_s0:3
[2026-06-22 18:22:48] MAC FLAP 36:d6:c3:a1:1b:bc g2_s1:2 -> g1_s0:3
[2026-06-22 18:22:48] MAC FLAP 42:68:37:cc:76:27 g0_s1:2 -> g1_s0:4
[2026-06-22 18:22:48] MAC FLAP 6e:a7:46:fb:98:1c g0_s0:2 -> g1_s0:3
[2026-06-22 18:22:48] MAC FLAP ee:da:c5:7c:65:6e g0_s1:2 -> g1_s0:4
[2026-06-22 18:22:48] MAC FLAP ce:66:35:af:d4:15 g0_s1:2 -> g1_s0:2
[2026-06-22 18:22:48] MAC FLAP 46:7f:38:75:da:b0 g0_s1:2 -> g1_s0:2
[2026-06-22 18:22:48] MAC FLAP ba:76:e7:1f:d0:2f g0_s1:2 -> g1_s0:4
[2026-06-22 18:22:48] MAC FLAP fa:e9:c8:db:bd:f5 g0_s1:2 -> g1_s0:4
[2026-06-22 18:22:48] MAC FLAP 12:be:b0:77:3b:8c g0_s1:1 -> g1_s0:3
[2026-06-22 18:22:48] MAC FLAP de:ba:2d:b3:74:c2 g1_s0:1 -> g1_s1:2
[2026-06-22 18:22:48] MAC FLAP ce:63:3f:42:b5:98 g1_s0:3 -> g1_s1:2
[2026-06-22 18:22:48] MAC FLAP fa:e9:c8:db:bd:f5 g1_s0:4 -> g1_s1:2
[2026-06-22 18:22:48] MAC FLAP 36:d6:c3:a1:1b:bc g1_s0:3 -> g1_s1:2
[2026-06-22 18:22:48] MAC FLAP 42:68:37:cc:76:27 g1_s0:4 -> g1_s1:2
[2026-06-22 18:22:48] MAC FLAP 6e:a7:46:fb:98:1c g1_s0:3 -> g1_s1:2
[2026-06-22 18:22:48] MAC FLAP ee:da:c5:7c:65:6e g1_s0:4 -> g1_s1:2
[2026-06-22 18:22:48] MAC FLAP ce:66:35:af:d4:15 g1_s0:2 -> g1_s1:1
[2026-06-22 18:22:48] MAC FLAP ba:76:e7:1f:d0:2f g1_s0:4 -> g1_s1:2
[2026-06-22 18:22:48] MAC FLAP 12:be:b0:77:3b:8c g1_s0:3 -> g1_s1:2
[2026-06-22 18:22:48] MAC FLAP de:ba:2d:b3:74:c2 g1_s1:2 -> g2_s0:3
[2026-06-22 18:22:48] MAC FLAP ce:63:3f:42:b5:98 g1_s1:2 -> g2_s0:3
[2026-06-22 18:22:48] MAC FLAP ee:da:c5:7c:65:6e g1_s1:2 -> g2_s0:2
[2026-06-22 18:22:48] MAC FLAP 36:d6:c3:a1:1b:bc g1_s1:2 -> g2_s0:3
[2026-06-22 18:22:48] MAC FLAP 6e:a7:46:fb:98:1c g1_s1:2 -> g2_s0:3
[2026-06-22 18:22:48] MAC FLAP ce:66:35:af:d4:15 g1_s1:1 -> g2_s0:3
[2026-06-22 18:22:48] MAC FLAP 3e:be:ce:30:c7:ce g2_s1:2 -> g2_s0:3
[2026-06-22 18:22:48] MAC FLAP 46:7f:38:75:da:b0 g1_s0:2 -> g2_s0:3
[2026-06-22 18:22:48] MAC FLAP ba:76:e7:1f:d0:2f g1_s1:2 -> g2_s0:1
[2026-06-22 18:22:48] MAC FLAP 12:be:b0:77:3b:8c g1_s1:2 -> g2_s0:3
[2026-06-22 18:22:48] MAC FLAP fa:e9:c8:db:bd:f5 g1_s1:2 -> g2_s0:2
[2026-06-22 18:22:48] MAC FLAP de:ba:2d:b3:74:c2 g2_s0:3 -> g2_s1:2
[2026-06-22 18:22:48] MAC FLAP ce:63:3f:42:b5:98 g2_s0:3 -> g2_s1:2
[2026-06-22 18:22:48] MAC FLAP 36:d6:c3:a1:1b:bc g2_s0:3 -> g2_s1:2
[2026-06-22 18:22:48] MAC FLAP 6e:a7:46:fb:98:1c g2_s0:3 -> g2_s1:2
[2026-06-22 18:22:48] MAC FLAP ce:66:35:af:d4:15 g2_s0:3 -> g2_s1:2
[2026-06-22 18:22:48] MAC FLAP 3e:be:ce:30:c7:ce g2_s0:3 -> g2_s1:2
[2026-06-22 18:22:48] MAC FLAP 46:7f:38:75:da:b0 g2_s0:3 -> g2_s1:2
[2026-06-22 18:22:48] MAC FLAP ba:76:e7:1f:d0:2f g2_s0:1 -> g2_s1:2
[2026-06-22 18:22:48] MAC FLAP 12:be:b0:77:3b:8c g2_s0:3 -> g2_s1:2
[2026-06-22 18:22:48] MAC FLAP fa:e9:c8:db:bd:f5 g2_s0:2 -> g2_s1:1
[2026-06-22 18:22:53] MAC FLAP de:ba:2d:b3:74:c2 g2_s1:2 -> g0_s0:3
[2026-06-22 18:22:53] MAC FLAP ce:63:3f:42:b5:98 g2_s1:2 -> g0_s0:1
[2026-06-22 18:22:53] MAC FLAP 16:20:25:54:1a:6e g0_s1:2 -> g0_s0:3
[2026-06-22 18:22:53] MAC FLAP 6e:a7:46:fb:98:1c g2_s1:2 -> g0_s0:2
[2026-06-22 18:22:53] MAC FLAP 42:68:37:cc:76:27 g1_s1:2 -> g0_s0:3
[2026-06-22 18:22:53] MAC FLAP ee:da:c5:7c:65:6e g2_s0:2 -> g0_s0:3
[2026-06-22 18:22:53] MAC FLAP ce:66:35:af:d4:15 g2_s1:2 -> g0_s0:3
[2026-06-22 18:22:53] MAC FLAP 46:7f:38:75:da:b0 g2_s1:2 -> g0_s0:3
[2026-06-22 18:22:53] MAC FLAP ba:76:e7:1f:d0:2f g2_s1:2 -> g0_s0:3
[2026-06-22 18:22:53] MAC FLAP fa:e9:c8:db:bd:f5 g2_s1:1 -> g0_s0:3
[2026-06-22 18:22:53] MAC FLAP 12:be:b0:77:3b:8c g2_s1:2 -> g0_s0:2
[2026-06-22 18:22:53] MAC FLAP de:ba:2d:b3:74:c2 g0_s0:3 -> g0_s1:2
[2026-06-22 18:22:53] MAC FLAP ce:63:3f:42:b5:98 g0_s0:1 -> g0_s1:2
[2026-06-22 18:22:53] MAC FLAP 16:20:25:54:1a:6e g0_s0:3 -> g0_s1:2
[2026-06-22 18:22:53] MAC FLAP 42:68:37:cc:76:27 g0_s0:3 -> g0_s1:2
[2026-06-22 18:22:53] MAC FLAP ee:da:c5:7c:65:6e g0_s0:3 -> g0_s1:2
[2026-06-22 18:22:53] MAC FLAP ce:66:35:af:d4:15 g0_s0:3 -> g0_s1:2
[2026-06-22 18:22:53] MAC FLAP 46:7f:38:75:da:b0 g0_s0:3 -> g0_s1:2
[2026-06-22 18:22:53] MAC FLAP ba:76:e7:1f:d0:2f g0_s0:3 -> g0_s1:2
[2026-06-22 18:22:53] MAC FLAP 12:be:b0:77:3b:8c g0_s0:2 -> g0_s1:1
[2026-06-22 18:22:53] MAC FLAP fa:e9:c8:db:bd:f5 g0_s0:3 -> g0_s1:2
[2026-06-22 18:22:53] MAC FLAP de:ba:2d:b3:74:c2 g0_s1:2 -> g1_s0:1
[2026-06-22 18:22:53] MAC FLAP ce:63:3f:42:b5:98 g0_s1:2 -> g1_s0:3
[2026-06-22 18:22:53] MAC FLAP 36:d6:c3:a1:1b:bc g2_s1:2 -> g1_s0:3
[2026-06-22 18:22:53] MAC FLAP 42:68:37:cc:76:27 g0_s1:2 -> g1_s0:4
[2026-06-22 18:22:53] MAC FLAP 6e:a7:46:fb:98:1c g0_s0:2 -> g1_s0:3
[2026-06-22 18:22:53] MAC FLAP ee:da:c5:7c:65:6e g0_s1:2 -> g1_s0:4
[2026-06-22 18:22:53] MAC FLAP ce:66:35:af:d4:15 g0_s1:2 -> g1_s0:2
[2026-06-22 18:22:53] MAC FLAP 46:7f:38:75:da:b0 g0_s1:2 -> g1_s0:2
[2026-06-22 18:22:53] MAC FLAP ba:76:e7:1f:d0:2f g0_s1:2 -> g1_s0:4
[2026-06-22 18:22:53] MAC FLAP fa:e9:c8:db:bd:f5 g0_s1:2 -> g1_s0:4
[2026-06-22 18:22:53] MAC FLAP 12:be:b0:77:3b:8c g0_s1:1 -> g1_s0:3
[2026-06-22 18:22:53] MAC FLAP de:ba:2d:b3:74:c2 g1_s0:1 -> g1_s1:2
[2026-06-22 18:22:53] MAC FLAP ce:63:3f:42:b5:98 g1_s0:3 -> g1_s1:2
[2026-06-22 18:22:53] MAC FLAP fa:e9:c8:db:bd:f5 g1_s0:4 -> g1_s1:2
[2026-06-22 18:22:53] MAC FLAP 36:d6:c3:a1:1b:bc g1_s0:3 -> g1_s1:2
[2026-06-22 18:22:53] MAC FLAP 42:68:37:cc:76:27 g1_s0:4 -> g1_s1:2
[2026-06-22 18:22:53] MAC FLAP 6e:a7:46:fb:98:1c g1_s0:3 -> g1_s1:2
[2026-06-22 18:22:53] MAC FLAP ee:da:c5:7c:65:6e g1_s0:4 -> g1_s1:2
[2026-06-22 18:22:53] MAC FLAP ce:66:35:af:d4:15 g1_s0:2 -> g1_s1:1
[2026-06-22 18:22:53] MAC FLAP ba:76:e7:1f:d0:2f g1_s0:4 -> g1_s1:2
[2026-06-22 18:22:53] MAC FLAP 12:be:b0:77:3b:8c g1_s0:3 -> g1_s1:2
[2026-06-22 18:22:53] MAC FLAP de:ba:2d:b3:74:c2 g1_s1:2 -> g2_s0:3
[2026-06-22 18:22:53] MAC FLAP ce:63:3f:42:b5:98 g1_s1:2 -> g2_s0:3
[2026-06-22 18:22:53] MAC FLAP ee:da:c5:7c:65:6e g1_s1:2 -> g2_s0:2
[2026-06-22 18:22:53] MAC FLAP 36:d6:c3:a1:1b:bc g1_s1:2 -> g2_s0:3
[2026-06-22 18:22:53] MAC FLAP 6e:a7:46:fb:98:1c g1_s1:2 -> g2_s0:3
[2026-06-22 18:22:53] MAC FLAP ce:66:35:af:d4:15 g1_s1:1 -> g2_s0:3
[2026-06-22 18:22:53] MAC FLAP 3e:be:ce:30:c7:ce g2_s1:2 -> g2_s0:3
[2026-06-22 18:22:53] MAC FLAP 46:7f:38:75:da:b0 g1_s0:2 -> g2_s0:3
[2026-06-22 18:22:53] MAC FLAP ba:76:e7:1f:d0:2f g1_s1:2 -> g2_s0:1
[2026-06-22 18:22:53] MAC FLAP 12:be:b0:77:3b:8c g1_s1:2 -> g2_s0:3
[2026-06-22 18:22:53] MAC FLAP fa:e9:c8:db:bd:f5 g1_s1:2 -> g2_s0:2
[2026-06-22 18:22:53] MAC FLAP de:ba:2d:b3:74:c2 g2_s0:3 -> g2_s1:2
[2026-06-22 18:22:53] MAC FLAP ce:63:3f:42:b5:98 g2_s0:3 -> g2_s1:2
[2026-06-22 18:22:53] MAC FLAP 36:d6:c3:a1:1b:bc g2_s0:3 -> g2_s1:2
[2026-06-22 18:22:53] MAC FLAP 6e:a7:46:fb:98:1c g2_s0:3 -> g2_s1:2
[2026-06-22 18:22:53] MAC FLAP ce:66:35:af:d4:15 g2_s0:3 -> g2_s1:2
[2026-06-22 18:22:53] MAC FLAP 3e:be:ce:30:c7:ce g2_s0:3 -> g2_s1:2
[2026-06-22 18:22:53] MAC FLAP 46:7f:38:75:da:b0 g2_s0:3 -> g2_s1:2
[2026-06-22 18:22:53] MAC FLAP ba:76:e7:1f:d0:2f g2_s0:1 -> g2_s1:2
[2026-06-22 18:22:53] MAC FLAP 12:be:b0:77:3b:8c g2_s0:3 -> g2_s1:2
[2026-06-22 18:22:53] MAC FLAP fa:e9:c8:db:bd:f5 g2_s0:2 -> g2_s1:1
[2026-06-22 18:22:59] MAC FLAP de:ba:2d:b3:74:c2 g2_s1:2 -> g0_s0:3
[2026-06-22 18:22:59] MAC FLAP ce:63:3f:42:b5:98 g2_s1:2 -> g0_s0:1
[2026-06-22 18:22:59] MAC FLAP 16:20:25:54:1a:6e g0_s1:2 -> g0_s0:3
[2026-06-22 18:22:59] MAC FLAP 6e:a7:46:fb:98:1c g2_s1:2 -> g0_s0:2
[2026-06-22 18:22:59] MAC FLAP 42:68:37:cc:76:27 g1_s1:2 -> g0_s0:3
[2026-06-22 18:22:59] MAC FLAP ee:da:c5:7c:65:6e g2_s0:2 -> g0_s0:3
[2026-06-22 18:22:59] MAC FLAP ce:66:35:af:d4:15 g2_s1:2 -> g0_s0:3
[2026-06-22 18:22:59] MAC FLAP 46:7f:38:75:da:b0 g2_s1:2 -> g0_s0:3
[2026-06-22 18:22:59] MAC FLAP ba:76:e7:1f:d0:2f g2_s1:2 -> g0_s0:3
[2026-06-22 18:22:59] MAC FLAP fa:e9:c8:db:bd:f5 g2_s1:1 -> g0_s0:3
[2026-06-22 18:22:59] MAC FLAP 12:be:b0:77:3b:8c g2_s1:2 -> g0_s0:2
[2026-06-22 18:22:59] MAC FLAP de:ba:2d:b3:74:c2 g0_s0:3 -> g0_s1:2
[2026-06-22 18:22:59] MAC FLAP ce:63:3f:42:b5:98 g0_s0:1 -> g0_s1:2
[2026-06-22 18:22:59] MAC FLAP 16:20:25:54:1a:6e g0_s0:3 -> g0_s1:2
[2026-06-22 18:22:59] MAC FLAP 42:68:37:cc:76:27 g0_s0:3 -> g0_s1:2
[2026-06-22 18:22:59] MAC FLAP ee:da:c5:7c:65:6e g0_s0:3 -> g0_s1:2
[2026-06-22 18:22:59] MAC FLAP ce:66:35:af:d4:15 g0_s0:3 -> g0_s1:2
[2026-06-22 18:22:59] MAC FLAP 46:7f:38:75:da:b0 g0_s0:3 -> g0_s1:2
[2026-06-22 18:22:59] MAC FLAP ba:76:e7:1f:d0:2f g0_s0:3 -> g0_s1:2
[2026-06-22 18:22:59] MAC FLAP 12:be:b0:77:3b:8c g0_s0:2 -> g0_s1:1
[2026-06-22 18:22:59] MAC FLAP fa:e9:c8:db:bd:f5 g0_s0:3 -> g0_s1:2
[2026-06-22 18:22:59] MAC FLAP de:ba:2d:b3:74:c2 g0_s1:2 -> g1_s0:1
[2026-06-22 18:22:59] MAC FLAP ce:63:3f:42:b5:98 g0_s1:2 -> g1_s0:3
[2026-06-22 18:22:59] MAC FLAP 36:d6:c3:a1:1b:bc g2_s1:2 -> g1_s0:3
[2026-06-22 18:22:59] MAC FLAP 42:68:37:cc:76:27 g0_s1:2 -> g1_s0:4
[2026-06-22 18:22:59] MAC FLAP 6e:a7:46:fb:98:1c g0_s0:2 -> g1_s0:3
[2026-06-22 18:22:59] MAC FLAP ee:da:c5:7c:65:6e g0_s1:2 -> g1_s0:4
[2026-06-22 18:22:59] MAC FLAP ce:66:35:af:d4:15 g0_s1:2 -> g1_s0:2
[2026-06-22 18:22:59] MAC FLAP 46:7f:38:75:da:b0 g0_s1:2 -> g1_s0:2
[2026-06-22 18:22:59] MAC FLAP ba:76:e7:1f:d0:2f g0_s1:2 -> g1_s0:4
[2026-06-22 18:22:59] MAC FLAP fa:e9:c8:db:bd:f5 g0_s1:2 -> g1_s0:4
[2026-06-22 18:22:59] MAC FLAP 12:be:b0:77:3b:8c g0_s1:1 -> g1_s0:3
[2026-06-22 18:22:59] MAC FLAP de:ba:2d:b3:74:c2 g1_s0:1 -> g1_s1:2
[2026-06-22 18:22:59] MAC FLAP ce:63:3f:42:b5:98 g1_s0:3 -> g1_s1:2
[2026-06-22 18:22:59] MAC FLAP fa:e9:c8:db:bd:f5 g1_s0:4 -> g1_s1:2
[2026-06-22 18:22:59] MAC FLAP 36:d6:c3:a1:1b:bc g1_s0:3 -> g1_s1:2
[2026-06-22 18:22:59] MAC FLAP 42:68:37:cc:76:27 g1_s0:4 -> g1_s1:2
[2026-06-22 18:22:59] MAC FLAP 6e:a7:46:fb:98:1c g1_s0:3 -> g1_s1:2
[2026-06-22 18:22:59] MAC FLAP ee:da:c5:7c:65:6e g1_s0:4 -> g1_s1:2
[2026-06-22 18:22:59] MAC FLAP ce:66:35:af:d4:15 g1_s0:2 -> g1_s1:1
[2026-06-22 18:22:59] MAC FLAP ba:76:e7:1f:d0:2f g1_s0:4 -> g1_s1:2
[2026-06-22 18:22:59] MAC FLAP 12:be:b0:77:3b:8c g1_s0:3 -> g1_s1:2
[2026-06-22 18:22:59] MAC FLAP de:ba:2d:b3:74:c2 g1_s1:2 -> g2_s0:3
[2026-06-22 18:22:59] MAC FLAP ce:63:3f:42:b5:98 g1_s1:2 -> g2_s0:3
[2026-06-22 18:22:59] MAC FLAP ee:da:c5:7c:65:6e g1_s1:2 -> g2_s0:2
[2026-06-22 18:22:59] MAC FLAP 36:d6:c3:a1:1b:bc g1_s1:2 -> g2_s0:3
[2026-06-22 18:22:59] MAC FLAP 6e:a7:46:fb:98:1c g1_s1:2 -> g2_s0:3
[2026-06-22 18:22:59] MAC FLAP ce:66:35:af:d4:15 g1_s1:1 -> g2_s0:3
[2026-06-22 18:22:59] MAC FLAP 3e:be:ce:30:c7:ce g2_s1:2 -> g2_s0:3
[2026-06-22 18:22:59] MAC FLAP 46:7f:38:75:da:b0 g1_s0:2 -> g2_s0:3
[2026-06-22 18:22:59] MAC FLAP ba:76:e7:1f:d0:2f g1_s1:2 -> g2_s0:1
[2026-06-22 18:22:59] MAC FLAP 12:be:b0:77:3b:8c g1_s1:2 -> g2_s0:3
[2026-06-22 18:22:59] MAC FLAP fa:e9:c8:db:bd:f5 g1_s1:2 -> g2_s0:2
[2026-06-22 18:22:59] MAC FLAP de:ba:2d:b3:74:c2 g2_s0:3 -> g2_s1:2
[2026-06-22 18:22:59] MAC FLAP ce:63:3f:42:b5:98 g2_s0:3 -> g2_s1:2
[2026-06-22 18:22:59] MAC FLAP 36:d6:c3:a1:1b:bc g2_s0:3 -> g2_s1:2
[2026-06-22 18:22:59] MAC FLAP 6e:a7:46:fb:98:1c g2_s0:3 -> g2_s1:2
[2026-06-22 18:22:59] MAC FLAP ce:66:35:af:d4:15 g2_s0:3 -> g2_s1:2
[2026-06-22 18:22:59] MAC FLAP 3e:be:ce:30:c7:ce g2_s0:3 -> g2_s1:2
[2026-06-22 18:22:59] MAC FLAP 46:7f:38:75:da:b0 g2_s0:3 -> g2_s1:2
[2026-06-22 18:22:59] MAC FLAP ba:76:e7:1f:d0:2f g2_s0:1 -> g2_s1:2
[2026-06-22 18:22:59] MAC FLAP 12:be:b0:77:3b:8c g2_s0:3 -> g2_s1:2
[2026-06-22 18:22:59] MAC FLAP fa:e9:c8:db:bd:f5 g2_s0:2 -> g2_s1:1
[2026-06-22 18:23:04] MAC FLAP de:ba:2d:b3:74:c2 g2_s1:2 -> g0_s0:3
[2026-06-22 18:23:04] MAC FLAP ce:63:3f:42:b5:98 g2_s1:2 -> g0_s0:1
[2026-06-22 18:23:04] MAC FLAP 16:20:25:54:1a:6e g0_s1:2 -> g0_s0:3
[2026-06-22 18:23:04] MAC FLAP 6e:a7:46:fb:98:1c g2_s1:2 -> g0_s0:2
[2026-06-22 18:23:05] MAC FLAP 42:68:37:cc:76:27 g1_s1:2 -> g0_s0:3
[2026-06-22 18:23:05] MAC FLAP ee:da:c5:7c:65:6e g2_s0:2 -> g0_s0:3
[2026-06-22 18:23:05] MAC FLAP ce:66:35:af:d4:15 g2_s1:2 -> g0_s0:3
[2026-06-22 18:23:05] MAC FLAP 46:7f:38:75:da:b0 g2_s1:2 -> g0_s0:3
[2026-06-22 18:23:05] MAC FLAP ba:76:e7:1f:d0:2f g2_s1:2 -> g0_s0:3
[2026-06-22 18:23:05] MAC FLAP fa:e9:c8:db:bd:f5 g2_s1:1 -> g0_s0:3
[2026-06-22 18:23:05] MAC FLAP 12:be:b0:77:3b:8c g2_s1:2 -> g0_s0:2
[2026-06-22 18:23:05] MAC FLAP de:ba:2d:b3:74:c2 g0_s0:3 -> g0_s1:2
[2026-06-22 18:23:05] MAC FLAP ce:63:3f:42:b5:98 g0_s0:1 -> g0_s1:2
[2026-06-22 18:23:05] MAC FLAP 16:20:25:54:1a:6e g0_s0:3 -> g0_s1:2
[2026-06-22 18:23:05] MAC FLAP 42:68:37:cc:76:27 g0_s0:3 -> g0_s1:2
[2026-06-22 18:23:05] MAC FLAP ee:da:c5:7c:65:6e g0_s0:3 -> g0_s1:2
[2026-06-22 18:23:05] MAC FLAP ce:66:35:af:d4:15 g0_s0:3 -> g0_s1:2
[2026-06-22 18:23:05] MAC FLAP 46:7f:38:75:da:b0 g0_s0:3 -> g0_s1:2
[2026-06-22 18:23:05] MAC FLAP ba:76:e7:1f:d0:2f g0_s0:3 -> g0_s1:2
[2026-06-22 18:23:05] MAC FLAP 12:be:b0:77:3b:8c g0_s0:2 -> g0_s1:1
[2026-06-22 18:23:05] MAC FLAP fa:e9:c8:db:bd:f5 g0_s0:3 -> g0_s1:2
[2026-06-22 18:23:05] MAC FLAP de:ba:2d:b3:74:c2 g0_s1:2 -> g1_s0:1
[2026-06-22 18:23:05] MAC FLAP ce:63:3f:42:b5:98 g0_s1:2 -> g1_s0:3
[2026-06-22 18:23:05] MAC FLAP 36:d6:c3:a1:1b:bc g2_s1:2 -> g1_s0:3
[2026-06-22 18:23:05] MAC FLAP 42:68:37:cc:76:27 g0_s1:2 -> g1_s0:4
[2026-06-22 18:23:05] MAC FLAP 6e:a7:46:fb:98:1c g0_s0:2 -> g1_s0:3
[2026-06-22 18:23:05] MAC FLAP ee:da:c5:7c:65:6e g0_s1:2 -> g1_s0:4
[2026-06-22 18:23:05] MAC FLAP ce:66:35:af:d4:15 g0_s1:2 -> g1_s0:2
[2026-06-22 18:23:05] MAC FLAP 46:7f:38:75:da:b0 g0_s1:2 -> g1_s0:2
[2026-06-22 18:23:05] MAC FLAP ba:76:e7:1f:d0:2f g0_s1:2 -> g1_s0:4
[2026-06-22 18:23:05] MAC FLAP fa:e9:c8:db:bd:f5 g0_s1:2 -> g1_s0:4
[2026-06-22 18:23:05] MAC FLAP 12:be:b0:77:3b:8c g0_s1:1 -> g1_s0:3
[2026-06-22 18:23:05] MAC FLAP de:ba:2d:b3:74:c2 g1_s0:1 -> g1_s1:2
[2026-06-22 18:23:05] MAC FLAP ce:63:3f:42:b5:98 g1_s0:3 -> g1_s1:2
[2026-06-22 18:23:05] MAC FLAP fa:e9:c8:db:bd:f5 g1_s0:4 -> g1_s1:2
[2026-06-22 18:23:05] MAC FLAP 36:d6:c3:a1:1b:bc g1_s0:3 -> g1_s1:2
[2026-06-22 18:23:05] MAC FLAP 42:68:37:cc:76:27 g1_s0:4 -> g1_s1:2
[2026-06-22 18:23:05] MAC FLAP 6e:a7:46:fb:98:1c g1_s0:3 -> g1_s1:2
[2026-06-22 18:23:05] MAC FLAP ee:da:c5:7c:65:6e g1_s0:4 -> g1_s1:2
[2026-06-22 18:23:05] MAC FLAP ce:66:35:af:d4:15 g1_s0:2 -> g1_s1:1
[2026-06-22 18:23:05] MAC FLAP ba:76:e7:1f:d0:2f g1_s0:4 -> g1_s1:2
[2026-06-22 18:23:05] MAC FLAP 12:be:b0:77:3b:8c g1_s0:3 -> g1_s1:2
[2026-06-22 18:23:05] MAC FLAP de:ba:2d:b3:74:c2 g1_s1:2 -> g2_s0:3
[2026-06-22 18:23:05] MAC FLAP ce:63:3f:42:b5:98 g1_s1:2 -> g2_s0:3
[2026-06-22 18:23:05] MAC FLAP ee:da:c5:7c:65:6e g1_s1:2 -> g2_s0:2
[2026-06-22 18:23:05] MAC FLAP 36:d6:c3:a1:1b:bc g1_s1:2 -> g2_s0:3
[2026-06-22 18:23:05] MAC FLAP 6e:a7:46:fb:98:1c g1_s1:2 -> g2_s0:3
[2026-06-22 18:23:05] MAC FLAP ce:66:35:af:d4:15 g1_s1:1 -> g2_s0:3
[2026-06-22 18:23:05] MAC FLAP 3e:be:ce:30:c7:ce g2_s1:2 -> g2_s0:3
[2026-06-22 18:23:05] MAC FLAP 46:7f:38:75:da:b0 g1_s0:2 -> g2_s0:3
[2026-06-22 18:23:05] MAC FLAP ba:76:e7:1f:d0:2f g1_s1:2 -> g2_s0:1
[2026-06-22 18:23:05] MAC FLAP 12:be:b0:77:3b:8c g1_s1:2 -> g2_s0:3
[2026-06-22 18:23:05] MAC FLAP fa:e9:c8:db:bd:f5 g1_s1:2 -> g2_s0:2
[2026-06-22 18:23:05] MAC FLAP de:ba:2d:b3:74:c2 g2_s0:3 -> g2_s1:2
[2026-06-22 18:23:05] MAC FLAP ce:63:3f:42:b5:98 g2_s0:3 -> g2_s1:2
[2026-06-22 18:23:05] MAC FLAP 36:d6:c3:a1:1b:bc g2_s0:3 -> g2_s1:2
[2026-06-22 18:23:05] MAC FLAP 6e:a7:46:fb:98:1c g2_s0:3 -> g2_s1:2
[2026-06-22 18:23:05] MAC FLAP ce:66:35:af:d4:15 g2_s0:3 -> g2_s1:2
[2026-06-22 18:23:05] MAC FLAP 3e:be:ce:30:c7:ce g2_s0:3 -> g2_s1:2
[2026-06-22 18:23:05] MAC FLAP 46:7f:38:75:da:b0 g2_s0:3 -> g2_s1:2
[2026-06-22 18:23:05] MAC FLAP ba:76:e7:1f:d0:2f g2_s0:1 -> g2_s1:2
[2026-06-22 18:23:05] MAC FLAP 12:be:b0:77:3b:8c g2_s0:3 -> g2_s1:2
[2026-06-22 18:23:05] MAC FLAP fa:e9:c8:db:bd:f5 g2_s0:2 -> g2_s1:1
[2026-06-22 18:23:10] MAC FLAP de:ba:2d:b3:74:c2 g2_s1:2 -> g0_s0:3
[2026-06-22 18:23:10] MAC FLAP ce:63:3f:42:b5:98 g2_s1:2 -> g0_s0:1
[2026-06-22 18:23:10] MAC FLAP 16:20:25:54:1a:6e g0_s1:2 -> g0_s0:3
[2026-06-22 18:23:10] MAC FLAP 6e:a7:46:fb:98:1c g2_s1:2 -> g0_s0:2
[2026-06-22 18:23:10] MAC FLAP 42:68:37:cc:76:27 g1_s1:2 -> g0_s0:3
[2026-06-22 18:23:10] MAC FLAP ee:da:c5:7c:65:6e g2_s0:2 -> g0_s0:3
[2026-06-22 18:23:10] MAC FLAP ce:66:35:af:d4:15 g2_s1:2 -> g0_s0:3
[2026-06-22 18:23:10] MAC FLAP 46:7f:38:75:da:b0 g2_s1:2 -> g0_s0:3
[2026-06-22 18:23:10] MAC FLAP ba:76:e7:1f:d0:2f g2_s1:2 -> g0_s0:3
[2026-06-22 18:23:10] MAC FLAP fa:e9:c8:db:bd:f5 g2_s1:1 -> g0_s0:3
[2026-06-22 18:23:10] MAC FLAP 12:be:b0:77:3b:8c g2_s1:2 -> g0_s0:2
[2026-06-22 18:23:10] MAC FLAP de:ba:2d:b3:74:c2 g0_s0:3 -> g0_s1:2
[2026-06-22 18:23:10] MAC FLAP ce:63:3f:42:b5:98 g0_s0:1 -> g0_s1:2
[2026-06-22 18:23:10] MAC FLAP 16:20:25:54:1a:6e g0_s0:3 -> g0_s1:2
[2026-06-22 18:23:10] MAC FLAP 42:68:37:cc:76:27 g0_s0:3 -> g0_s1:2
[2026-06-22 18:23:10] MAC FLAP ee:da:c5:7c:65:6e g0_s0:3 -> g0_s1:2
[2026-06-22 18:23:10] MAC FLAP ce:66:35:af:d4:15 g0_s0:3 -> g0_s1:2
[2026-06-22 18:23:10] MAC FLAP 46:7f:38:75:da:b0 g0_s0:3 -> g0_s1:2
[2026-06-22 18:23:10] MAC FLAP ba:76:e7:1f:d0:2f g0_s0:3 -> g0_s1:2
[2026-06-22 18:23:10] MAC FLAP 12:be:b0:77:3b:8c g0_s0:2 -> g0_s1:1
[2026-06-22 18:23:10] MAC FLAP fa:e9:c8:db:bd:f5 g0_s0:3 -> g0_s1:2
[2026-06-22 18:23:10] MAC FLAP de:ba:2d:b3:74:c2 g0_s1:2 -> g1_s0:1
[2026-06-22 18:23:10] MAC FLAP ce:63:3f:42:b5:98 g0_s1:2 -> g1_s0:3
[2026-06-22 18:23:10] MAC FLAP 36:d6:c3:a1:1b:bc g2_s1:2 -> g1_s0:3
[2026-06-22 18:23:10] MAC FLAP 42:68:37:cc:76:27 g0_s1:2 -> g1_s0:4
[2026-06-22 18:23:10] MAC FLAP 6e:a7:46:fb:98:1c g0_s0:2 -> g1_s0:3
[2026-06-22 18:23:10] MAC FLAP ee:da:c5:7c:65:6e g0_s1:2 -> g1_s0:4
[2026-06-22 18:23:10] MAC FLAP ce:66:35:af:d4:15 g0_s1:2 -> g1_s0:2
[2026-06-22 18:23:10] MAC FLAP 46:7f:38:75:da:b0 g0_s1:2 -> g1_s0:2
[2026-06-22 18:23:10] MAC FLAP ba:76:e7:1f:d0:2f g0_s1:2 -> g1_s0:4
[2026-06-22 18:23:10] MAC FLAP fa:e9:c8:db:bd:f5 g0_s1:2 -> g1_s0:4
[2026-06-22 18:23:10] MAC FLAP 12:be:b0:77:3b:8c g0_s1:1 -> g1_s0:3
[2026-06-22 18:23:10] MAC FLAP de:ba:2d:b3:74:c2 g1_s0:1 -> g1_s1:2
[2026-06-22 18:23:10] MAC FLAP ce:63:3f:42:b5:98 g1_s0:3 -> g1_s1:2
[2026-06-22 18:23:10] MAC FLAP fa:e9:c8:db:bd:f5 g1_s0:4 -> g1_s1:2
[2026-06-22 18:23:10] MAC FLAP 36:d6:c3:a1:1b:bc g1_s0:3 -> g1_s1:2
[2026-06-22 18:23:10] MAC FLAP 42:68:37:cc:76:27 g1_s0:4 -> g1_s1:2
[2026-06-22 18:23:10] MAC FLAP 6e:a7:46:fb:98:1c g1_s0:3 -> g1_s1:2
[2026-06-22 18:23:10] MAC FLAP ee:da:c5:7c:65:6e g1_s0:4 -> g1_s1:2
[2026-06-22 18:23:10] MAC FLAP ce:66:35:af:d4:15 g1_s0:2 -> g1_s1:1
[2026-06-22 18:23:10] MAC FLAP ba:76:e7:1f:d0:2f g1_s0:4 -> g1_s1:2
[2026-06-22 18:23:10] MAC FLAP 12:be:b0:77:3b:8c g1_s0:3 -> g1_s1:2
[2026-06-22 18:23:10] MAC FLAP de:ba:2d:b3:74:c2 g1_s1:2 -> g2_s0:3
[2026-06-22 18:23:10] MAC FLAP ce:63:3f:42:b5:98 g1_s1:2 -> g2_s0:3
[2026-06-22 18:23:10] MAC FLAP ee:da:c5:7c:65:6e g1_s1:2 -> g2_s0:2
[2026-06-22 18:23:10] MAC FLAP 36:d6:c3:a1:1b:bc g1_s1:2 -> g2_s0:3
[2026-06-22 18:23:10] MAC FLAP 6e:a7:46:fb:98:1c g1_s1:2 -> g2_s0:3
[2026-06-22 18:23:10] MAC FLAP ce:66:35:af:d4:15 g1_s1:1 -> g2_s0:3
[2026-06-22 18:23:10] MAC FLAP 3e:be:ce:30:c7:ce g2_s1:2 -> g2_s0:3
[2026-06-22 18:23:10] MAC FLAP 46:7f:38:75:da:b0 g1_s0:2 -> g2_s0:3
[2026-06-22 18:23:10] MAC FLAP ba:76:e7:1f:d0:2f g1_s1:2 -> g2_s0:1
[2026-06-22 18:23:10] MAC FLAP 12:be:b0:77:3b:8c g1_s1:2 -> g2_s0:3
[2026-06-22 18:23:10] MAC FLAP fa:e9:c8:db:bd:f5 g1_s1:2 -> g2_s0:2
[2026-06-22 18:23:10] MAC FLAP de:ba:2d:b3:74:c2 g2_s0:3 -> g2_s1:2
[2026-06-22 18:23:10] MAC FLAP ce:63:3f:42:b5:98 g2_s0:3 -> g2_s1:2
[2026-06-22 18:23:10] MAC FLAP 36:d6:c3:a1:1b:bc g2_s0:3 -> g2_s1:2
[2026-06-22 18:23:10] MAC FLAP 6e:a7:46:fb:98:1c g2_s0:3 -> g2_s1:2
[2026-06-22 18:23:10] MAC FLAP ce:66:35:af:d4:15 g2_s0:3 -> g2_s1:2
[2026-06-22 18:23:10] MAC FLAP 3e:be:ce:30:c7:ce g2_s0:3 -> g2_s1:2
[2026-06-22 18:23:10] MAC FLAP 46:7f:38:75:da:b0 g2_s0:3 -> g2_s1:2
[2026-06-22 18:23:10] MAC FLAP ba:76:e7:1f:d0:2f g2_s0:1 -> g2_s1:2
[2026-06-22 18:23:10] MAC FLAP 12:be:b0:77:3b:8c g2_s0:3 -> g2_s1:2
[2026-06-22 18:23:10] MAC FLAP fa:e9:c8:db:bd:f5 g2_s0:2 -> g2_s1:1
[2026-06-22 18:24:06] Baseline snapshot created (0 entries)
[2026-06-22 18:24:06] LEARNED 86:6d:5b:88:dc:91 -> g2_s0:3
[2026-06-22 18:24:06] LEARNED 3e:27:e2:b0:0d:e4 -> g2_s0:2
[2026-06-22 18:24:06] LEARNED 5e:41:92:74:c5:d4 -> g2_s0:3
[2026-06-22 18:24:06] LEARNED 0e:42:ad:57:e2:18 -> g2_s0:3
[2026-06-22 18:24:06] LEARNED fe:29:d9:57:d8:31 -> g2_s0:3
[2026-06-22 18:24:06] LEARNED 66:84:c0:0e:a8:24 -> g2_s0:3
[2026-06-22 18:24:06] LEARNED 36:45:3d:19:39:93 -> g2_s0:3
[2026-06-22 18:24:06] LEARNED 96:90:a8:e7:f3:0a -> g2_s0:3
[2026-06-22 18:24:06] LEARNED d2:2c:cf:b3:3f:63 -> g2_s0:3
[2026-06-22 18:24:06] LEARNED 5a:56:8b:1e:e3:c7 -> g2_s0:1
[2026-06-22 18:24:06] LEARNED 1a:8a:71:82:0e:79 -> g2_s0:2
[2026-06-22 18:24:17] MAC FLAP 5e:41:92:74:c5:d4 g2_s0:3 -> g2_s1:2
[2026-06-22 18:25:24] Baseline snapshot created (28 entries)
[2026-06-22 18:25:24] LEARNED 0e:42:ad:57:e2:18 -> g0_s0:2
[2026-06-22 18:25:24] LEARNED 3e:27:e2:b0:0d:e4 -> g0_s0:3
[2026-06-22 18:25:24] LEARNED 66:84:c0:0e:a8:24 -> g0_s0:1
[2026-06-22 18:25:24] LEARNED 1a:8a:71:82:0e:79 -> g0_s0:3
[2026-06-22 18:25:24] LEARNED 5e:41:92:74:c5:d4 -> g0_s0:3
[2026-06-22 18:25:24] LEARNED 16:10:ac:42:7d:df -> g0_s0:3
[2026-06-22 18:25:24] LEARNED 36:45:3d:19:39:93 -> g0_s0:2
[2026-06-22 18:25:24] MAC FLAP 3e:27:e2:b0:0d:e4 g0_s0:3 -> g0_s1:2
[2026-06-22 18:25:24] LEARNED d6:5e:89:21:5d:45 -> g0_s1:2
[2026-06-22 18:25:24] MAC FLAP 66:84:c0:0e:a8:24 g0_s0:1 -> g0_s1:2
[2026-06-22 18:25:24] MAC FLAP 1a:8a:71:82:0e:79 g0_s0:3 -> g0_s1:2
[2026-06-22 18:25:24] MAC FLAP 5e:41:92:74:c5:d4 g0_s0:3 -> g0_s1:2
[2026-06-22 18:25:24] MAC FLAP 16:10:ac:42:7d:df g0_s0:3 -> g0_s1:2
[2026-06-22 18:25:24] MAC FLAP 36:45:3d:19:39:93 g0_s0:2 -> g0_s1:1
[2026-06-22 18:25:24] MAC FLAP 0e:42:ad:57:e2:18 g0_s0:2 -> g1_s0:3
[2026-06-22 18:25:24] MAC FLAP 3e:27:e2:b0:0d:e4 g0_s1:2 -> g1_s0:4
[2026-06-22 18:25:24] MAC FLAP 66:84:c0:0e:a8:24 g0_s1:2 -> g1_s0:3
[2026-06-22 18:25:24] LEARNED fe:29:d9:57:d8:31 -> g1_s0:3
[2026-06-22 18:25:24] MAC FLAP 1a:8a:71:82:0e:79 g0_s1:2 -> g1_s0:4
[2026-06-22 18:25:24] MAC FLAP 5e:41:92:74:c5:d4 g0_s1:2 -> g1_s0:2
[2026-06-22 18:25:24] MAC FLAP 36:45:3d:19:39:93 g0_s1:1 -> g1_s0:3
[2026-06-22 18:25:24] MAC FLAP 0e:42:ad:57:e2:18 g1_s0:3 -> g1_s1:2
[2026-06-22 18:25:24] MAC FLAP 3e:27:e2:b0:0d:e4 g1_s0:4 -> g1_s1:2
[2026-06-22 18:25:24] MAC FLAP 66:84:c0:0e:a8:24 g1_s0:3 -> g1_s1:2
[2026-06-22 18:25:24] MAC FLAP fe:29:d9:57:d8:31 g1_s0:3 -> g1_s1:2
[2026-06-22 18:25:24] MAC FLAP 1a:8a:71:82:0e:79 g1_s0:4 -> g1_s1:2
[2026-06-22 18:25:24] LEARNED ee:32:9b:c6:f9:0c -> g1_s1:2
[2026-06-22 18:25:24] MAC FLAP 36:45:3d:19:39:93 g1_s0:3 -> g1_s1:2
[2026-06-22 18:25:24] LEARNED 5a:56:8b:1e:e3:c7 -> g2_s0:1
[2026-06-22 18:25:24] LEARNED 96:90:a8:e7:f3:0a -> g2_s0:3
[2026-06-22 18:25:24] LEARNED d2:2c:cf:b3:3f:63 -> g2_s0:3
[2026-06-22 18:25:24] LEARNED 86:6d:5b:88:dc:91 -> g2_s0:3
[2026-06-22 18:25:24] MAC FLAP 3e:27:e2:b0:0d:e4 g1_s1:2 -> g2_s0:2
[2026-06-22 18:25:24] MAC FLAP 0e:42:ad:57:e2:18 g1_s1:2 -> g2_s0:3
[2026-06-22 18:25:24] MAC FLAP 66:84:c0:0e:a8:24 g1_s1:2 -> g2_s0:3
[2026-06-22 18:25:24] MAC FLAP fe:29:d9:57:d8:31 g1_s1:2 -> g2_s0:3
[2026-06-22 18:25:24] MAC FLAP 1a:8a:71:82:0e:79 g1_s1:2 -> g2_s0:2
[2026-06-22 18:25:24] MAC FLAP 5e:41:92:74:c5:d4 g1_s0:2 -> g2_s0:3
[2026-06-22 18:25:24] MAC FLAP 36:45:3d:19:39:93 g1_s1:2 -> g2_s0:3
[2026-06-22 18:25:24] LEARNED 0e:f0:c2:34:02:80 -> g2_s1:2
[2026-06-22 18:25:24] MAC FLAP 0e:42:ad:57:e2:18 g2_s0:3 -> g2_s1:2
[2026-06-22 18:25:24] MAC FLAP 66:84:c0:0e:a8:24 g2_s0:3 -> g2_s1:2
[2026-06-22 18:25:24] MAC FLAP fe:29:d9:57:d8:31 g2_s0:3 -> g2_s1:2
[2026-06-22 18:25:24] MAC FLAP 1a:8a:71:82:0e:79 g2_s0:2 -> g2_s1:1
[2026-06-22 18:25:24] MAC FLAP 5e:41:92:74:c5:d4 g2_s0:3 -> g2_s1:2
[2026-06-22 18:25:24] MAC FLAP 36:45:3d:19:39:93 g2_s0:3 -> g2_s1:2
[2026-06-22 18:25:29] MAC FLAP 0e:42:ad:57:e2:18 g2_s1:2 -> g0_s0:2
[2026-06-22 18:25:29] MAC FLAP 3e:27:e2:b0:0d:e4 g2_s0:2 -> g0_s0:3
[2026-06-22 18:25:29] MAC FLAP 66:84:c0:0e:a8:24 g2_s1:2 -> g0_s0:1
[2026-06-22 18:25:29] MAC FLAP 1a:8a:71:82:0e:79 g2_s1:1 -> g0_s0:3
[2026-06-22 18:25:29] MAC FLAP 5e:41:92:74:c5:d4 g2_s1:2 -> g0_s0:3
[2026-06-22 18:25:29] MAC FLAP 16:10:ac:42:7d:df g0_s1:2 -> g0_s0:3
[2026-06-22 18:25:29] MAC FLAP 36:45:3d:19:39:93 g2_s1:2 -> g0_s0:2
[2026-06-22 18:25:29] LEARNED 72:19:6f:ec:0b:a8 -> g0_s0:3
[2026-06-22 18:25:29] MAC FLAP 5a:56:8b:1e:e3:c7 g2_s0:1 -> g0_s0:3
[2026-06-22 18:25:29] MAC FLAP d2:2c:cf:b3:3f:63 g2_s0:3 -> g0_s0:3
[2026-06-22 18:25:29] MAC FLAP 3e:27:e2:b0:0d:e4 g0_s0:3 -> g0_s1:2
[2026-06-22 18:25:29] MAC FLAP 66:84:c0:0e:a8:24 g0_s0:1 -> g0_s1:2
[2026-06-22 18:25:29] MAC FLAP 1a:8a:71:82:0e:79 g0_s0:3 -> g0_s1:2
[2026-06-22 18:25:29] MAC FLAP 5e:41:92:74:c5:d4 g0_s0:3 -> g0_s1:2
[2026-06-22 18:25:29] MAC FLAP 16:10:ac:42:7d:df g0_s0:3 -> g0_s1:2
[2026-06-22 18:25:29] MAC FLAP 36:45:3d:19:39:93 g0_s0:2 -> g0_s1:1
[2026-06-22 18:25:29] MAC FLAP 72:19:6f:ec:0b:a8 g0_s0:3 -> g0_s1:2
[2026-06-22 18:25:29] MAC FLAP 5a:56:8b:1e:e3:c7 g0_s0:3 -> g0_s1:2
[2026-06-22 18:25:29] MAC FLAP d2:2c:cf:b3:3f:63 g0_s0:3 -> g0_s1:2
[2026-06-22 18:25:29] MAC FLAP 0e:42:ad:57:e2:18 g0_s0:2 -> g1_s0:3
[2026-06-22 18:25:29] MAC FLAP 3e:27:e2:b0:0d:e4 g0_s1:2 -> g1_s0:4
[2026-06-22 18:25:29] MAC FLAP 66:84:c0:0e:a8:24 g0_s1:2 -> g1_s0:3
[2026-06-22 18:25:29] MAC FLAP fe:29:d9:57:d8:31 g2_s1:2 -> g1_s0:3
[2026-06-22 18:25:29] MAC FLAP 1a:8a:71:82:0e:79 g0_s1:2 -> g1_s0:4
[2026-06-22 18:25:29] MAC FLAP 5e:41:92:74:c5:d4 g0_s1:2 -> g1_s0:2
[2026-06-22 18:25:29] MAC FLAP 36:45:3d:19:39:93 g0_s1:1 -> g1_s0:3
[2026-06-22 18:25:29] MAC FLAP 72:19:6f:ec:0b:a8 g0_s1:2 -> g1_s0:4
[2026-06-22 18:25:29] MAC FLAP 5a:56:8b:1e:e3:c7 g0_s1:2 -> g1_s0:4
[2026-06-22 18:25:29] MAC FLAP d2:2c:cf:b3:3f:63 g0_s1:2 -> g1_s0:2
[2026-06-22 18:25:29] MAC FLAP 0e:42:ad:57:e2:18 g1_s0:3 -> g1_s1:2
[2026-06-22 18:25:29] MAC FLAP 3e:27:e2:b0:0d:e4 g1_s0:4 -> g1_s1:2
[2026-06-22 18:25:29] MAC FLAP 66:84:c0:0e:a8:24 g1_s0:3 -> g1_s1:2
[2026-06-22 18:25:29] MAC FLAP fe:29:d9:57:d8:31 g1_s0:3 -> g1_s1:2
[2026-06-22 18:25:29] MAC FLAP 1a:8a:71:82:0e:79 g1_s0:4 -> g1_s1:2
[2026-06-22 18:25:29] MAC FLAP 36:45:3d:19:39:93 g1_s0:3 -> g1_s1:2
[2026-06-22 18:25:29] MAC FLAP 72:19:6f:ec:0b:a8 g1_s0:4 -> g1_s1:2
[2026-06-22 18:25:29] MAC FLAP 5a:56:8b:1e:e3:c7 g1_s0:4 -> g1_s1:2
[2026-06-22 18:25:29] MAC FLAP d2:2c:cf:b3:3f:63 g1_s0:2 -> g1_s1:1
[2026-06-22 18:25:29] MAC FLAP 3e:27:e2:b0:0d:e4 g1_s1:2 -> g2_s0:2
[2026-06-22 18:25:29] MAC FLAP 0e:42:ad:57:e2:18 g1_s1:2 -> g2_s0:3
[2026-06-22 18:25:29] MAC FLAP 66:84:c0:0e:a8:24 g1_s1:2 -> g2_s0:3
[2026-06-22 18:25:29] MAC FLAP fe:29:d9:57:d8:31 g1_s1:2 -> g2_s0:3
[2026-06-22 18:25:29] MAC FLAP 1a:8a:71:82:0e:79 g1_s1:2 -> g2_s0:2
[2026-06-22 18:25:29] MAC FLAP 5e:41:92:74:c5:d4 g1_s0:2 -> g2_s0:3
[2026-06-22 18:25:29] MAC FLAP 36:45:3d:19:39:93 g1_s1:2 -> g2_s0:3
[2026-06-22 18:25:29] MAC FLAP 5a:56:8b:1e:e3:c7 g1_s1:2 -> g2_s0:1
[2026-06-22 18:25:29] MAC FLAP d2:2c:cf:b3:3f:63 g1_s1:1 -> g2_s0:3
[2026-06-22 18:25:29] MAC FLAP 0e:42:ad:57:e2:18 g2_s0:3 -> g2_s1:2
[2026-06-22 18:25:29] MAC FLAP 66:84:c0:0e:a8:24 g2_s0:3 -> g2_s1:2
[2026-06-22 18:25:29] MAC FLAP fe:29:d9:57:d8:31 g2_s0:3 -> g2_s1:2
[2026-06-22 18:25:29] MAC FLAP 1a:8a:71:82:0e:79 g2_s0:2 -> g2_s1:1
[2026-06-22 18:25:29] MAC FLAP 5e:41:92:74:c5:d4 g2_s0:3 -> g2_s1:2
[2026-06-22 18:25:29] MAC FLAP 36:45:3d:19:39:93 g2_s0:3 -> g2_s1:2
[2026-06-22 18:25:29] MAC FLAP 86:6d:5b:88:dc:91 g2_s0:3 -> g2_s1:2
[2026-06-22 18:25:29] MAC FLAP 5a:56:8b:1e:e3:c7 g2_s0:1 -> g2_s1:2
[2026-06-22 18:25:29] MAC FLAP d2:2c:cf:b3:3f:63 g2_s0:3 -> g2_s1:2
[2026-06-22 18:25:34] MAC FLAP 66:84:c0:0e:a8:24 g2_s1:2 -> g0_s0:1
[2026-06-22 18:25:34] MAC FLAP 1a:8a:71:82:0e:79 g2_s1:1 -> g0_s0:3
[2026-06-22 18:25:34] MAC FLAP 36:45:3d:19:39:93 g2_s1:2 -> g0_s0:2
[2026-06-22 18:25:34] MAC FLAP 5a:56:8b:1e:e3:c7 g2_s1:2 -> g0_s0:3
[2026-06-22 18:25:34] MAC FLAP d2:2c:cf:b3:3f:63 g2_s1:2 -> g0_s0:3
[2026-06-22 18:25:34] MAC FLAP 72:19:6f:ec:0b:a8 g1_s1:2 -> g0_s0:3
[2026-06-22 18:25:34] MAC FLAP 0e:42:ad:57:e2:18 g2_s1:2 -> g0_s0:2
[2026-06-22 18:25:34] MAC FLAP 16:10:ac:42:7d:df g0_s1:2 -> g0_s0:3
[2026-06-22 18:25:34] MAC FLAP 5e:41:92:74:c5:d4 g2_s1:2 -> g0_s0:3
[2026-06-22 18:25:34] MAC FLAP 3e:27:e2:b0:0d:e4 g2_s0:2 -> g0_s0:3
[2026-06-22 18:25:34] MAC FLAP 96:90:a8:e7:f3:0a g2_s0:3 -> g0_s0:3
[2026-06-22 18:25:34] MAC FLAP 66:84:c0:0e:a8:24 g0_s0:1 -> g0_s1:2
[2026-06-22 18:25:34] MAC FLAP 1a:8a:71:82:0e:79 g0_s0:3 -> g0_s1:2
[2026-06-22 18:25:34] MAC FLAP 36:45:3d:19:39:93 g0_s0:2 -> g0_s1:1
[2026-06-22 18:25:34] MAC FLAP 5a:56:8b:1e:e3:c7 g0_s0:3 -> g0_s1:2
[2026-06-22 18:25:34] MAC FLAP d2:2c:cf:b3:3f:63 g0_s0:3 -> g0_s1:2
[2026-06-22 18:25:34] MAC FLAP 72:19:6f:ec:0b:a8 g0_s0:3 -> g0_s1:2
[2026-06-22 18:25:34] MAC FLAP 16:10:ac:42:7d:df g0_s0:3 -> g0_s1:2
[2026-06-22 18:25:34] MAC FLAP 3e:27:e2:b0:0d:e4 g0_s0:3 -> g0_s1:2
[2026-06-22 18:25:34] MAC FLAP 5e:41:92:74:c5:d4 g0_s0:3 -> g0_s1:2
[2026-06-22 18:25:34] MAC FLAP 96:90:a8:e7:f3:0a g0_s0:3 -> g0_s1:2
[2026-06-22 18:25:34] MAC FLAP 66:84:c0:0e:a8:24 g0_s1:2 -> g1_s0:3
[2026-06-22 18:25:34] MAC FLAP 1a:8a:71:82:0e:79 g0_s1:2 -> g1_s0:4
[2026-06-22 18:25:34] MAC FLAP 36:45:3d:19:39:93 g0_s1:1 -> g1_s0:3
[2026-06-22 18:25:34] MAC FLAP 5a:56:8b:1e:e3:c7 g0_s1:2 -> g1_s0:4
[2026-06-22 18:25:34] MAC FLAP d2:2c:cf:b3:3f:63 g0_s1:2 -> g1_s0:2
[2026-06-22 18:25:34] MAC FLAP 72:19:6f:ec:0b:a8 g0_s1:2 -> g1_s0:4
[2026-06-22 18:25:34] MAC FLAP fe:29:d9:57:d8:31 g2_s1:2 -> g1_s0:3
[2026-06-22 18:25:34] MAC FLAP 5e:41:92:74:c5:d4 g0_s1:2 -> g1_s0:2
[2026-06-22 18:25:34] MAC FLAP 0e:42:ad:57:e2:18 g0_s0:2 -> g1_s0:3
[2026-06-22 18:25:34] MAC FLAP 3e:27:e2:b0:0d:e4 g0_s1:2 -> g1_s0:4
[2026-06-22 18:25:34] MAC FLAP 96:90:a8:e7:f3:0a g0_s1:2 -> g1_s0:1
[2026-06-22 18:25:34] MAC FLAP 66:84:c0:0e:a8:24 g1_s0:3 -> g1_s1:2
[2026-06-22 18:25:34] MAC FLAP 1a:8a:71:82:0e:79 g1_s0:4 -> g1_s1:2
[2026-06-22 18:25:34] MAC FLAP 36:45:3d:19:39:93 g1_s0:3 -> g1_s1:2
[2026-06-22 18:25:34] MAC FLAP 5a:56:8b:1e:e3:c7 g1_s0:4 -> g1_s1:2
[2026-06-22 18:25:34] MAC FLAP d2:2c:cf:b3:3f:63 g1_s0:2 -> g1_s1:1
[2026-06-22 18:25:34] MAC FLAP 72:19:6f:ec:0b:a8 g1_s0:4 -> g1_s1:2
[2026-06-22 18:25:34] MAC FLAP fe:29:d9:57:d8:31 g1_s0:3 -> g1_s1:2
[2026-06-22 18:25:34] MAC FLAP 0e:42:ad:57:e2:18 g1_s0:3 -> g1_s1:2
[2026-06-22 18:25:34] MAC FLAP 3e:27:e2:b0:0d:e4 g1_s0:4 -> g1_s1:2
[2026-06-22 18:25:34] MAC FLAP 96:90:a8:e7:f3:0a g1_s0:1 -> g1_s1:2
[2026-06-22 18:25:34] MAC FLAP 66:84:c0:0e:a8:24 g1_s1:2 -> g2_s0:3
[2026-06-22 18:25:34] MAC FLAP 1a:8a:71:82:0e:79 g1_s1:2 -> g2_s0:2
[2026-06-22 18:25:34] MAC FLAP 36:45:3d:19:39:93 g1_s1:2 -> g2_s0:3
[2026-06-22 18:25:34] MAC FLAP 5a:56:8b:1e:e3:c7 g1_s1:2 -> g2_s0:1
[2026-06-22 18:25:34] MAC FLAP d2:2c:cf:b3:3f:63 g1_s1:1 -> g2_s0:3
[2026-06-22 18:25:34] MAC FLAP 86:6d:5b:88:dc:91 g2_s1:2 -> g2_s0:3
[2026-06-22 18:25:34] MAC FLAP 3e:27:e2:b0:0d:e4 g1_s1:2 -> g2_s0:2
[2026-06-22 18:25:34] MAC FLAP fe:29:d9:57:d8:31 g1_s1:2 -> g2_s0:3
[2026-06-22 18:25:34] MAC FLAP 5e:41:92:74:c5:d4 g1_s0:2 -> g2_s0:3
[2026-06-22 18:25:34] MAC FLAP 0e:42:ad:57:e2:18 g1_s1:2 -> g2_s0:3
[2026-06-22 18:25:34] MAC FLAP 96:90:a8:e7:f3:0a g1_s1:2 -> g2_s0:3
[2026-06-22 18:25:34] MAC FLAP 66:84:c0:0e:a8:24 g2_s0:3 -> g2_s1:2
[2026-06-22 18:25:34] MAC FLAP 1a:8a:71:82:0e:79 g2_s0:2 -> g2_s1:1
[2026-06-22 18:25:34] MAC FLAP 36:45:3d:19:39:93 g2_s0:3 -> g2_s1:2
[2026-06-22 18:25:34] MAC FLAP 5a:56:8b:1e:e3:c7 g2_s0:1 -> g2_s1:2
[2026-06-22 18:25:34] MAC FLAP d2:2c:cf:b3:3f:63 g2_s0:3 -> g2_s1:2
[2026-06-22 18:25:34] MAC FLAP 86:6d:5b:88:dc:91 g2_s0:3 -> g2_s1:2
[2026-06-22 18:25:34] MAC FLAP fe:29:d9:57:d8:31 g2_s0:3 -> g2_s1:2
[2026-06-22 18:25:34] MAC FLAP 5e:41:92:74:c5:d4 g2_s0:3 -> g2_s1:2
[2026-06-22 18:25:34] MAC FLAP 0e:42:ad:57:e2:18 g2_s0:3 -> g2_s1:2
[2026-06-22 18:25:34] MAC FLAP 96:90:a8:e7:f3:0a g2_s0:3 -> g2_s1:2
[2026-06-22 18:26:43] Baseline snapshot created (44 entries)
[2026-06-22 18:26:43] LEARNED 36:45:3d:19:39:93 -> g0_s0:2
[2026-06-22 18:26:43] LEARNED 5a:56:8b:1e:e3:c7 -> g0_s0:3
[2026-06-22 18:26:43] LEARNED d2:2c:cf:b3:3f:63 -> g0_s0:3
[2026-06-22 18:26:43] LEARNED 72:19:6f:ec:0b:a8 -> g0_s0:3
[2026-06-22 18:26:43] LEARNED 16:10:ac:42:7d:df -> g0_s0:3
[2026-06-22 18:26:43] LEARNED 5e:41:92:74:c5:d4 -> g0_s0:3
[2026-06-22 18:26:43] LEARNED 96:90:a8:e7:f3:0a -> g0_s0:3
[2026-06-22 18:26:43] LEARNED 0e:42:ad:57:e2:18 -> g0_s0:2
[2026-06-22 18:26:43] LEARNED 66:84:c0:0e:a8:24 -> g0_s0:1
[2026-06-22 18:26:43] LEARNED 3e:27:e2:b0:0d:e4 -> g0_s0:3
[2026-06-22 18:26:43] LEARNED 1a:8a:71:82:0e:79 -> g0_s0:3
[2026-06-22 18:26:43] MAC FLAP 36:45:3d:19:39:93 g0_s0:2 -> g0_s1:1
[2026-06-22 18:26:43] MAC FLAP 5a:56:8b:1e:e3:c7 g0_s0:3 -> g0_s1:2
[2026-06-22 18:26:43] MAC FLAP d2:2c:cf:b3:3f:63 g0_s0:3 -> g0_s1:2
[2026-06-22 18:26:43] MAC FLAP 72:19:6f:ec:0b:a8 g0_s0:3 -> g0_s1:2
[2026-06-22 18:26:43] MAC FLAP 16:10:ac:42:7d:df g0_s0:3 -> g0_s1:2
[2026-06-22 18:26:43] MAC FLAP 5e:41:92:74:c5:d4 g0_s0:3 -> g0_s1:2
[2026-06-22 18:26:43] MAC FLAP 96:90:a8:e7:f3:0a g0_s0:3 -> g0_s1:2
[2026-06-22 18:26:43] LEARNED d6:5e:89:21:5d:45 -> g0_s1:2
[2026-06-22 18:26:43] MAC FLAP 66:84:c0:0e:a8:24 g0_s0:1 -> g0_s1:2
[2026-06-22 18:26:43] MAC FLAP 3e:27:e2:b0:0d:e4 g0_s0:3 -> g0_s1:2
[2026-06-22 18:26:43] MAC FLAP 1a:8a:71:82:0e:79 g0_s0:3 -> g0_s1:2
[2026-06-22 18:26:43] MAC FLAP 36:45:3d:19:39:93 g0_s1:1 -> g1_s0:3
[2026-06-22 18:26:43] MAC FLAP 5a:56:8b:1e:e3:c7 g0_s1:2 -> g1_s0:4
[2026-06-22 18:26:43] MAC FLAP d2:2c:cf:b3:3f:63 g0_s1:2 -> g1_s0:2
[2026-06-22 18:26:43] MAC FLAP 72:19:6f:ec:0b:a8 g0_s1:2 -> g1_s0:4
[2026-06-22 18:26:43] MAC FLAP 5e:41:92:74:c5:d4 g0_s1:2 -> g1_s0:2
[2026-06-22 18:26:43] MAC FLAP 96:90:a8:e7:f3:0a g0_s1:2 -> g1_s0:1
[2026-06-22 18:26:43] MAC FLAP 0e:42:ad:57:e2:18 g0_s0:2 -> g1_s0:3
[2026-06-22 18:26:43] MAC FLAP 66:84:c0:0e:a8:24 g0_s1:2 -> g1_s0:3
[2026-06-22 18:26:43] MAC FLAP 3e:27:e2:b0:0d:e4 g0_s1:2 -> g1_s0:4
[2026-06-22 18:26:43] LEARNED fe:29:d9:57:d8:31 -> g1_s0:3
[2026-06-22 18:26:43] MAC FLAP 1a:8a:71:82:0e:79 g0_s1:2 -> g1_s0:4
[2026-06-22 18:26:43] MAC FLAP 36:45:3d:19:39:93 g1_s0:3 -> g1_s1:2
[2026-06-22 18:26:43] MAC FLAP 5a:56:8b:1e:e3:c7 g1_s0:4 -> g1_s1:2
[2026-06-22 18:26:43] MAC FLAP d2:2c:cf:b3:3f:63 g1_s0:2 -> g1_s1:1
[2026-06-22 18:26:43] LEARNED ee:32:9b:c6:f9:0c -> g1_s1:2
[2026-06-22 18:26:43] MAC FLAP 72:19:6f:ec:0b:a8 g1_s0:4 -> g1_s1:2
[2026-06-22 18:26:43] MAC FLAP 96:90:a8:e7:f3:0a g1_s0:1 -> g1_s1:2
[2026-06-22 18:26:43] MAC FLAP 0e:42:ad:57:e2:18 g1_s0:3 -> g1_s1:2
[2026-06-22 18:26:43] MAC FLAP 66:84:c0:0e:a8:24 g1_s0:3 -> g1_s1:2
[2026-06-22 18:26:43] MAC FLAP 3e:27:e2:b0:0d:e4 g1_s0:4 -> g1_s1:2
[2026-06-22 18:26:43] MAC FLAP fe:29:d9:57:d8:31 g1_s0:3 -> g1_s1:2
[2026-06-22 18:26:43] MAC FLAP 1a:8a:71:82:0e:79 g1_s0:4 -> g1_s1:2
[2026-06-22 18:26:43] MAC FLAP 36:45:3d:19:39:93 g1_s1:2 -> g2_s0:3
[2026-06-22 18:26:43] MAC FLAP 5a:56:8b:1e:e3:c7 g1_s1:2 -> g2_s0:1
[2026-06-22 18:26:43] MAC FLAP d2:2c:cf:b3:3f:63 g1_s1:1 -> g2_s0:3
[2026-06-22 18:26:43] LEARNED 86:6d:5b:88:dc:91 -> g2_s0:3
[2026-06-22 18:26:43] MAC FLAP 5e:41:92:74:c5:d4 g1_s0:2 -> g2_s0:3
[2026-06-22 18:26:43] MAC FLAP 96:90:a8:e7:f3:0a g1_s1:2 -> g2_s0:3
[2026-06-22 18:26:43] MAC FLAP 0e:42:ad:57:e2:18 g1_s1:2 -> g2_s0:3
[2026-06-22 18:26:43] MAC FLAP 66:84:c0:0e:a8:24 g1_s1:2 -> g2_s0:3
[2026-06-22 18:26:43] MAC FLAP 3e:27:e2:b0:0d:e4 g1_s1:2 -> g2_s0:2
[2026-06-22 18:26:43] MAC FLAP fe:29:d9:57:d8:31 g1_s1:2 -> g2_s0:3
[2026-06-22 18:26:43] MAC FLAP 1a:8a:71:82:0e:79 g1_s1:2 -> g2_s0:2
[2026-06-22 18:26:43] MAC FLAP 36:45:3d:19:39:93 g2_s0:3 -> g2_s1:2
[2026-06-22 18:26:43] MAC FLAP 5a:56:8b:1e:e3:c7 g2_s0:1 -> g2_s1:2
[2026-06-22 18:26:43] MAC FLAP d2:2c:cf:b3:3f:63 g2_s0:3 -> g2_s1:2
[2026-06-22 18:26:43] MAC FLAP 86:6d:5b:88:dc:91 g2_s0:3 -> g2_s1:2
[2026-06-22 18:26:43] MAC FLAP 5e:41:92:74:c5:d4 g2_s0:3 -> g2_s1:2
[2026-06-22 18:26:43] MAC FLAP 96:90:a8:e7:f3:0a g2_s0:3 -> g2_s1:2
[2026-06-22 18:26:43] MAC FLAP 0e:42:ad:57:e2:18 g2_s0:3 -> g2_s1:2
[2026-06-22 18:26:43] LEARNED 0e:f0:c2:34:02:80 -> g2_s1:2
[2026-06-22 18:26:43] MAC FLAP 66:84:c0:0e:a8:24 g2_s0:3 -> g2_s1:2
[2026-06-22 18:26:43] MAC FLAP fe:29:d9:57:d8:31 g2_s0:3 -> g2_s1:2
[2026-06-22 18:26:43] MAC FLAP 1a:8a:71:82:0e:79 g2_s0:2 -> g2_s1:1
[2026-06-22 18:26:48] MAC FLAP 36:45:3d:19:39:93 g2_s1:2 -> g0_s0:2
[2026-06-22 18:26:48] MAC FLAP 5a:56:8b:1e:e3:c7 g2_s1:2 -> g0_s0:3
[2026-06-22 18:26:48] MAC FLAP d2:2c:cf:b3:3f:63 g2_s1:2 -> g0_s0:3
[2026-06-22 18:26:48] MAC FLAP 72:19:6f:ec:0b:a8 g1_s1:2 -> g0_s0:3
[2026-06-22 18:26:48] MAC FLAP 16:10:ac:42:7d:df g0_s1:2 -> g0_s0:3
[2026-06-22 18:26:48] MAC FLAP 5e:41:92:74:c5:d4 g2_s1:2 -> g0_s0:3
[2026-06-22 18:26:48] MAC FLAP 96:90:a8:e7:f3:0a g2_s1:2 -> g0_s0:3
[2026-06-22 18:26:48] MAC FLAP 0e:42:ad:57:e2:18 g2_s1:2 -> g0_s0:2
[2026-06-22 18:26:48] MAC FLAP 66:84:c0:0e:a8:24 g2_s1:2 -> g0_s0:1
[2026-06-22 18:26:48] MAC FLAP 3e:27:e2:b0:0d:e4 g2_s0:2 -> g0_s0:3
[2026-06-22 18:26:48] MAC FLAP 1a:8a:71:82:0e:79 g2_s1:1 -> g0_s0:3
[2026-06-22 18:26:48] MAC FLAP 36:45:3d:19:39:93 g0_s0:2 -> g0_s1:1
[2026-06-22 18:26:48] MAC FLAP 5a:56:8b:1e:e3:c7 g0_s0:3 -> g0_s1:2
[2026-06-22 18:26:48] MAC FLAP d2:2c:cf:b3:3f:63 g0_s0:3 -> g0_s1:2
[2026-06-22 18:26:48] MAC FLAP 72:19:6f:ec:0b:a8 g0_s0:3 -> g0_s1:2
[2026-06-22 18:26:48] MAC FLAP 16:10:ac:42:7d:df g0_s0:3 -> g0_s1:2
[2026-06-22 18:26:48] MAC FLAP 5e:41:92:74:c5:d4 g0_s0:3 -> g0_s1:2
[2026-06-22 18:26:48] MAC FLAP 96:90:a8:e7:f3:0a g0_s0:3 -> g0_s1:2
[2026-06-22 18:26:48] MAC FLAP 66:84:c0:0e:a8:24 g0_s0:1 -> g0_s1:2
[2026-06-22 18:26:48] MAC FLAP 3e:27:e2:b0:0d:e4 g0_s0:3 -> g0_s1:2
[2026-06-22 18:26:48] MAC FLAP 1a:8a:71:82:0e:79 g0_s0:3 -> g0_s1:2
[2026-06-22 18:26:48] MAC FLAP 36:45:3d:19:39:93 g0_s1:1 -> g1_s0:3
[2026-06-22 18:26:48] MAC FLAP 5a:56:8b:1e:e3:c7 g0_s1:2 -> g1_s0:4
[2026-06-22 18:26:48] MAC FLAP d2:2c:cf:b3:3f:63 g0_s1:2 -> g1_s0:2
[2026-06-22 18:26:48] MAC FLAP 72:19:6f:ec:0b:a8 g0_s1:2 -> g1_s0:4
[2026-06-22 18:26:48] MAC FLAP 5e:41:92:74:c5:d4 g0_s1:2 -> g1_s0:2
[2026-06-22 18:26:48] MAC FLAP 96:90:a8:e7:f3:0a g0_s1:2 -> g1_s0:1
[2026-06-22 18:26:48] MAC FLAP 0e:42:ad:57:e2:18 g0_s0:2 -> g1_s0:3
[2026-06-22 18:26:48] MAC FLAP 66:84:c0:0e:a8:24 g0_s1:2 -> g1_s0:3
[2026-06-22 18:26:48] MAC FLAP 3e:27:e2:b0:0d:e4 g0_s1:2 -> g1_s0:4
[2026-06-22 18:26:48] MAC FLAP fe:29:d9:57:d8:31 g2_s1:2 -> g1_s0:3
[2026-06-22 18:26:48] MAC FLAP 1a:8a:71:82:0e:79 g0_s1:2 -> g1_s0:4
[2026-06-22 18:26:48] MAC FLAP 36:45:3d:19:39:93 g1_s0:3 -> g1_s1:2
[2026-06-22 18:26:48] MAC FLAP 5a:56:8b:1e:e3:c7 g1_s0:4 -> g1_s1:2
[2026-06-22 18:26:48] MAC FLAP d2:2c:cf:b3:3f:63 g1_s0:2 -> g1_s1:1
[2026-06-22 18:26:48] MAC FLAP 72:19:6f:ec:0b:a8 g1_s0:4 -> g1_s1:2
[2026-06-22 18:26:48] MAC FLAP 96:90:a8:e7:f3:0a g1_s0:1 -> g1_s1:2
[2026-06-22 18:26:48] MAC FLAP 0e:42:ad:57:e2:18 g1_s0:3 -> g1_s1:2
[2026-06-22 18:26:48] MAC FLAP 66:84:c0:0e:a8:24 g1_s0:3 -> g1_s1:2
[2026-06-22 18:26:48] MAC FLAP 3e:27:e2:b0:0d:e4 g1_s0:4 -> g1_s1:2
[2026-06-22 18:26:48] MAC FLAP fe:29:d9:57:d8:31 g1_s0:3 -> g1_s1:2
[2026-06-22 18:26:48] MAC FLAP 1a:8a:71:82:0e:79 g1_s0:4 -> g1_s1:2
[2026-06-22 18:26:48] MAC FLAP 36:45:3d:19:39:93 g1_s1:2 -> g2_s0:3
[2026-06-22 18:26:48] MAC FLAP 5a:56:8b:1e:e3:c7 g1_s1:2 -> g2_s0:1
[2026-06-22 18:26:48] MAC FLAP d2:2c:cf:b3:3f:63 g1_s1:1 -> g2_s0:3
[2026-06-22 18:26:48] MAC FLAP 86:6d:5b:88:dc:91 g2_s1:2 -> g2_s0:3
[2026-06-22 18:26:48] MAC FLAP 5e:41:92:74:c5:d4 g1_s0:2 -> g2_s0:3
[2026-06-22 18:26:48] MAC FLAP 96:90:a8:e7:f3:0a g1_s1:2 -> g2_s0:3
[2026-06-22 18:26:48] MAC FLAP 0e:42:ad:57:e2:18 g1_s1:2 -> g2_s0:3
[2026-06-22 18:26:48] MAC FLAP 66:84:c0:0e:a8:24 g1_s1:2 -> g2_s0:3
[2026-06-22 18:26:48] MAC FLAP 3e:27:e2:b0:0d:e4 g1_s1:2 -> g2_s0:2
[2026-06-22 18:26:48] MAC FLAP fe:29:d9:57:d8:31 g1_s1:2 -> g2_s0:3
[2026-06-22 18:26:48] MAC FLAP 1a:8a:71:82:0e:79 g1_s1:2 -> g2_s0:2
[2026-06-22 18:26:48] MAC FLAP 36:45:3d:19:39:93 g2_s0:3 -> g2_s1:2
[2026-06-22 18:26:48] MAC FLAP 5a:56:8b:1e:e3:c7 g2_s0:1 -> g2_s1:2
[2026-06-22 18:26:48] MAC FLAP d2:2c:cf:b3:3f:63 g2_s0:3 -> g2_s1:2
[2026-06-22 18:26:48] MAC FLAP 86:6d:5b:88:dc:91 g2_s0:3 -> g2_s1:2
[2026-06-22 18:26:48] MAC FLAP 5e:41:92:74:c5:d4 g2_s0:3 -> g2_s1:2
[2026-06-22 18:26:48] MAC FLAP 96:90:a8:e7:f3:0a g2_s0:3 -> g2_s1:2
[2026-06-22 18:26:48] MAC FLAP 0e:42:ad:57:e2:18 g2_s0:3 -> g2_s1:2
[2026-06-22 18:26:48] MAC FLAP 66:84:c0:0e:a8:24 g2_s0:3 -> g2_s1:2
[2026-06-22 18:26:48] MAC FLAP fe:29:d9:57:d8:31 g2_s0:3 -> g2_s1:2
[2026-06-22 18:26:48] MAC FLAP 1a:8a:71:82:0e:79 g2_s0:2 -> g2_s1:1
[2026-06-22 18:26:54] MAC FLAP 36:45:3d:19:39:93 g2_s1:2 -> g0_s0:2
[2026-06-22 18:26:54] MAC FLAP 5a:56:8b:1e:e3:c7 g2_s1:2 -> g0_s0:3
[2026-06-22 18:26:54] MAC FLAP d2:2c:cf:b3:3f:63 g2_s1:2 -> g0_s0:3
[2026-06-22 18:26:54] MAC FLAP 72:19:6f:ec:0b:a8 g1_s1:2 -> g0_s0:3
[2026-06-22 18:26:54] MAC FLAP 16:10:ac:42:7d:df g0_s1:2 -> g0_s0:3
[2026-06-22 18:26:54] MAC FLAP 5e:41:92:74:c5:d4 g2_s1:2 -> g0_s0:3
[2026-06-22 18:26:54] MAC FLAP 96:90:a8:e7:f3:0a g2_s1:2 -> g0_s0:3
[2026-06-22 18:26:54] MAC FLAP 0e:42:ad:57:e2:18 g2_s1:2 -> g0_s0:2
[2026-06-22 18:26:54] MAC FLAP 66:84:c0:0e:a8:24 g2_s1:2 -> g0_s0:1
[2026-06-22 18:26:54] MAC FLAP 3e:27:e2:b0:0d:e4 g2_s0:2 -> g0_s0:3
[2026-06-22 18:26:54] MAC FLAP 1a:8a:71:82:0e:79 g2_s1:1 -> g0_s0:3
[2026-06-22 18:26:54] MAC FLAP 36:45:3d:19:39:93 g0_s0:2 -> g0_s1:1
[2026-06-22 18:26:54] MAC FLAP 5a:56:8b:1e:e3:c7 g0_s0:3 -> g0_s1:2
[2026-06-22 18:26:54] MAC FLAP d2:2c:cf:b3:3f:63 g0_s0:3 -> g0_s1:2
[2026-06-22 18:26:54] MAC FLAP 72:19:6f:ec:0b:a8 g0_s0:3 -> g0_s1:2
[2026-06-22 18:26:54] MAC FLAP 16:10:ac:42:7d:df g0_s0:3 -> g0_s1:2
[2026-06-22 18:26:54] MAC FLAP 5e:41:92:74:c5:d4 g0_s0:3 -> g0_s1:2
[2026-06-22 18:26:54] MAC FLAP 96:90:a8:e7:f3:0a g0_s0:3 -> g0_s1:2
[2026-06-22 18:26:54] MAC FLAP 66:84:c0:0e:a8:24 g0_s0:1 -> g0_s1:2
[2026-06-22 18:26:54] MAC FLAP 3e:27:e2:b0:0d:e4 g0_s0:3 -> g0_s1:2
[2026-06-22 18:26:54] MAC FLAP 1a:8a:71:82:0e:79 g0_s0:3 -> g0_s1:2
[2026-06-22 18:26:54] MAC FLAP 36:45:3d:19:39:93 g0_s1:1 -> g1_s0:3
[2026-06-22 18:26:54] MAC FLAP 5a:56:8b:1e:e3:c7 g0_s1:2 -> g1_s0:4
[2026-06-22 18:26:54] MAC FLAP d2:2c:cf:b3:3f:63 g0_s1:2 -> g1_s0:2
[2026-06-22 18:26:54] MAC FLAP 72:19:6f:ec:0b:a8 g0_s1:2 -> g1_s0:4
[2026-06-22 18:26:54] MAC FLAP 5e:41:92:74:c5:d4 g0_s1:2 -> g1_s0:2
[2026-06-22 18:26:54] MAC FLAP 96:90:a8:e7:f3:0a g0_s1:2 -> g1_s0:1
[2026-06-22 18:26:54] MAC FLAP 0e:42:ad:57:e2:18 g0_s0:2 -> g1_s0:3
[2026-06-22 18:26:54] MAC FLAP 66:84:c0:0e:a8:24 g0_s1:2 -> g1_s0:3
[2026-06-22 18:26:54] MAC FLAP 3e:27:e2:b0:0d:e4 g0_s1:2 -> g1_s0:4
[2026-06-22 18:26:54] MAC FLAP fe:29:d9:57:d8:31 g2_s1:2 -> g1_s0:3
[2026-06-22 18:26:54] MAC FLAP 1a:8a:71:82:0e:79 g0_s1:2 -> g1_s0:4
[2026-06-22 18:26:54] MAC FLAP 36:45:3d:19:39:93 g1_s0:3 -> g1_s1:2
[2026-06-22 18:26:54] MAC FLAP 5a:56:8b:1e:e3:c7 g1_s0:4 -> g1_s1:2
[2026-06-22 18:26:54] MAC FLAP d2:2c:cf:b3:3f:63 g1_s0:2 -> g1_s1:1
[2026-06-22 18:26:54] MAC FLAP 72:19:6f:ec:0b:a8 g1_s0:4 -> g1_s1:2
[2026-06-22 18:26:54] MAC FLAP 96:90:a8:e7:f3:0a g1_s0:1 -> g1_s1:2
[2026-06-22 18:26:54] MAC FLAP 0e:42:ad:57:e2:18 g1_s0:3 -> g1_s1:2
[2026-06-22 18:26:54] MAC FLAP 66:84:c0:0e:a8:24 g1_s0:3 -> g1_s1:2
[2026-06-22 18:26:54] MAC FLAP 3e:27:e2:b0:0d:e4 g1_s0:4 -> g1_s1:2
[2026-06-22 18:26:54] MAC FLAP fe:29:d9:57:d8:31 g1_s0:3 -> g1_s1:2
[2026-06-22 18:26:54] MAC FLAP 1a:8a:71:82:0e:79 g1_s0:4 -> g1_s1:2
[2026-06-22 18:26:54] MAC FLAP 36:45:3d:19:39:93 g1_s1:2 -> g2_s0:3
[2026-06-22 18:26:54] MAC FLAP 5a:56:8b:1e:e3:c7 g1_s1:2 -> g2_s0:1
[2026-06-22 18:26:54] MAC FLAP d2:2c:cf:b3:3f:63 g1_s1:1 -> g2_s0:3
[2026-06-22 18:26:54] MAC FLAP 86:6d:5b:88:dc:91 g2_s1:2 -> g2_s0:3
[2026-06-22 18:26:54] MAC FLAP 5e:41:92:74:c5:d4 g1_s0:2 -> g2_s0:3
[2026-06-22 18:26:54] MAC FLAP 96:90:a8:e7:f3:0a g1_s1:2 -> g2_s0:3
[2026-06-22 18:26:54] MAC FLAP 0e:42:ad:57:e2:18 g1_s1:2 -> g2_s0:3
[2026-06-22 18:26:54] MAC FLAP 66:84:c0:0e:a8:24 g1_s1:2 -> g2_s0:3
[2026-06-22 18:26:54] MAC FLAP 3e:27:e2:b0:0d:e4 g1_s1:2 -> g2_s0:2
[2026-06-22 18:26:54] MAC FLAP fe:29:d9:57:d8:31 g1_s1:2 -> g2_s0:3
[2026-06-22 18:26:54] MAC FLAP 1a:8a:71:82:0e:79 g1_s1:2 -> g2_s0:2
[2026-06-22 18:26:54] MAC FLAP 36:45:3d:19:39:93 g2_s0:3 -> g2_s1:2
[2026-06-22 18:26:54] MAC FLAP 5a:56:8b:1e:e3:c7 g2_s0:1 -> g2_s1:2
[2026-06-22 18:26:54] MAC FLAP d2:2c:cf:b3:3f:63 g2_s0:3 -> g2_s1:2
[2026-06-22 18:26:54] MAC FLAP 86:6d:5b:88:dc:91 g2_s0:3 -> g2_s1:2
[2026-06-22 18:26:54] MAC FLAP 5e:41:92:74:c5:d4 g2_s0:3 -> g2_s1:2
[2026-06-22 18:26:54] MAC FLAP 96:90:a8:e7:f3:0a g2_s0:3 -> g2_s1:2
[2026-06-22 18:26:54] MAC FLAP 0e:42:ad:57:e2:18 g2_s0:3 -> g2_s1:2
[2026-06-22 18:26:54] MAC FLAP 66:84:c0:0e:a8:24 g2_s0:3 -> g2_s1:2
[2026-06-22 18:26:54] MAC FLAP fe:29:d9:57:d8:31 g2_s0:3 -> g2_s1:2
[2026-06-22 18:26:54] MAC FLAP 1a:8a:71:82:0e:79 g2_s0:2 -> g2_s1:1
[2026-06-22 18:27:00] MAC FLAP 36:45:3d:19:39:93 g2_s1:2 -> g0_s0:2
[2026-06-22 18:27:00] MAC FLAP 5a:56:8b:1e:e3:c7 g2_s1:2 -> g0_s0:3
[2026-06-22 18:27:00] MAC FLAP d2:2c:cf:b3:3f:63 g2_s1:2 -> g0_s0:3
[2026-06-22 18:27:00] MAC FLAP 72:19:6f:ec:0b:a8 g1_s1:2 -> g0_s0:3
[2026-06-22 18:27:00] MAC FLAP 16:10:ac:42:7d:df g0_s1:2 -> g0_s0:3
[2026-06-22 18:27:00] MAC FLAP 5e:41:92:74:c5:d4 g2_s1:2 -> g0_s0:3
[2026-06-22 18:27:00] MAC FLAP 96:90:a8:e7:f3:0a g2_s1:2 -> g0_s0:3
[2026-06-22 18:27:00] MAC FLAP 0e:42:ad:57:e2:18 g2_s1:2 -> g0_s0:2
[2026-06-22 18:27:00] MAC FLAP 66:84:c0:0e:a8:24 g2_s1:2 -> g0_s0:1
[2026-06-22 18:27:00] MAC FLAP 3e:27:e2:b0:0d:e4 g2_s0:2 -> g0_s0:3
[2026-06-22 18:27:00] MAC FLAP 1a:8a:71:82:0e:79 g2_s1:1 -> g0_s0:3
[2026-06-22 18:27:00] MAC FLAP 36:45:3d:19:39:93 g0_s0:2 -> g0_s1:1
[2026-06-22 18:27:00] MAC FLAP 5a:56:8b:1e:e3:c7 g0_s0:3 -> g0_s1:2
[2026-06-22 18:27:00] MAC FLAP d2:2c:cf:b3:3f:63 g0_s0:3 -> g0_s1:2
[2026-06-22 18:27:00] MAC FLAP 72:19:6f:ec:0b:a8 g0_s0:3 -> g0_s1:2
[2026-06-22 18:27:00] MAC FLAP 16:10:ac:42:7d:df g0_s0:3 -> g0_s1:2
[2026-06-22 18:27:00] MAC FLAP 5e:41:92:74:c5:d4 g0_s0:3 -> g0_s1:2
[2026-06-22 18:27:00] MAC FLAP 96:90:a8:e7:f3:0a g0_s0:3 -> g0_s1:2
[2026-06-22 18:27:00] MAC FLAP 66:84:c0:0e:a8:24 g0_s0:1 -> g0_s1:2
[2026-06-22 18:27:00] MAC FLAP 3e:27:e2:b0:0d:e4 g0_s0:3 -> g0_s1:2
[2026-06-22 18:27:00] MAC FLAP 1a:8a:71:82:0e:79 g0_s0:3 -> g0_s1:2
[2026-06-22 18:27:00] MAC FLAP 36:45:3d:19:39:93 g0_s1:1 -> g1_s0:3
[2026-06-22 18:27:00] MAC FLAP 5a:56:8b:1e:e3:c7 g0_s1:2 -> g1_s0:4
[2026-06-22 18:27:00] MAC FLAP d2:2c:cf:b3:3f:63 g0_s1:2 -> g1_s0:2
[2026-06-22 18:27:00] MAC FLAP 72:19:6f:ec:0b:a8 g0_s1:2 -> g1_s0:4
[2026-06-22 18:27:00] MAC FLAP 5e:41:92:74:c5:d4 g0_s1:2 -> g1_s0:2
[2026-06-22 18:27:00] MAC FLAP 96:90:a8:e7:f3:0a g0_s1:2 -> g1_s0:1
[2026-06-22 18:27:00] MAC FLAP 0e:42:ad:57:e2:18 g0_s0:2 -> g1_s0:3
[2026-06-22 18:27:00] MAC FLAP 66:84:c0:0e:a8:24 g0_s1:2 -> g1_s0:3
[2026-06-22 18:27:00] MAC FLAP 3e:27:e2:b0:0d:e4 g0_s1:2 -> g1_s0:4
[2026-06-22 18:27:00] MAC FLAP fe:29:d9:57:d8:31 g2_s1:2 -> g1_s0:3
[2026-06-22 18:27:00] MAC FLAP 1a:8a:71:82:0e:79 g0_s1:2 -> g1_s0:4
[2026-06-22 18:27:00] MAC FLAP 36:45:3d:19:39:93 g1_s0:3 -> g1_s1:2
[2026-06-22 18:27:00] MAC FLAP 5a:56:8b:1e:e3:c7 g1_s0:4 -> g1_s1:2
[2026-06-22 18:27:00] MAC FLAP d2:2c:cf:b3:3f:63 g1_s0:2 -> g1_s1:1
[2026-06-22 18:27:00] MAC FLAP 72:19:6f:ec:0b:a8 g1_s0:4 -> g1_s1:2
[2026-06-22 18:27:00] MAC FLAP 96:90:a8:e7:f3:0a g1_s0:1 -> g1_s1:2
[2026-06-22 18:27:00] MAC FLAP 0e:42:ad:57:e2:18 g1_s0:3 -> g1_s1:2
[2026-06-22 18:27:00] MAC FLAP 66:84:c0:0e:a8:24 g1_s0:3 -> g1_s1:2
[2026-06-22 18:27:00] MAC FLAP 3e:27:e2:b0:0d:e4 g1_s0:4 -> g1_s1:2
[2026-06-22 18:27:00] MAC FLAP fe:29:d9:57:d8:31 g1_s0:3 -> g1_s1:2
[2026-06-22 18:27:00] MAC FLAP 1a:8a:71:82:0e:79 g1_s0:4 -> g1_s1:2
[2026-06-22 18:27:00] MAC FLAP 36:45:3d:19:39:93 g1_s1:2 -> g2_s0:3
[2026-06-22 18:27:00] MAC FLAP 5a:56:8b:1e:e3:c7 g1_s1:2 -> g2_s0:1
[2026-06-22 18:27:00] MAC FLAP d2:2c:cf:b3:3f:63 g1_s1:1 -> g2_s0:3
[2026-06-22 18:27:00] MAC FLAP 86:6d:5b:88:dc:91 g2_s1:2 -> g2_s0:3
[2026-06-22 18:27:00] MAC FLAP 5e:41:92:74:c5:d4 g1_s0:2 -> g2_s0:3
[2026-06-22 18:27:00] MAC FLAP 96:90:a8:e7:f3:0a g1_s1:2 -> g2_s0:3
[2026-06-22 18:27:00] MAC FLAP 0e:42:ad:57:e2:18 g1_s1:2 -> g2_s0:3
[2026-06-22 18:27:00] MAC FLAP 66:84:c0:0e:a8:24 g1_s1:2 -> g2_s0:3
[2026-06-22 18:27:00] MAC FLAP 3e:27:e2:b0:0d:e4 g1_s1:2 -> g2_s0:2
[2026-06-22 18:27:00] MAC FLAP fe:29:d9:57:d8:31 g1_s1:2 -> g2_s0:3
[2026-06-22 18:27:00] MAC FLAP 1a:8a:71:82:0e:79 g1_s1:2 -> g2_s0:2
[2026-06-22 18:27:00] MAC FLAP 36:45:3d:19:39:93 g2_s0:3 -> g2_s1:2
[2026-06-22 18:27:00] MAC FLAP 5a:56:8b:1e:e3:c7 g2_s0:1 -> g2_s1:2
[2026-06-22 18:27:00] MAC FLAP d2:2c:cf:b3:3f:63 g2_s0:3 -> g2_s1:2
[2026-06-22 18:27:00] MAC FLAP 86:6d:5b:88:dc:91 g2_s0:3 -> g2_s1:2
[2026-06-22 18:27:00] MAC FLAP 5e:41:92:74:c5:d4 g2_s0:3 -> g2_s1:2
[2026-06-22 18:27:00] MAC FLAP 96:90:a8:e7:f3:0a g2_s0:3 -> g2_s1:2
[2026-06-22 18:27:00] MAC FLAP 0e:42:ad:57:e2:18 g2_s0:3 -> g2_s1:2
[2026-06-22 18:27:00] MAC FLAP 66:84:c0:0e:a8:24 g2_s0:3 -> g2_s1:2
[2026-06-22 18:27:00] MAC FLAP fe:29:d9:57:d8:31 g2_s0:3 -> g2_s1:2
[2026-06-22 18:27:00] MAC FLAP 1a:8a:71:82:0e:79 g2_s0:2 -> g2_s1:1
[2026-06-22 18:27:57] Baseline snapshot created (44 entries)
[2026-06-22 18:27:57] LEARNED 66:84:c0:0e:a8:24 -> g0_s0:1
[2026-06-22 18:27:57] LEARNED 1a:8a:71:82:0e:79 -> g0_s0:3
[2026-06-22 18:27:57] LEARNED 36:45:3d:19:39:93 -> g0_s0:2
[2026-06-22 18:27:57] LEARNED d2:2c:cf:b3:3f:63 -> g0_s0:3
[2026-06-22 18:27:57] LEARNED 5a:56:8b:1e:e3:c7 -> g0_s0:3
[2026-06-22 18:27:57] LEARNED 96:90:a8:e7:f3:0a -> g0_s0:3
[2026-06-22 18:27:57] LEARNED 0e:42:ad:57:e2:18 -> g0_s0:2
[2026-06-22 18:27:57] LEARNED 16:10:ac:42:7d:df -> g0_s0:3
[2026-06-22 18:27:57] LEARNED 72:19:6f:ec:0b:a8 -> g0_s0:3
[2026-06-22 18:27:57] LEARNED 5e:41:92:74:c5:d4 -> g0_s0:3
[2026-06-22 18:27:57] LEARNED 3e:27:e2:b0:0d:e4 -> g0_s0:3
[2026-06-22 18:27:57] MAC FLAP 66:84:c0:0e:a8:24 g0_s0:1 -> g0_s1:2
[2026-06-22 18:27:57] MAC FLAP 1a:8a:71:82:0e:79 g0_s0:3 -> g0_s1:2
[2026-06-22 18:27:57] MAC FLAP 36:45:3d:19:39:93 g0_s0:2 -> g0_s1:1
[2026-06-22 18:27:57] MAC FLAP d2:2c:cf:b3:3f:63 g0_s0:3 -> g0_s1:2
[2026-06-22 18:27:57] MAC FLAP 5a:56:8b:1e:e3:c7 g0_s0:3 -> g0_s1:2
[2026-06-22 18:27:57] MAC FLAP 96:90:a8:e7:f3:0a g0_s0:3 -> g0_s1:2
[2026-06-22 18:27:57] LEARNED d6:5e:89:21:5d:45 -> g0_s1:2
[2026-06-22 18:27:57] MAC FLAP 16:10:ac:42:7d:df g0_s0:3 -> g0_s1:2
[2026-06-22 18:27:57] MAC FLAP 72:19:6f:ec:0b:a8 g0_s0:3 -> g0_s1:2
[2026-06-22 18:27:57] MAC FLAP 5e:41:92:74:c5:d4 g0_s0:3 -> g0_s1:2
[2026-06-22 18:27:57] MAC FLAP 3e:27:e2:b0:0d:e4 g0_s0:3 -> g0_s1:2
[2026-06-22 18:27:57] MAC FLAP 66:84:c0:0e:a8:24 g0_s1:2 -> g1_s0:3
[2026-06-22 18:27:57] MAC FLAP 1a:8a:71:82:0e:79 g0_s1:2 -> g1_s0:4
[2026-06-22 18:27:57] MAC FLAP 36:45:3d:19:39:93 g0_s1:1 -> g1_s0:3
[2026-06-22 18:27:57] MAC FLAP d2:2c:cf:b3:3f:63 g0_s1:2 -> g1_s0:2
[2026-06-22 18:27:57] MAC FLAP 5a:56:8b:1e:e3:c7 g0_s1:2 -> g1_s0:4
[2026-06-22 18:27:57] MAC FLAP 96:90:a8:e7:f3:0a g0_s1:2 -> g1_s0:1
[2026-06-22 18:27:57] MAC FLAP 72:19:6f:ec:0b:a8 g0_s1:2 -> g1_s0:4
[2026-06-22 18:27:57] LEARNED fe:29:d9:57:d8:31 -> g1_s0:3
[2026-06-22 18:27:57] MAC FLAP 5e:41:92:74:c5:d4 g0_s1:2 -> g1_s0:2
[2026-06-22 18:27:57] MAC FLAP 0e:42:ad:57:e2:18 g0_s0:2 -> g1_s0:3
[2026-06-22 18:27:57] MAC FLAP 3e:27:e2:b0:0d:e4 g0_s1:2 -> g1_s0:4
[2026-06-22 18:27:57] MAC FLAP 66:84:c0:0e:a8:24 g1_s0:3 -> g1_s1:2
[2026-06-22 18:27:57] MAC FLAP 1a:8a:71:82:0e:79 g1_s0:4 -> g1_s1:2
[2026-06-22 18:27:57] MAC FLAP 36:45:3d:19:39:93 g1_s0:3 -> g1_s1:2
[2026-06-22 18:27:57] MAC FLAP d2:2c:cf:b3:3f:63 g1_s0:2 -> g1_s1:1
[2026-06-22 18:27:57] MAC FLAP 5a:56:8b:1e:e3:c7 g1_s0:4 -> g1_s1:2
[2026-06-22 18:27:57] MAC FLAP 96:90:a8:e7:f3:0a g1_s0:1 -> g1_s1:2
[2026-06-22 18:27:57] LEARNED ee:32:9b:c6:f9:0c -> g1_s1:2
[2026-06-22 18:27:57] MAC FLAP 72:19:6f:ec:0b:a8 g1_s0:4 -> g1_s1:2
[2026-06-22 18:27:57] MAC FLAP fe:29:d9:57:d8:31 g1_s0:3 -> g1_s1:2
[2026-06-22 18:27:57] MAC FLAP 0e:42:ad:57:e2:18 g1_s0:3 -> g1_s1:2
[2026-06-22 18:27:57] MAC FLAP 3e:27:e2:b0:0d:e4 g1_s0:4 -> g1_s1:2
[2026-06-22 18:27:57] MAC FLAP 66:84:c0:0e:a8:24 g1_s1:2 -> g2_s0:3
[2026-06-22 18:27:57] MAC FLAP 1a:8a:71:82:0e:79 g1_s1:2 -> g2_s0:2
[2026-06-22 18:27:57] MAC FLAP 36:45:3d:19:39:93 g1_s1:2 -> g2_s0:3
[2026-06-22 18:27:57] MAC FLAP d2:2c:cf:b3:3f:63 g1_s1:1 -> g2_s0:3
[2026-06-22 18:27:57] MAC FLAP 5a:56:8b:1e:e3:c7 g1_s1:2 -> g2_s0:1
[2026-06-22 18:27:57] MAC FLAP 96:90:a8:e7:f3:0a g1_s1:2 -> g2_s0:3
[2026-06-22 18:27:57] LEARNED 86:6d:5b:88:dc:91 -> g2_s0:3
[2026-06-22 18:27:57] MAC FLAP 3e:27:e2:b0:0d:e4 g1_s1:2 -> g2_s0:2
[2026-06-22 18:27:57] MAC FLAP fe:29:d9:57:d8:31 g1_s1:2 -> g2_s0:3
[2026-06-22 18:27:57] MAC FLAP 5e:41:92:74:c5:d4 g1_s0:2 -> g2_s0:3
[2026-06-22 18:27:57] MAC FLAP 0e:42:ad:57:e2:18 g1_s1:2 -> g2_s0:3
[2026-06-22 18:27:57] MAC FLAP 66:84:c0:0e:a8:24 g2_s0:3 -> g2_s1:2
[2026-06-22 18:27:57] MAC FLAP 1a:8a:71:82:0e:79 g2_s0:2 -> g2_s1:1
[2026-06-22 18:27:57] MAC FLAP 36:45:3d:19:39:93 g2_s0:3 -> g2_s1:2
[2026-06-22 18:27:57] MAC FLAP d2:2c:cf:b3:3f:63 g2_s0:3 -> g2_s1:2
[2026-06-22 18:27:57] MAC FLAP 5a:56:8b:1e:e3:c7 g2_s0:1 -> g2_s1:2
[2026-06-22 18:27:57] MAC FLAP 96:90:a8:e7:f3:0a g2_s0:3 -> g2_s1:2
[2026-06-22 18:27:57] LEARNED 0e:f0:c2:34:02:80 -> g2_s1:2
[2026-06-22 18:27:57] MAC FLAP 86:6d:5b:88:dc:91 g2_s0:3 -> g2_s1:2
[2026-06-22 18:27:57] MAC FLAP fe:29:d9:57:d8:31 g2_s0:3 -> g2_s1:2
[2026-06-22 18:27:57] MAC FLAP 5e:41:92:74:c5:d4 g2_s0:3 -> g2_s1:2
[2026-06-22 18:27:57] MAC FLAP 0e:42:ad:57:e2:18 g2_s0:3 -> g2_s1:2
[2026-06-22 18:28:04] MAC FLAP 66:84:c0:0e:a8:24 g2_s1:2 -> g0_s0:1
[2026-06-22 18:28:04] MAC FLAP 1a:8a:71:82:0e:79 g2_s1:1 -> g0_s0:3
[2026-06-22 18:28:04] MAC FLAP 36:45:3d:19:39:93 g2_s1:2 -> g0_s0:2
[2026-06-22 18:28:04] MAC FLAP d2:2c:cf:b3:3f:63 g2_s1:2 -> g0_s0:3
[2026-06-22 18:28:04] MAC FLAP 5a:56:8b:1e:e3:c7 g2_s1:2 -> g0_s0:3
[2026-06-22 18:28:04] MAC FLAP 96:90:a8:e7:f3:0a g2_s1:2 -> g0_s0:3
[2026-06-22 18:28:04] MAC FLAP 16:10:ac:42:7d:df g0_s1:2 -> g0_s0:3
[2026-06-22 18:28:04] MAC FLAP 72:19:6f:ec:0b:a8 g1_s1:2 -> g0_s0:3
[2026-06-22 18:28:04] MAC FLAP 5e:41:92:74:c5:d4 g2_s1:2 -> g0_s0:3
[2026-06-22 18:28:04] MAC FLAP 3e:27:e2:b0:0d:e4 g2_s0:2 -> g0_s0:3
[2026-06-22 18:28:04] MAC FLAP 0e:42:ad:57:e2:18 g2_s1:2 -> g0_s0:2
[2026-06-22 18:28:04] MAC FLAP 66:84:c0:0e:a8:24 g0_s0:1 -> g0_s1:2
[2026-06-22 18:28:04] MAC FLAP 1a:8a:71:82:0e:79 g0_s0:3 -> g0_s1:2
[2026-06-22 18:28:04] MAC FLAP 36:45:3d:19:39:93 g0_s0:2 -> g0_s1:1
[2026-06-22 18:28:04] MAC FLAP d2:2c:cf:b3:3f:63 g0_s0:3 -> g0_s1:2
[2026-06-22 18:28:04] MAC FLAP 5a:56:8b:1e:e3:c7 g0_s0:3 -> g0_s1:2
[2026-06-22 18:28:04] MAC FLAP 96:90:a8:e7:f3:0a g0_s0:3 -> g0_s1:2
[2026-06-22 18:28:04] MAC FLAP 16:10:ac:42:7d:df g0_s0:3 -> g0_s1:2
[2026-06-22 18:28:04] MAC FLAP 72:19:6f:ec:0b:a8 g0_s0:3 -> g0_s1:2
[2026-06-22 18:28:04] MAC FLAP 5e:41:92:74:c5:d4 g0_s0:3 -> g0_s1:2
[2026-06-22 18:28:04] MAC FLAP 3e:27:e2:b0:0d:e4 g0_s0:3 -> g0_s1:2
[2026-06-22 18:28:04] MAC FLAP 66:84:c0:0e:a8:24 g0_s1:2 -> g1_s0:3
[2026-06-22 18:28:04] MAC FLAP 1a:8a:71:82:0e:79 g0_s1:2 -> g1_s0:4
[2026-06-22 18:28:04] MAC FLAP 36:45:3d:19:39:93 g0_s1:1 -> g1_s0:3
[2026-06-22 18:28:04] MAC FLAP d2:2c:cf:b3:3f:63 g0_s1:2 -> g1_s0:2
[2026-06-22 18:28:04] MAC FLAP 5a:56:8b:1e:e3:c7 g0_s1:2 -> g1_s0:4
[2026-06-22 18:28:04] MAC FLAP 96:90:a8:e7:f3:0a g0_s1:2 -> g1_s0:1
[2026-06-22 18:28:04] MAC FLAP 72:19:6f:ec:0b:a8 g0_s1:2 -> g1_s0:4
[2026-06-22 18:28:04] MAC FLAP fe:29:d9:57:d8:31 g2_s1:2 -> g1_s0:3
[2026-06-22 18:28:04] MAC FLAP 5e:41:92:74:c5:d4 g0_s1:2 -> g1_s0:2
[2026-06-22 18:28:04] MAC FLAP 3e:27:e2:b0:0d:e4 g0_s1:2 -> g1_s0:4
[2026-06-22 18:28:04] MAC FLAP 0e:42:ad:57:e2:18 g0_s0:2 -> g1_s0:3
[2026-06-22 18:28:04] MAC FLAP 66:84:c0:0e:a8:24 g1_s0:3 -> g1_s1:2
[2026-06-22 18:28:04] MAC FLAP 1a:8a:71:82:0e:79 g1_s0:4 -> g1_s1:2
[2026-06-22 18:28:04] MAC FLAP 36:45:3d:19:39:93 g1_s0:3 -> g1_s1:2
[2026-06-22 18:28:04] MAC FLAP d2:2c:cf:b3:3f:63 g1_s0:2 -> g1_s1:1
[2026-06-22 18:28:04] MAC FLAP 5a:56:8b:1e:e3:c7 g1_s0:4 -> g1_s1:2
[2026-06-22 18:28:04] MAC FLAP 96:90:a8:e7:f3:0a g1_s0:1 -> g1_s1:2
[2026-06-22 18:28:04] MAC FLAP 72:19:6f:ec:0b:a8 g1_s0:4 -> g1_s1:2
[2026-06-22 18:28:04] MAC FLAP fe:29:d9:57:d8:31 g1_s0:3 -> g1_s1:2
[2026-06-22 18:28:04] MAC FLAP 3e:27:e2:b0:0d:e4 g1_s0:4 -> g1_s1:2
[2026-06-22 18:28:04] MAC FLAP 0e:42:ad:57:e2:18 g1_s0:3 -> g1_s1:2
[2026-06-22 18:28:04] MAC FLAP 66:84:c0:0e:a8:24 g1_s1:2 -> g2_s0:3
[2026-06-22 18:28:04] MAC FLAP 1a:8a:71:82:0e:79 g1_s1:2 -> g2_s0:2
[2026-06-22 18:28:04] MAC FLAP 36:45:3d:19:39:93 g1_s1:2 -> g2_s0:3
[2026-06-22 18:28:04] MAC FLAP d2:2c:cf:b3:3f:63 g1_s1:1 -> g2_s0:3
[2026-06-22 18:28:04] MAC FLAP 5a:56:8b:1e:e3:c7 g1_s1:2 -> g2_s0:1
[2026-06-22 18:28:04] MAC FLAP 96:90:a8:e7:f3:0a g1_s1:2 -> g2_s0:3
[2026-06-22 18:28:04] MAC FLAP 86:6d:5b:88:dc:91 g2_s1:2 -> g2_s0:3
[2026-06-22 18:28:04] MAC FLAP 3e:27:e2:b0:0d:e4 g1_s1:2 -> g2_s0:2
[2026-06-22 18:28:04] MAC FLAP fe:29:d9:57:d8:31 g1_s1:2 -> g2_s0:3
[2026-06-22 18:28:04] MAC FLAP 5e:41:92:74:c5:d4 g1_s0:2 -> g2_s0:3
[2026-06-22 18:28:04] MAC FLAP 0e:42:ad:57:e2:18 g1_s1:2 -> g2_s0:3
[2026-06-22 18:28:04] MAC FLAP 66:84:c0:0e:a8:24 g2_s0:3 -> g2_s1:2
[2026-06-22 18:28:04] MAC FLAP 1a:8a:71:82:0e:79 g2_s0:2 -> g2_s1:1
[2026-06-22 18:28:04] MAC FLAP 36:45:3d:19:39:93 g2_s0:3 -> g2_s1:2
[2026-06-22 18:28:04] MAC FLAP d2:2c:cf:b3:3f:63 g2_s0:3 -> g2_s1:2
[2026-06-22 18:28:04] MAC FLAP 5a:56:8b:1e:e3:c7 g2_s0:1 -> g2_s1:2
[2026-06-22 18:28:04] MAC FLAP 96:90:a8:e7:f3:0a g2_s0:3 -> g2_s1:2
[2026-06-22 18:28:04] MAC FLAP 86:6d:5b:88:dc:91 g2_s0:3 -> g2_s1:2
[2026-06-22 18:28:04] MAC FLAP fe:29:d9:57:d8:31 g2_s0:3 -> g2_s1:2
[2026-06-22 18:28:04] MAC FLAP 5e:41:92:74:c5:d4 g2_s0:3 -> g2_s1:2
[2026-06-22 18:28:04] MAC FLAP 0e:42:ad:57:e2:18 g2_s0:3 -> g2_s1:2
[2026-06-22 18:28:09] MAC FLAP 66:84:c0:0e:a8:24 g2_s1:2 -> g0_s0:1
[2026-06-22 18:28:09] MAC FLAP 1a:8a:71:82:0e:79 g2_s1:1 -> g0_s0:3
[2026-06-22 18:28:09] MAC FLAP 36:45:3d:19:39:93 g2_s1:2 -> g0_s0:2
[2026-06-22 18:28:09] MAC FLAP d2:2c:cf:b3:3f:63 g2_s1:2 -> g0_s0:3
[2026-06-22 18:28:09] MAC FLAP 5a:56:8b:1e:e3:c7 g2_s1:2 -> g0_s0:3
[2026-06-22 18:28:09] MAC FLAP 96:90:a8:e7:f3:0a g2_s1:2 -> g0_s0:3
[2026-06-22 18:28:09] MAC FLAP 16:10:ac:42:7d:df g0_s1:2 -> g0_s0:3
[2026-06-22 18:28:09] MAC FLAP 72:19:6f:ec:0b:a8 g1_s1:2 -> g0_s0:3
[2026-06-22 18:28:09] MAC FLAP 5e:41:92:74:c5:d4 g2_s1:2 -> g0_s0:3
[2026-06-22 18:28:09] MAC FLAP 3e:27:e2:b0:0d:e4 g2_s0:2 -> g0_s0:3
[2026-06-22 18:28:09] MAC FLAP 0e:42:ad:57:e2:18 g2_s1:2 -> g0_s0:2
[2026-06-22 18:28:09] MAC FLAP 66:84:c0:0e:a8:24 g0_s0:1 -> g0_s1:2
[2026-06-22 18:28:09] MAC FLAP 1a:8a:71:82:0e:79 g0_s0:3 -> g0_s1:2
[2026-06-22 18:28:09] MAC FLAP 36:45:3d:19:39:93 g0_s0:2 -> g0_s1:1
[2026-06-22 18:28:09] MAC FLAP d2:2c:cf:b3:3f:63 g0_s0:3 -> g0_s1:2
[2026-06-22 18:28:09] MAC FLAP 5a:56:8b:1e:e3:c7 g0_s0:3 -> g0_s1:2
[2026-06-22 18:28:09] MAC FLAP 96:90:a8:e7:f3:0a g0_s0:3 -> g0_s1:2
[2026-06-22 18:28:09] MAC FLAP 16:10:ac:42:7d:df g0_s0:3 -> g0_s1:2
[2026-06-22 18:28:09] MAC FLAP 72:19:6f:ec:0b:a8 g0_s0:3 -> g0_s1:2
[2026-06-22 18:28:09] MAC FLAP 5e:41:92:74:c5:d4 g0_s0:3 -> g0_s1:2
[2026-06-22 18:28:09] MAC FLAP 3e:27:e2:b0:0d:e4 g0_s0:3 -> g0_s1:2
[2026-06-22 18:28:09] MAC FLAP 66:84:c0:0e:a8:24 g0_s1:2 -> g1_s0:3
[2026-06-22 18:28:09] MAC FLAP 1a:8a:71:82:0e:79 g0_s1:2 -> g1_s0:4
[2026-06-22 18:28:09] MAC FLAP 36:45:3d:19:39:93 g0_s1:1 -> g1_s0:3
[2026-06-22 18:28:09] MAC FLAP d2:2c:cf:b3:3f:63 g0_s1:2 -> g1_s0:2
[2026-06-22 18:28:09] MAC FLAP 5a:56:8b:1e:e3:c7 g0_s1:2 -> g1_s0:4
[2026-06-22 18:28:09] MAC FLAP 96:90:a8:e7:f3:0a g0_s1:2 -> g1_s0:1
[2026-06-22 18:28:09] MAC FLAP 72:19:6f:ec:0b:a8 g0_s1:2 -> g1_s0:4
[2026-06-22 18:28:09] MAC FLAP fe:29:d9:57:d8:31 g2_s1:2 -> g1_s0:3
[2026-06-22 18:28:09] MAC FLAP 5e:41:92:74:c5:d4 g0_s1:2 -> g1_s0:2
[2026-06-22 18:28:09] MAC FLAP 3e:27:e2:b0:0d:e4 g0_s1:2 -> g1_s0:4
[2026-06-22 18:28:09] MAC FLAP 0e:42:ad:57:e2:18 g0_s0:2 -> g1_s0:3
[2026-06-22 18:28:09] MAC FLAP 66:84:c0:0e:a8:24 g1_s0:3 -> g1_s1:2
[2026-06-22 18:28:09] MAC FLAP 1a:8a:71:82:0e:79 g1_s0:4 -> g1_s1:2
[2026-06-22 18:28:09] MAC FLAP 36:45:3d:19:39:93 g1_s0:3 -> g1_s1:2
[2026-06-22 18:28:09] MAC FLAP d2:2c:cf:b3:3f:63 g1_s0:2 -> g1_s1:1
[2026-06-22 18:28:09] MAC FLAP 5a:56:8b:1e:e3:c7 g1_s0:4 -> g1_s1:2
[2026-06-22 18:28:09] MAC FLAP 96:90:a8:e7:f3:0a g1_s0:1 -> g1_s1:2
[2026-06-22 18:28:09] MAC FLAP 72:19:6f:ec:0b:a8 g1_s0:4 -> g1_s1:2
[2026-06-22 18:28:09] MAC FLAP fe:29:d9:57:d8:31 g1_s0:3 -> g1_s1:2
[2026-06-22 18:28:09] MAC FLAP 3e:27:e2:b0:0d:e4 g1_s0:4 -> g1_s1:2
[2026-06-22 18:28:09] MAC FLAP 0e:42:ad:57:e2:18 g1_s0:3 -> g1_s1:2
[2026-06-22 18:28:09] MAC FLAP 66:84:c0:0e:a8:24 g1_s1:2 -> g2_s0:3
[2026-06-22 18:28:09] MAC FLAP 1a:8a:71:82:0e:79 g1_s1:2 -> g2_s0:2
[2026-06-22 18:28:09] MAC FLAP 36:45:3d:19:39:93 g1_s1:2 -> g2_s0:3
[2026-06-22 18:28:09] MAC FLAP d2:2c:cf:b3:3f:63 g1_s1:1 -> g2_s0:3
[2026-06-22 18:28:09] MAC FLAP 5a:56:8b:1e:e3:c7 g1_s1:2 -> g2_s0:1
[2026-06-22 18:28:09] MAC FLAP 96:90:a8:e7:f3:0a g1_s1:2 -> g2_s0:3
[2026-06-22 18:28:09] MAC FLAP 86:6d:5b:88:dc:91 g2_s1:2 -> g2_s0:3
[2026-06-22 18:28:09] MAC FLAP 3e:27:e2:b0:0d:e4 g1_s1:2 -> g2_s0:2
[2026-06-22 18:28:09] MAC FLAP fe:29:d9:57:d8:31 g1_s1:2 -> g2_s0:3
[2026-06-22 18:28:09] MAC FLAP 5e:41:92:74:c5:d4 g1_s0:2 -> g2_s0:3
[2026-06-22 18:28:09] MAC FLAP 0e:42:ad:57:e2:18 g1_s1:2 -> g2_s0:3
[2026-06-22 18:28:09] MAC FLAP 66:84:c0:0e:a8:24 g2_s0:3 -> g2_s1:2
[2026-06-22 18:28:09] MAC FLAP 1a:8a:71:82:0e:79 g2_s0:2 -> g2_s1:1
[2026-06-22 18:28:09] MAC FLAP 36:45:3d:19:39:93 g2_s0:3 -> g2_s1:2
[2026-06-22 18:28:09] MAC FLAP d2:2c:cf:b3:3f:63 g2_s0:3 -> g2_s1:2
[2026-06-22 18:28:09] MAC FLAP 5a:56:8b:1e:e3:c7 g2_s0:1 -> g2_s1:2
[2026-06-22 18:28:09] MAC FLAP 96:90:a8:e7:f3:0a g2_s0:3 -> g2_s1:2
[2026-06-22 18:28:09] MAC FLAP 86:6d:5b:88:dc:91 g2_s0:3 -> g2_s1:2
[2026-06-22 18:28:09] MAC FLAP fe:29:d9:57:d8:31 g2_s0:3 -> g2_s1:2
[2026-06-22 18:28:09] MAC FLAP 5e:41:92:74:c5:d4 g2_s0:3 -> g2_s1:2
[2026-06-22 18:28:09] MAC FLAP 0e:42:ad:57:e2:18 g2_s0:3 -> g2_s1:2
[2026-06-22 18:28:14] MAC FLAP 66:84:c0:0e:a8:24 g2_s1:2 -> g0_s0:1
[2026-06-22 18:28:14] MAC FLAP 1a:8a:71:82:0e:79 g2_s1:1 -> g0_s0:3
[2026-06-22 18:28:14] MAC FLAP 36:45:3d:19:39:93 g2_s1:2 -> g0_s0:2
[2026-06-22 18:28:14] MAC FLAP d2:2c:cf:b3:3f:63 g2_s1:2 -> g0_s0:3
[2026-06-22 18:28:14] MAC FLAP 5a:56:8b:1e:e3:c7 g2_s1:2 -> g0_s0:3
[2026-06-22 18:28:14] MAC FLAP 96:90:a8:e7:f3:0a g2_s1:2 -> g0_s0:3
[2026-06-22 18:28:14] MAC FLAP 16:10:ac:42:7d:df g0_s1:2 -> g0_s0:3
[2026-06-22 18:28:14] MAC FLAP 72:19:6f:ec:0b:a8 g1_s1:2 -> g0_s0:3
[2026-06-22 18:28:14] MAC FLAP 5e:41:92:74:c5:d4 g2_s1:2 -> g0_s0:3
[2026-06-22 18:28:14] MAC FLAP 3e:27:e2:b0:0d:e4 g2_s0:2 -> g0_s0:3
[2026-06-22 18:28:14] MAC FLAP 0e:42:ad:57:e2:18 g2_s1:2 -> g0_s0:2
[2026-06-22 18:28:14] MAC FLAP 66:84:c0:0e:a8:24 g0_s0:1 -> g0_s1:2
[2026-06-22 18:28:14] MAC FLAP 1a:8a:71:82:0e:79 g0_s0:3 -> g0_s1:2
[2026-06-22 18:28:14] MAC FLAP 36:45:3d:19:39:93 g0_s0:2 -> g0_s1:1
[2026-06-22 18:28:14] MAC FLAP d2:2c:cf:b3:3f:63 g0_s0:3 -> g0_s1:2
[2026-06-22 18:28:14] MAC FLAP 5a:56:8b:1e:e3:c7 g0_s0:3 -> g0_s1:2
[2026-06-22 18:28:14] MAC FLAP 96:90:a8:e7:f3:0a g0_s0:3 -> g0_s1:2
[2026-06-22 18:28:14] MAC FLAP 16:10:ac:42:7d:df g0_s0:3 -> g0_s1:2
[2026-06-22 18:28:14] MAC FLAP 72:19:6f:ec:0b:a8 g0_s0:3 -> g0_s1:2
[2026-06-22 18:28:14] MAC FLAP 5e:41:92:74:c5:d4 g0_s0:3 -> g0_s1:2
[2026-06-22 18:28:14] MAC FLAP 3e:27:e2:b0:0d:e4 g0_s0:3 -> g0_s1:2
[2026-06-22 18:28:14] MAC FLAP 66:84:c0:0e:a8:24 g0_s1:2 -> g1_s0:3
[2026-06-22 18:28:14] MAC FLAP 1a:8a:71:82:0e:79 g0_s1:2 -> g1_s0:4
[2026-06-22 18:28:14] MAC FLAP 36:45:3d:19:39:93 g0_s1:1 -> g1_s0:3
[2026-06-22 18:28:14] MAC FLAP d2:2c:cf:b3:3f:63 g0_s1:2 -> g1_s0:2
[2026-06-22 18:28:14] MAC FLAP 5a:56:8b:1e:e3:c7 g0_s1:2 -> g1_s0:4
[2026-06-22 18:28:14] MAC FLAP 96:90:a8:e7:f3:0a g0_s1:2 -> g1_s0:1
[2026-06-22 18:28:14] MAC FLAP 72:19:6f:ec:0b:a8 g0_s1:2 -> g1_s0:4
[2026-06-22 18:28:14] MAC FLAP fe:29:d9:57:d8:31 g2_s1:2 -> g1_s0:3
[2026-06-22 18:28:14] MAC FLAP 5e:41:92:74:c5:d4 g0_s1:2 -> g1_s0:2
[2026-06-22 18:28:14] MAC FLAP 3e:27:e2:b0:0d:e4 g0_s1:2 -> g1_s0:4
[2026-06-22 18:28:14] MAC FLAP 0e:42:ad:57:e2:18 g0_s0:2 -> g1_s0:3
[2026-06-22 18:28:14] MAC FLAP 66:84:c0:0e:a8:24 g1_s0:3 -> g1_s1:2
[2026-06-22 18:28:14] MAC FLAP 1a:8a:71:82:0e:79 g1_s0:4 -> g1_s1:2
[2026-06-22 18:28:14] MAC FLAP 36:45:3d:19:39:93 g1_s0:3 -> g1_s1:2
[2026-06-22 18:28:14] MAC FLAP d2:2c:cf:b3:3f:63 g1_s0:2 -> g1_s1:1
[2026-06-22 18:28:14] MAC FLAP 5a:56:8b:1e:e3:c7 g1_s0:4 -> g1_s1:2
[2026-06-22 18:28:14] MAC FLAP 96:90:a8:e7:f3:0a g1_s0:1 -> g1_s1:2
[2026-06-22 18:28:14] MAC FLAP 72:19:6f:ec:0b:a8 g1_s0:4 -> g1_s1:2
[2026-06-22 18:28:14] MAC FLAP fe:29:d9:57:d8:31 g1_s0:3 -> g1_s1:2
[2026-06-22 18:28:14] MAC FLAP 3e:27:e2:b0:0d:e4 g1_s0:4 -> g1_s1:2
[2026-06-22 18:28:14] MAC FLAP 0e:42:ad:57:e2:18 g1_s0:3 -> g1_s1:2
[2026-06-22 18:28:14] MAC FLAP 66:84:c0:0e:a8:24 g1_s1:2 -> g2_s0:3
[2026-06-22 18:28:14] MAC FLAP 1a:8a:71:82:0e:79 g1_s1:2 -> g2_s0:2
[2026-06-22 18:28:14] MAC FLAP 36:45:3d:19:39:93 g1_s1:2 -> g2_s0:3
[2026-06-22 18:28:14] MAC FLAP d2:2c:cf:b3:3f:63 g1_s1:1 -> g2_s0:3
[2026-06-22 18:28:14] MAC FLAP 5a:56:8b:1e:e3:c7 g1_s1:2 -> g2_s0:1
[2026-06-22 18:28:14] MAC FLAP 96:90:a8:e7:f3:0a g1_s1:2 -> g2_s0:3
[2026-06-22 18:28:14] MAC FLAP 86:6d:5b:88:dc:91 g2_s1:2 -> g2_s0:3
[2026-06-22 18:28:14] MAC FLAP 3e:27:e2:b0:0d:e4 g1_s1:2 -> g2_s0:2
[2026-06-22 18:28:14] MAC FLAP fe:29:d9:57:d8:31 g1_s1:2 -> g2_s0:3
[2026-06-22 18:28:14] MAC FLAP 5e:41:92:74:c5:d4 g1_s0:2 -> g2_s0:3
[2026-06-22 18:28:14] MAC FLAP 0e:42:ad:57:e2:18 g1_s1:2 -> g2_s0:3
[2026-06-22 18:28:14] MAC FLAP 66:84:c0:0e:a8:24 g2_s0:3 -> g2_s1:2
[2026-06-22 18:28:14] MAC FLAP 1a:8a:71:82:0e:79 g2_s0:2 -> g2_s1:1
[2026-06-22 18:28:14] MAC FLAP 36:45:3d:19:39:93 g2_s0:3 -> g2_s1:2
[2026-06-22 18:28:14] MAC FLAP d2:2c:cf:b3:3f:63 g2_s0:3 -> g2_s1:2
[2026-06-22 18:28:14] MAC FLAP 5a:56:8b:1e:e3:c7 g2_s0:1 -> g2_s1:2
[2026-06-22 18:28:14] MAC FLAP 96:90:a8:e7:f3:0a g2_s0:3 -> g2_s1:2
[2026-06-22 18:28:14] MAC FLAP 86:6d:5b:88:dc:91 g2_s0:3 -> g2_s1:2
[2026-06-22 18:28:14] MAC FLAP fe:29:d9:57:d8:31 g2_s0:3 -> g2_s1:2
[2026-06-22 18:28:14] MAC FLAP 5e:41:92:74:c5:d4 g2_s0:3 -> g2_s1:2
[2026-06-22 18:28:14] MAC FLAP 0e:42:ad:57:e2:18 g2_s0:3 -> g2_s1:2
[2026-06-22 18:28:19] MAC FLAP 1a:8a:71:82:0e:79 g2_s1:1 -> g0_s0:3
[2026-06-22 18:28:19] MAC FLAP 36:45:3d:19:39:93 g2_s1:2 -> g0_s0:2
[2026-06-22 18:28:19] MAC FLAP d2:2c:cf:b3:3f:63 g2_s1:2 -> g0_s0:3
[2026-06-22 18:28:19] MAC FLAP 5a:56:8b:1e:e3:c7 g2_s1:2 -> g0_s0:3
[2026-06-22 18:28:19] MAC FLAP 96:90:a8:e7:f3:0a g2_s1:2 -> g0_s0:3
[2026-06-22 18:28:19] MAC FLAP 16:10:ac:42:7d:df g0_s1:2 -> g0_s0:3
[2026-06-22 18:28:19] MAC FLAP 72:19:6f:ec:0b:a8 g1_s1:2 -> g0_s0:3
[2026-06-22 18:28:19] MAC FLAP 5e:41:92:74:c5:d4 g2_s1:2 -> g0_s0:3
[2026-06-22 18:28:19] MAC FLAP 0e:42:ad:57:e2:18 g2_s1:2 -> g0_s0:2
[2026-06-22 18:28:19] MAC FLAP 66:84:c0:0e:a8:24 g2_s1:2 -> g0_s0:1
[2026-06-22 18:28:19] MAC FLAP 3e:27:e2:b0:0d:e4 g2_s0:2 -> g0_s0:3
[2026-06-22 18:28:19] MAC FLAP 1a:8a:71:82:0e:79 g0_s0:3 -> g0_s1:2
[2026-06-22 18:28:19] MAC FLAP 36:45:3d:19:39:93 g0_s0:2 -> g0_s1:1
[2026-06-22 18:28:19] MAC FLAP d2:2c:cf:b3:3f:63 g0_s0:3 -> g0_s1:2
[2026-06-22 18:28:19] MAC FLAP 5a:56:8b:1e:e3:c7 g0_s0:3 -> g0_s1:2
[2026-06-22 18:28:19] MAC FLAP 96:90:a8:e7:f3:0a g0_s0:3 -> g0_s1:2
[2026-06-22 18:28:19] MAC FLAP 16:10:ac:42:7d:df g0_s0:3 -> g0_s1:2
[2026-06-22 18:28:19] MAC FLAP 72:19:6f:ec:0b:a8 g0_s0:3 -> g0_s1:2
[2026-06-22 18:28:19] MAC FLAP 5e:41:92:74:c5:d4 g0_s0:3 -> g0_s1:2
[2026-06-22 18:28:19] MAC FLAP 66:84:c0:0e:a8:24 g0_s0:1 -> g0_s1:2
[2026-06-22 18:28:19] MAC FLAP 3e:27:e2:b0:0d:e4 g0_s0:3 -> g0_s1:2
[2026-06-22 18:28:19] MAC FLAP 1a:8a:71:82:0e:79 g0_s1:2 -> g1_s0:4
[2026-06-22 18:28:19] MAC FLAP 36:45:3d:19:39:93 g0_s1:1 -> g1_s0:3
[2026-06-22 18:28:19] MAC FLAP d2:2c:cf:b3:3f:63 g0_s1:2 -> g1_s0:2
[2026-06-22 18:28:19] MAC FLAP 5a:56:8b:1e:e3:c7 g0_s1:2 -> g1_s0:4
[2026-06-22 18:28:19] MAC FLAP 96:90:a8:e7:f3:0a g0_s1:2 -> g1_s0:1
[2026-06-22 18:28:19] MAC FLAP 72:19:6f:ec:0b:a8 g0_s1:2 -> g1_s0:4
[2026-06-22 18:28:19] MAC FLAP 5e:41:92:74:c5:d4 g0_s1:2 -> g1_s0:2
[2026-06-22 18:28:19] MAC FLAP 0e:42:ad:57:e2:18 g0_s0:2 -> g1_s0:3
[2026-06-22 18:28:19] MAC FLAP fe:29:d9:57:d8:31 g2_s1:2 -> g1_s0:3
[2026-06-22 18:28:19] MAC FLAP 3e:27:e2:b0:0d:e4 g0_s1:2 -> g1_s0:4
[2026-06-22 18:28:19] MAC FLAP 66:84:c0:0e:a8:24 g0_s1:2 -> g1_s0:3
[2026-06-22 18:28:19] MAC FLAP 1a:8a:71:82:0e:79 g1_s0:4 -> g1_s1:2
[2026-06-22 18:28:19] MAC FLAP 36:45:3d:19:39:93 g1_s0:3 -> g1_s1:2
[2026-06-22 18:28:19] MAC FLAP d2:2c:cf:b3:3f:63 g1_s0:2 -> g1_s1:1
[2026-06-22 18:28:19] MAC FLAP 5a:56:8b:1e:e3:c7 g1_s0:4 -> g1_s1:2
[2026-06-22 18:28:19] MAC FLAP 96:90:a8:e7:f3:0a g1_s0:1 -> g1_s1:2
[2026-06-22 18:28:19] MAC FLAP 72:19:6f:ec:0b:a8 g1_s0:4 -> g1_s1:2
[2026-06-22 18:28:19] MAC FLAP 0e:42:ad:57:e2:18 g1_s0:3 -> g1_s1:2
[2026-06-22 18:28:19] MAC FLAP fe:29:d9:57:d8:31 g1_s0:3 -> g1_s1:2
[2026-06-22 18:28:19] MAC FLAP 3e:27:e2:b0:0d:e4 g1_s0:4 -> g1_s1:2
[2026-06-22 18:28:19] MAC FLAP 66:84:c0:0e:a8:24 g1_s0:3 -> g1_s1:2
[2026-06-22 18:28:19] MAC FLAP 1a:8a:71:82:0e:79 g1_s1:2 -> g2_s0:2
[2026-06-22 18:28:19] MAC FLAP 36:45:3d:19:39:93 g1_s1:2 -> g2_s0:3
[2026-06-22 18:28:19] MAC FLAP d2:2c:cf:b3:3f:63 g1_s1:1 -> g2_s0:3
[2026-06-22 18:28:19] MAC FLAP 5a:56:8b:1e:e3:c7 g1_s1:2 -> g2_s0:1
[2026-06-22 18:28:19] MAC FLAP 96:90:a8:e7:f3:0a g1_s1:2 -> g2_s0:3
[2026-06-22 18:28:19] MAC FLAP 86:6d:5b:88:dc:91 g2_s1:2 -> g2_s0:3
[2026-06-22 18:28:19] MAC FLAP 5e:41:92:74:c5:d4 g1_s0:2 -> g2_s0:3
[2026-06-22 18:28:19] MAC FLAP 0e:42:ad:57:e2:18 g1_s1:2 -> g2_s0:3
[2026-06-22 18:28:19] MAC FLAP 3e:27:e2:b0:0d:e4 g1_s1:2 -> g2_s0:2
[2026-06-22 18:28:19] MAC FLAP fe:29:d9:57:d8:31 g1_s1:2 -> g2_s0:3
[2026-06-22 18:28:19] MAC FLAP 66:84:c0:0e:a8:24 g1_s1:2 -> g2_s0:3
[2026-06-22 18:28:19] MAC FLAP 1a:8a:71:82:0e:79 g2_s0:2 -> g2_s1:1
[2026-06-22 18:28:19] MAC FLAP 36:45:3d:19:39:93 g2_s0:3 -> g2_s1:2
[2026-06-22 18:28:19] MAC FLAP d2:2c:cf:b3:3f:63 g2_s0:3 -> g2_s1:2
[2026-06-22 18:28:19] MAC FLAP 5a:56:8b:1e:e3:c7 g2_s0:1 -> g2_s1:2
[2026-06-22 18:28:19] MAC FLAP 96:90:a8:e7:f3:0a g2_s0:3 -> g2_s1:2
[2026-06-22 18:28:19] MAC FLAP 86:6d:5b:88:dc:91 g2_s0:3 -> g2_s1:2
[2026-06-22 18:28:19] MAC FLAP 5e:41:92:74:c5:d4 g2_s0:3 -> g2_s1:2
[2026-06-22 18:28:19] MAC FLAP 0e:42:ad:57:e2:18 g2_s0:3 -> g2_s1:2
[2026-06-22 18:28:19] MAC FLAP fe:29:d9:57:d8:31 g2_s0:3 -> g2_s1:2
[2026-06-22 18:28:19] MAC FLAP 66:84:c0:0e:a8:24 g2_s0:3 -> g2_s1:2
[2026-06-22 18:28:54] Baseline snapshot created (44 entries)
[2026-06-22 18:28:54] LEARNED 16:10:ac:42:7d:df -> g0_s0:3
[2026-06-22 18:28:54] LEARNED 72:19:6f:ec:0b:a8 -> g0_s0:3
[2026-06-22 18:28:54] LEARNED 5e:41:92:74:c5:d4 -> g0_s0:3
[2026-06-22 18:28:54] LEARNED 0e:42:ad:57:e2:18 -> g0_s0:2
[2026-06-22 18:28:54] LEARNED 3e:27:e2:b0:0d:e4 -> g0_s0:3
[2026-06-22 18:28:54] LEARNED d2:2c:cf:b3:3f:63 -> g0_s0:3
[2026-06-22 18:28:54] LEARNED 36:45:3d:19:39:93 -> g0_s0:2
[2026-06-22 18:28:54] LEARNED 96:90:a8:e7:f3:0a -> g0_s0:3
[2026-06-22 18:28:54] LEARNED 66:84:c0:0e:a8:24 -> g0_s0:1
[2026-06-22 18:28:54] LEARNED 5a:56:8b:1e:e3:c7 -> g0_s0:3
[2026-06-22 18:28:54] LEARNED 1a:8a:71:82:0e:79 -> g0_s0:3
[2026-06-22 18:28:54] MAC FLAP 16:10:ac:42:7d:df g0_s0:3 -> g0_s1:2
[2026-06-22 18:28:54] MAC FLAP 72:19:6f:ec:0b:a8 g0_s0:3 -> g0_s1:2
[2026-06-22 18:28:54] MAC FLAP 5e:41:92:74:c5:d4 g0_s0:3 -> g0_s1:2
[2026-06-22 18:28:54] LEARNED d6:5e:89:21:5d:45 -> g0_s1:2
[2026-06-22 18:28:54] MAC FLAP 3e:27:e2:b0:0d:e4 g0_s0:3 -> g0_s1:2
[2026-06-22 18:28:54] MAC FLAP 36:45:3d:19:39:93 g0_s0:2 -> g0_s1:1
[2026-06-22 18:28:54] MAC FLAP 66:84:c0:0e:a8:24 g0_s0:1 -> g0_s1:2
[2026-06-22 18:28:54] MAC FLAP 96:90:a8:e7:f3:0a g0_s0:3 -> g0_s1:2
[2026-06-22 18:28:54] MAC FLAP d2:2c:cf:b3:3f:63 g0_s0:3 -> g0_s1:2
[2026-06-22 18:28:54] MAC FLAP 5a:56:8b:1e:e3:c7 g0_s0:3 -> g0_s1:2
[2026-06-22 18:28:54] MAC FLAP 1a:8a:71:82:0e:79 g0_s0:3 -> g0_s1:2
[2026-06-22 18:28:54] MAC FLAP 72:19:6f:ec:0b:a8 g0_s1:2 -> g1_s0:4
[2026-06-22 18:28:54] MAC FLAP 5e:41:92:74:c5:d4 g0_s1:2 -> g1_s0:2
[2026-06-22 18:28:54] MAC FLAP 0e:42:ad:57:e2:18 g0_s0:2 -> g1_s0:3
[2026-06-22 18:28:54] LEARNED fe:29:d9:57:d8:31 -> g1_s0:3
[2026-06-22 18:28:54] MAC FLAP 3e:27:e2:b0:0d:e4 g0_s1:2 -> g1_s0:4
[2026-06-22 18:28:54] MAC FLAP 96:90:a8:e7:f3:0a g0_s1:2 -> g1_s0:1
[2026-06-22 18:28:54] MAC FLAP 5a:56:8b:1e:e3:c7 g0_s1:2 -> g1_s0:4
[2026-06-22 18:28:54] MAC FLAP 66:84:c0:0e:a8:24 g0_s1:2 -> g1_s0:3
[2026-06-22 18:28:54] MAC FLAP d2:2c:cf:b3:3f:63 g0_s1:2 -> g1_s0:2
[2026-06-22 18:28:54] MAC FLAP 36:45:3d:19:39:93 g0_s1:1 -> g1_s0:3
[2026-06-22 18:28:54] MAC FLAP 1a:8a:71:82:0e:79 g0_s1:2 -> g1_s0:4
[2026-06-22 18:28:54] LEARNED ee:32:9b:c6:f9:0c -> g1_s1:2
[2026-06-22 18:28:54] MAC FLAP 72:19:6f:ec:0b:a8 g1_s0:4 -> g1_s1:2
[2026-06-22 18:28:54] MAC FLAP 0e:42:ad:57:e2:18 g1_s0:3 -> g1_s1:2
[2026-06-22 18:28:54] MAC FLAP fe:29:d9:57:d8:31 g1_s0:3 -> g1_s1:2
[2026-06-22 18:28:54] MAC FLAP 3e:27:e2:b0:0d:e4 g1_s0:4 -> g1_s1:2
[2026-06-22 18:28:54] MAC FLAP 36:45:3d:19:39:93 g1_s0:3 -> g1_s1:2
[2026-06-22 18:28:54] MAC FLAP d2:2c:cf:b3:3f:63 g1_s0:2 -> g1_s1:1
[2026-06-22 18:28:54] MAC FLAP 66:84:c0:0e:a8:24 g1_s0:3 -> g1_s1:2
[2026-06-22 18:28:54] MAC FLAP 96:90:a8:e7:f3:0a g1_s0:1 -> g1_s1:2
[2026-06-22 18:28:54] MAC FLAP 5a:56:8b:1e:e3:c7 g1_s0:4 -> g1_s1:2
[2026-06-22 18:28:54] MAC FLAP 1a:8a:71:82:0e:79 g1_s0:4 -> g1_s1:2
[2026-06-22 18:28:54] LEARNED 86:6d:5b:88:dc:91 -> g2_s0:3
[2026-06-22 18:28:54] MAC FLAP 5e:41:92:74:c5:d4 g1_s0:2 -> g2_s0:3
[2026-06-22 18:28:54] MAC FLAP 0e:42:ad:57:e2:18 g1_s1:2 -> g2_s0:3
[2026-06-22 18:28:54] MAC FLAP 3e:27:e2:b0:0d:e4 g1_s1:2 -> g2_s0:2
[2026-06-22 18:28:54] MAC FLAP fe:29:d9:57:d8:31 g1_s1:2 -> g2_s0:3
[2026-06-22 18:28:54] MAC FLAP 66:84:c0:0e:a8:24 g1_s1:2 -> g2_s0:3
[2026-06-22 18:28:54] MAC FLAP d2:2c:cf:b3:3f:63 g1_s1:1 -> g2_s0:3
[2026-06-22 18:28:54] MAC FLAP 5a:56:8b:1e:e3:c7 g1_s1:2 -> g2_s0:1
[2026-06-22 18:28:54] MAC FLAP 96:90:a8:e7:f3:0a g1_s1:2 -> g2_s0:3
[2026-06-22 18:28:54] MAC FLAP 36:45:3d:19:39:93 g1_s1:2 -> g2_s0:3
[2026-06-22 18:28:54] MAC FLAP 1a:8a:71:82:0e:79 g1_s1:2 -> g2_s0:2
[2026-06-22 18:28:54] MAC FLAP 86:6d:5b:88:dc:91 g2_s0:3 -> g2_s1:2
[2026-06-22 18:28:54] MAC FLAP 5e:41:92:74:c5:d4 g2_s0:3 -> g2_s1:2
[2026-06-22 18:28:54] LEARNED 0e:f0:c2:34:02:80 -> g2_s1:2
[2026-06-22 18:28:54] MAC FLAP 0e:42:ad:57:e2:18 g2_s0:3 -> g2_s1:2
[2026-06-22 18:28:54] MAC FLAP fe:29:d9:57:d8:31 g2_s0:3 -> g2_s1:2
[2026-06-22 18:28:54] MAC FLAP 36:45:3d:19:39:93 g2_s0:3 -> g2_s1:2
[2026-06-22 18:28:54] MAC FLAP 5a:56:8b:1e:e3:c7 g2_s0:1 -> g2_s1:2
[2026-06-22 18:28:54] MAC FLAP d2:2c:cf:b3:3f:63 g2_s0:3 -> g2_s1:2
[2026-06-22 18:28:54] MAC FLAP 66:84:c0:0e:a8:24 g2_s0:3 -> g2_s1:2
[2026-06-22 18:28:54] MAC FLAP 96:90:a8:e7:f3:0a g2_s0:3 -> g2_s1:2
[2026-06-22 18:28:54] MAC FLAP 1a:8a:71:82:0e:79 g2_s0:2 -> g2_s1:1
[2026-06-22 18:28:59] MAC FLAP 16:10:ac:42:7d:df g0_s1:2 -> g0_s0:3
[2026-06-22 18:28:59] MAC FLAP 72:19:6f:ec:0b:a8 g1_s1:2 -> g0_s0:3
[2026-06-22 18:28:59] MAC FLAP 5e:41:92:74:c5:d4 g2_s1:2 -> g0_s0:3
[2026-06-22 18:28:59] MAC FLAP 0e:42:ad:57:e2:18 g2_s1:2 -> g0_s0:2
[2026-06-22 18:28:59] MAC FLAP 3e:27:e2:b0:0d:e4 g2_s0:2 -> g0_s0:3
[2026-06-22 18:28:59] MAC FLAP d2:2c:cf:b3:3f:63 g2_s1:2 -> g0_s0:3
[2026-06-22 18:28:59] MAC FLAP 5a:56:8b:1e:e3:c7 g2_s1:2 -> g0_s0:3
[2026-06-22 18:28:59] MAC FLAP 36:45:3d:19:39:93 g2_s1:2 -> g0_s0:2
[2026-06-22 18:28:59] MAC FLAP 66:84:c0:0e:a8:24 g2_s1:2 -> g0_s0:1
[2026-06-22 18:28:59] MAC FLAP 1a:8a:71:82:0e:79 g2_s1:1 -> g0_s0:3
[2026-06-22 18:28:59] MAC FLAP 96:90:a8:e7:f3:0a g2_s1:2 -> g0_s0:3
[2026-06-22 18:28:59] MAC FLAP 16:10:ac:42:7d:df g0_s0:3 -> g0_s1:2
[2026-06-22 18:28:59] MAC FLAP 72:19:6f:ec:0b:a8 g0_s0:3 -> g0_s1:2
[2026-06-22 18:28:59] MAC FLAP 5e:41:92:74:c5:d4 g0_s0:3 -> g0_s1:2
[2026-06-22 18:28:59] MAC FLAP 3e:27:e2:b0:0d:e4 g0_s0:3 -> g0_s1:2
[2026-06-22 18:28:59] MAC FLAP 96:90:a8:e7:f3:0a g0_s0:3 -> g0_s1:2
[2026-06-22 18:28:59] MAC FLAP 36:45:3d:19:39:93 g0_s0:2 -> g0_s1:1
[2026-06-22 18:28:59] MAC FLAP 1a:8a:71:82:0e:79 g0_s0:3 -> g0_s1:2
[2026-06-22 18:28:59] MAC FLAP 66:84:c0:0e:a8:24 g0_s0:1 -> g0_s1:2
[2026-06-22 18:28:59] MAC FLAP 5a:56:8b:1e:e3:c7 g0_s0:3 -> g0_s1:2
[2026-06-22 18:28:59] MAC FLAP d2:2c:cf:b3:3f:63 g0_s0:3 -> g0_s1:2
[2026-06-22 18:28:59] MAC FLAP 72:19:6f:ec:0b:a8 g0_s1:2 -> g1_s0:4
[2026-06-22 18:28:59] MAC FLAP 5e:41:92:74:c5:d4 g0_s1:2 -> g1_s0:2
[2026-06-22 18:28:59] MAC FLAP 0e:42:ad:57:e2:18 g0_s0:2 -> g1_s0:3
[2026-06-22 18:28:59] MAC FLAP fe:29:d9:57:d8:31 g2_s1:2 -> g1_s0:3
[2026-06-22 18:28:59] MAC FLAP 3e:27:e2:b0:0d:e4 g0_s1:2 -> g1_s0:4
[2026-06-22 18:28:59] MAC FLAP 96:90:a8:e7:f3:0a g0_s1:2 -> g1_s0:1
[2026-06-22 18:28:59] MAC FLAP d2:2c:cf:b3:3f:63 g0_s1:2 -> g1_s0:2
[2026-06-22 18:28:59] MAC FLAP 5a:56:8b:1e:e3:c7 g0_s1:2 -> g1_s0:4
[2026-06-22 18:28:59] MAC FLAP 36:45:3d:19:39:93 g0_s1:1 -> g1_s0:3
[2026-06-22 18:28:59] MAC FLAP 66:84:c0:0e:a8:24 g0_s1:2 -> g1_s0:3
[2026-06-22 18:28:59] MAC FLAP 1a:8a:71:82:0e:79 g0_s1:2 -> g1_s0:4
[2026-06-22 18:28:59] MAC FLAP 72:19:6f:ec:0b:a8 g1_s0:4 -> g1_s1:2
[2026-06-22 18:28:59] MAC FLAP 0e:42:ad:57:e2:18 g1_s0:3 -> g1_s1:2
[2026-06-22 18:28:59] MAC FLAP fe:29:d9:57:d8:31 g1_s0:3 -> g1_s1:2
[2026-06-22 18:28:59] MAC FLAP 3e:27:e2:b0:0d:e4 g1_s0:4 -> g1_s1:2
[2026-06-22 18:28:59] MAC FLAP 96:90:a8:e7:f3:0a g1_s0:1 -> g1_s1:2
[2026-06-22 18:28:59] MAC FLAP 66:84:c0:0e:a8:24 g1_s0:3 -> g1_s1:2
[2026-06-22 18:28:59] MAC FLAP 36:45:3d:19:39:93 g1_s0:3 -> g1_s1:2
[2026-06-22 18:28:59] MAC FLAP 1a:8a:71:82:0e:79 g1_s0:4 -> g1_s1:2
[2026-06-22 18:28:59] MAC FLAP d2:2c:cf:b3:3f:63 g1_s0:2 -> g1_s1:1
[2026-06-22 18:28:59] MAC FLAP 5a:56:8b:1e:e3:c7 g1_s0:4 -> g1_s1:2
[2026-06-22 18:28:59] MAC FLAP 86:6d:5b:88:dc:91 g2_s1:2 -> g2_s0:3
[2026-06-22 18:28:59] MAC FLAP 5e:41:92:74:c5:d4 g1_s0:2 -> g2_s0:3
[2026-06-22 18:28:59] MAC FLAP 0e:42:ad:57:e2:18 g1_s1:2 -> g2_s0:3
[2026-06-22 18:28:59] MAC FLAP 3e:27:e2:b0:0d:e4 g1_s1:2 -> g2_s0:2
[2026-06-22 18:28:59] MAC FLAP fe:29:d9:57:d8:31 g1_s1:2 -> g2_s0:3
[2026-06-22 18:28:59] MAC FLAP d2:2c:cf:b3:3f:63 g1_s1:1 -> g2_s0:3
[2026-06-22 18:28:59] MAC FLAP 66:84:c0:0e:a8:24 g1_s1:2 -> g2_s0:3
[2026-06-22 18:28:59] MAC FLAP 36:45:3d:19:39:93 g1_s1:2 -> g2_s0:3
[2026-06-22 18:28:59] MAC FLAP 5a:56:8b:1e:e3:c7 g1_s1:2 -> g2_s0:1
[2026-06-22 18:28:59] MAC FLAP 1a:8a:71:82:0e:79 g1_s1:2 -> g2_s0:2
[2026-06-22 18:28:59] MAC FLAP 96:90:a8:e7:f3:0a g1_s1:2 -> g2_s0:3
[2026-06-22 18:28:59] MAC FLAP 86:6d:5b:88:dc:91 g2_s0:3 -> g2_s1:2
[2026-06-22 18:28:59] MAC FLAP 5e:41:92:74:c5:d4 g2_s0:3 -> g2_s1:2
[2026-06-22 18:28:59] MAC FLAP 0e:42:ad:57:e2:18 g2_s0:3 -> g2_s1:2
[2026-06-22 18:28:59] MAC FLAP fe:29:d9:57:d8:31 g2_s0:3 -> g2_s1:2
[2026-06-22 18:28:59] MAC FLAP d2:2c:cf:b3:3f:63 g2_s0:3 -> g2_s1:2
[2026-06-22 18:28:59] MAC FLAP 66:84:c0:0e:a8:24 g2_s0:3 -> g2_s1:2
[2026-06-22 18:28:59] MAC FLAP 36:45:3d:19:39:93 g2_s0:3 -> g2_s1:2
[2026-06-22 18:28:59] MAC FLAP 1a:8a:71:82:0e:79 g2_s0:2 -> g2_s1:1
[2026-06-22 18:28:59] MAC FLAP 5a:56:8b:1e:e3:c7 g2_s0:1 -> g2_s1:2
[2026-06-22 18:28:59] MAC FLAP 96:90:a8:e7:f3:0a g2_s0:3 -> g2_s1:2
[2026-06-22 18:29:04] MAC FLAP 16:10:ac:42:7d:df g0_s1:2 -> g0_s0:3
[2026-06-22 18:29:04] MAC FLAP 72:19:6f:ec:0b:a8 g1_s1:2 -> g0_s0:3
[2026-06-22 18:29:04] MAC FLAP 5e:41:92:74:c5:d4 g2_s1:2 -> g0_s0:3
[2026-06-22 18:29:04] MAC FLAP 0e:42:ad:57:e2:18 g2_s1:2 -> g0_s0:2
[2026-06-22 18:29:04] MAC FLAP 3e:27:e2:b0:0d:e4 g2_s0:2 -> g0_s0:3
[2026-06-22 18:29:04] MAC FLAP d2:2c:cf:b3:3f:63 g2_s1:2 -> g0_s0:3
[2026-06-22 18:29:04] MAC FLAP 5a:56:8b:1e:e3:c7 g2_s1:2 -> g0_s0:3
[2026-06-22 18:29:04] MAC FLAP 36:45:3d:19:39:93 g2_s1:2 -> g0_s0:2
[2026-06-22 18:29:04] MAC FLAP 66:84:c0:0e:a8:24 g2_s1:2 -> g0_s0:1
[2026-06-22 18:29:04] MAC FLAP 1a:8a:71:82:0e:79 g2_s1:1 -> g0_s0:3
[2026-06-22 18:29:04] MAC FLAP 96:90:a8:e7:f3:0a g2_s1:2 -> g0_s0:3
[2026-06-22 18:29:04] MAC FLAP 16:10:ac:42:7d:df g0_s0:3 -> g0_s1:2
[2026-06-22 18:29:04] MAC FLAP 72:19:6f:ec:0b:a8 g0_s0:3 -> g0_s1:2
[2026-06-22 18:29:04] MAC FLAP 5e:41:92:74:c5:d4 g0_s0:3 -> g0_s1:2
[2026-06-22 18:29:04] MAC FLAP 3e:27:e2:b0:0d:e4 g0_s0:3 -> g0_s1:2
[2026-06-22 18:29:04] MAC FLAP 96:90:a8:e7:f3:0a g0_s0:3 -> g0_s1:2
[2026-06-22 18:29:04] MAC FLAP 36:45:3d:19:39:93 g0_s0:2 -> g0_s1:1
[2026-06-22 18:29:04] MAC FLAP 1a:8a:71:82:0e:79 g0_s0:3 -> g0_s1:2
[2026-06-22 18:29:04] MAC FLAP 66:84:c0:0e:a8:24 g0_s0:1 -> g0_s1:2
[2026-06-22 18:29:04] MAC FLAP 5a:56:8b:1e:e3:c7 g0_s0:3 -> g0_s1:2
[2026-06-22 18:29:04] MAC FLAP d2:2c:cf:b3:3f:63 g0_s0:3 -> g0_s1:2
[2026-06-22 18:29:04] MAC FLAP 72:19:6f:ec:0b:a8 g0_s1:2 -> g1_s0:4
[2026-06-22 18:29:04] MAC FLAP 5e:41:92:74:c5:d4 g0_s1:2 -> g1_s0:2
[2026-06-22 18:29:04] MAC FLAP 0e:42:ad:57:e2:18 g0_s0:2 -> g1_s0:3
[2026-06-22 18:29:04] MAC FLAP fe:29:d9:57:d8:31 g2_s1:2 -> g1_s0:3
[2026-06-22 18:29:04] MAC FLAP 3e:27:e2:b0:0d:e4 g0_s1:2 -> g1_s0:4
[2026-06-22 18:29:04] MAC FLAP 96:90:a8:e7:f3:0a g0_s1:2 -> g1_s0:1
[2026-06-22 18:29:04] MAC FLAP d2:2c:cf:b3:3f:63 g0_s1:2 -> g1_s0:2
[2026-06-22 18:29:04] MAC FLAP 5a:56:8b:1e:e3:c7 g0_s1:2 -> g1_s0:4
[2026-06-22 18:29:04] MAC FLAP 36:45:3d:19:39:93 g0_s1:1 -> g1_s0:3
[2026-06-22 18:29:04] MAC FLAP 66:84:c0:0e:a8:24 g0_s1:2 -> g1_s0:3
[2026-06-22 18:29:04] MAC FLAP 1a:8a:71:82:0e:79 g0_s1:2 -> g1_s0:4
[2026-06-22 18:29:04] MAC FLAP 72:19:6f:ec:0b:a8 g1_s0:4 -> g1_s1:2
[2026-06-22 18:29:04] MAC FLAP 0e:42:ad:57:e2:18 g1_s0:3 -> g1_s1:2
[2026-06-22 18:29:04] MAC FLAP fe:29:d9:57:d8:31 g1_s0:3 -> g1_s1:2
[2026-06-22 18:29:04] MAC FLAP 3e:27:e2:b0:0d:e4 g1_s0:4 -> g1_s1:2
[2026-06-22 18:29:04] MAC FLAP 96:90:a8:e7:f3:0a g1_s0:1 -> g1_s1:2
[2026-06-22 18:29:04] MAC FLAP 66:84:c0:0e:a8:24 g1_s0:3 -> g1_s1:2
[2026-06-22 18:29:04] MAC FLAP 36:45:3d:19:39:93 g1_s0:3 -> g1_s1:2
[2026-06-22 18:29:04] MAC FLAP 1a:8a:71:82:0e:79 g1_s0:4 -> g1_s1:2
[2026-06-22 18:29:04] MAC FLAP d2:2c:cf:b3:3f:63 g1_s0:2 -> g1_s1:1
[2026-06-22 18:29:04] MAC FLAP 5a:56:8b:1e:e3:c7 g1_s0:4 -> g1_s1:2
[2026-06-22 18:29:04] MAC FLAP 86:6d:5b:88:dc:91 g2_s1:2 -> g2_s0:3
[2026-06-22 18:29:04] MAC FLAP 5e:41:92:74:c5:d4 g1_s0:2 -> g2_s0:3
[2026-06-22 18:29:04] MAC FLAP 0e:42:ad:57:e2:18 g1_s1:2 -> g2_s0:3
[2026-06-22 18:29:04] MAC FLAP 3e:27:e2:b0:0d:e4 g1_s1:2 -> g2_s0:2
[2026-06-22 18:29:04] MAC FLAP fe:29:d9:57:d8:31 g1_s1:2 -> g2_s0:3
[2026-06-22 18:29:04] MAC FLAP d2:2c:cf:b3:3f:63 g1_s1:1 -> g2_s0:3
[2026-06-22 18:29:04] MAC FLAP 66:84:c0:0e:a8:24 g1_s1:2 -> g2_s0:3
[2026-06-22 18:29:04] MAC FLAP 36:45:3d:19:39:93 g1_s1:2 -> g2_s0:3
[2026-06-22 18:29:04] MAC FLAP 5a:56:8b:1e:e3:c7 g1_s1:2 -> g2_s0:1
[2026-06-22 18:29:04] MAC FLAP 1a:8a:71:82:0e:79 g1_s1:2 -> g2_s0:2
[2026-06-22 18:29:04] MAC FLAP 96:90:a8:e7:f3:0a g1_s1:2 -> g2_s0:3
[2026-06-22 18:29:04] MAC FLAP 86:6d:5b:88:dc:91 g2_s0:3 -> g2_s1:2
[2026-06-22 18:29:04] MAC FLAP 5e:41:92:74:c5:d4 g2_s0:3 -> g2_s1:2
[2026-06-22 18:29:04] MAC FLAP 0e:42:ad:57:e2:18 g2_s0:3 -> g2_s1:2
[2026-06-22 18:29:04] MAC FLAP fe:29:d9:57:d8:31 g2_s0:3 -> g2_s1:2
[2026-06-22 18:29:04] MAC FLAP d2:2c:cf:b3:3f:63 g2_s0:3 -> g2_s1:2
[2026-06-22 18:29:04] MAC FLAP 66:84:c0:0e:a8:24 g2_s0:3 -> g2_s1:2
[2026-06-22 18:29:04] MAC FLAP 36:45:3d:19:39:93 g2_s0:3 -> g2_s1:2
[2026-06-22 18:29:04] MAC FLAP 1a:8a:71:82:0e:79 g2_s0:2 -> g2_s1:1
[2026-06-22 18:29:04] MAC FLAP 5a:56:8b:1e:e3:c7 g2_s0:1 -> g2_s1:2
[2026-06-22 18:29:04] MAC FLAP 96:90:a8:e7:f3:0a g2_s0:3 -> g2_s1:2
[2026-06-22 18:29:09] MAC FLAP 16:10:ac:42:7d:df g0_s1:2 -> g0_s0:3
[2026-06-22 18:29:09] MAC FLAP 72:19:6f:ec:0b:a8 g1_s1:2 -> g0_s0:3
[2026-06-22 18:29:09] MAC FLAP 5e:41:92:74:c5:d4 g2_s1:2 -> g0_s0:3
[2026-06-22 18:29:09] MAC FLAP 0e:42:ad:57:e2:18 g2_s1:2 -> g0_s0:2
[2026-06-22 18:29:09] MAC FLAP 3e:27:e2:b0:0d:e4 g2_s0:2 -> g0_s0:3
[2026-06-22 18:29:09] MAC FLAP d2:2c:cf:b3:3f:63 g2_s1:2 -> g0_s0:3
[2026-06-22 18:29:09] MAC FLAP 5a:56:8b:1e:e3:c7 g2_s1:2 -> g0_s0:3
[2026-06-22 18:29:09] MAC FLAP 36:45:3d:19:39:93 g2_s1:2 -> g0_s0:2
[2026-06-22 18:29:09] MAC FLAP 66:84:c0:0e:a8:24 g2_s1:2 -> g0_s0:1
[2026-06-22 18:29:09] MAC FLAP 1a:8a:71:82:0e:79 g2_s1:1 -> g0_s0:3
[2026-06-22 18:29:09] MAC FLAP 96:90:a8:e7:f3:0a g2_s1:2 -> g0_s0:3
[2026-06-22 18:29:09] MAC FLAP 16:10:ac:42:7d:df g0_s0:3 -> g0_s1:2
[2026-06-22 18:29:09] MAC FLAP 72:19:6f:ec:0b:a8 g0_s0:3 -> g0_s1:2
[2026-06-22 18:29:09] MAC FLAP 5e:41:92:74:c5:d4 g0_s0:3 -> g0_s1:2
[2026-06-22 18:29:09] MAC FLAP 3e:27:e2:b0:0d:e4 g0_s0:3 -> g0_s1:2
[2026-06-22 18:29:09] MAC FLAP 96:90:a8:e7:f3:0a g0_s0:3 -> g0_s1:2
[2026-06-22 18:29:09] MAC FLAP 36:45:3d:19:39:93 g0_s0:2 -> g0_s1:1
[2026-06-22 18:29:09] MAC FLAP 1a:8a:71:82:0e:79 g0_s0:3 -> g0_s1:2
[2026-06-22 18:29:09] MAC FLAP 66:84:c0:0e:a8:24 g0_s0:1 -> g0_s1:2
[2026-06-22 18:29:09] MAC FLAP 5a:56:8b:1e:e3:c7 g0_s0:3 -> g0_s1:2
[2026-06-22 18:29:09] MAC FLAP d2:2c:cf:b3:3f:63 g0_s0:3 -> g0_s1:2
[2026-06-22 18:29:09] MAC FLAP 72:19:6f:ec:0b:a8 g0_s1:2 -> g1_s0:4
[2026-06-22 18:29:09] MAC FLAP 5e:41:92:74:c5:d4 g0_s1:2 -> g1_s0:2
[2026-06-22 18:29:09] MAC FLAP 0e:42:ad:57:e2:18 g0_s0:2 -> g1_s0:3
[2026-06-22 18:29:09] MAC FLAP fe:29:d9:57:d8:31 g2_s1:2 -> g1_s0:3
[2026-06-22 18:29:09] MAC FLAP 3e:27:e2:b0:0d:e4 g0_s1:2 -> g1_s0:4
[2026-06-22 18:29:09] MAC FLAP 96:90:a8:e7:f3:0a g0_s1:2 -> g1_s0:1
[2026-06-22 18:29:09] MAC FLAP d2:2c:cf:b3:3f:63 g0_s1:2 -> g1_s0:2
[2026-06-22 18:29:09] MAC FLAP 5a:56:8b:1e:e3:c7 g0_s1:2 -> g1_s0:4
[2026-06-22 18:29:09] MAC FLAP 36:45:3d:19:39:93 g0_s1:1 -> g1_s0:3
[2026-06-22 18:29:09] MAC FLAP 66:84:c0:0e:a8:24 g0_s1:2 -> g1_s0:3
[2026-06-22 18:29:09] MAC FLAP 1a:8a:71:82:0e:79 g0_s1:2 -> g1_s0:4
[2026-06-22 18:29:09] MAC FLAP 72:19:6f:ec:0b:a8 g1_s0:4 -> g1_s1:2
[2026-06-22 18:29:09] MAC FLAP 0e:42:ad:57:e2:18 g1_s0:3 -> g1_s1:2
[2026-06-22 18:29:09] MAC FLAP fe:29:d9:57:d8:31 g1_s0:3 -> g1_s1:2
[2026-06-22 18:29:09] MAC FLAP 3e:27:e2:b0:0d:e4 g1_s0:4 -> g1_s1:2
[2026-06-22 18:29:09] MAC FLAP 96:90:a8:e7:f3:0a g1_s0:1 -> g1_s1:2
[2026-06-22 18:29:09] MAC FLAP 66:84:c0:0e:a8:24 g1_s0:3 -> g1_s1:2
[2026-06-22 18:29:09] MAC FLAP 36:45:3d:19:39:93 g1_s0:3 -> g1_s1:2
[2026-06-22 18:29:09] MAC FLAP 1a:8a:71:82:0e:79 g1_s0:4 -> g1_s1:2
[2026-06-22 18:29:09] MAC FLAP d2:2c:cf:b3:3f:63 g1_s0:2 -> g1_s1:1
[2026-06-22 18:29:09] MAC FLAP 5a:56:8b:1e:e3:c7 g1_s0:4 -> g1_s1:2
[2026-06-22 18:29:09] MAC FLAP 86:6d:5b:88:dc:91 g2_s1:2 -> g2_s0:3
[2026-06-22 18:29:09] MAC FLAP 5e:41:92:74:c5:d4 g1_s0:2 -> g2_s0:3
[2026-06-22 18:29:09] MAC FLAP 0e:42:ad:57:e2:18 g1_s1:2 -> g2_s0:3
[2026-06-22 18:29:09] MAC FLAP 3e:27:e2:b0:0d:e4 g1_s1:2 -> g2_s0:2
[2026-06-22 18:29:09] MAC FLAP fe:29:d9:57:d8:31 g1_s1:2 -> g2_s0:3
[2026-06-22 18:29:09] MAC FLAP d2:2c:cf:b3:3f:63 g1_s1:1 -> g2_s0:3
[2026-06-22 18:29:09] MAC FLAP 66:84:c0:0e:a8:24 g1_s1:2 -> g2_s0:3
[2026-06-22 18:29:09] MAC FLAP 36:45:3d:19:39:93 g1_s1:2 -> g2_s0:3
[2026-06-22 18:29:09] MAC FLAP 5a:56:8b:1e:e3:c7 g1_s1:2 -> g2_s0:1
[2026-06-22 18:29:09] MAC FLAP 1a:8a:71:82:0e:79 g1_s1:2 -> g2_s0:2
[2026-06-22 18:29:09] MAC FLAP 96:90:a8:e7:f3:0a g1_s1:2 -> g2_s0:3
[2026-06-22 18:29:09] MAC FLAP 86:6d:5b:88:dc:91 g2_s0:3 -> g2_s1:2
[2026-06-22 18:29:09] MAC FLAP 5e:41:92:74:c5:d4 g2_s0:3 -> g2_s1:2
[2026-06-22 18:29:09] MAC FLAP 0e:42:ad:57:e2:18 g2_s0:3 -> g2_s1:2
[2026-06-22 18:29:09] MAC FLAP fe:29:d9:57:d8:31 g2_s0:3 -> g2_s1:2
[2026-06-22 18:29:09] MAC FLAP d2:2c:cf:b3:3f:63 g2_s0:3 -> g2_s1:2
[2026-06-22 18:29:09] MAC FLAP 66:84:c0:0e:a8:24 g2_s0:3 -> g2_s1:2
[2026-06-22 18:29:09] MAC FLAP 36:45:3d:19:39:93 g2_s0:3 -> g2_s1:2
[2026-06-22 18:29:09] MAC FLAP 1a:8a:71:82:0e:79 g2_s0:2 -> g2_s1:1
[2026-06-22 18:29:09] MAC FLAP 5a:56:8b:1e:e3:c7 g2_s0:1 -> g2_s1:2
[2026-06-22 18:29:09] MAC FLAP 96:90:a8:e7:f3:0a g2_s0:3 -> g2_s1:2
[2026-06-22 18:31:34] Baseline snapshot created (44 entries)
[2026-06-22 18:31:34] LEARNED 72:19:6f:ec:0b:a8 -> g0_s0:3
[2026-06-22 18:31:34] LEARNED 0e:42:ad:57:e2:18 -> g0_s0:2
[2026-06-22 18:31:34] LEARNED 3e:27:e2:b0:0d:e4 -> g0_s0:3
[2026-06-22 18:31:34] LEARNED 5a:56:8b:1e:e3:c7 -> g0_s0:3
[2026-06-22 18:31:34] LEARNED 36:45:3d:19:39:93 -> g0_s0:2
[2026-06-22 18:31:34] LEARNED 66:84:c0:0e:a8:24 -> g0_s0:1
[2026-06-22 18:31:34] LEARNED 1a:8a:71:82:0e:79 -> g0_s0:3
[2026-06-22 18:31:34] LEARNED 96:90:a8:e7:f3:0a -> g0_s0:3
[2026-06-22 18:31:34] LEARNED 5e:41:92:74:c5:d4 -> g0_s0:3
[2026-06-22 18:31:34] LEARNED 16:10:ac:42:7d:df -> g0_s0:3
[2026-06-22 18:31:34] LEARNED d2:2c:cf:b3:3f:63 -> g0_s0:3
[2026-06-22 18:31:34] MAC FLAP 72:19:6f:ec:0b:a8 g0_s0:3 -> g0_s1:2
[2026-06-22 18:31:34] LEARNED d6:5e:89:21:5d:45 -> g0_s1:2
[2026-06-22 18:31:34] MAC FLAP 3e:27:e2:b0:0d:e4 g0_s0:3 -> g0_s1:2
[2026-06-22 18:31:34] MAC FLAP 96:90:a8:e7:f3:0a g0_s0:3 -> g0_s1:2
[2026-06-22 18:31:34] MAC FLAP 36:45:3d:19:39:93 g0_s0:2 -> g0_s1:1
[2026-06-22 18:31:34] MAC FLAP 1a:8a:71:82:0e:79 g0_s0:3 -> g0_s1:2
[2026-06-22 18:31:34] MAC FLAP 66:84:c0:0e:a8:24 g0_s0:1 -> g0_s1:2
[2026-06-22 18:31:34] MAC FLAP 5a:56:8b:1e:e3:c7 g0_s0:3 -> g0_s1:2
[2026-06-22 18:31:34] MAC FLAP 5e:41:92:74:c5:d4 g0_s0:3 -> g0_s1:2
[2026-06-22 18:31:34] MAC FLAP 16:10:ac:42:7d:df g0_s0:3 -> g0_s1:2
[2026-06-22 18:31:34] MAC FLAP d2:2c:cf:b3:3f:63 g0_s0:3 -> g0_s1:2
[2026-06-22 18:31:34] MAC FLAP 72:19:6f:ec:0b:a8 g0_s1:2 -> g1_s0:4
[2026-06-22 18:31:34] MAC FLAP 0e:42:ad:57:e2:18 g0_s0:2 -> g1_s0:3
[2026-06-22 18:31:34] LEARNED fe:29:d9:57:d8:31 -> g1_s0:3
[2026-06-22 18:31:34] MAC FLAP 3e:27:e2:b0:0d:e4 g0_s1:2 -> g1_s0:4
[2026-06-22 18:31:34] MAC FLAP 96:90:a8:e7:f3:0a g0_s1:2 -> g1_s0:1
[2026-06-22 18:31:34] MAC FLAP 5a:56:8b:1e:e3:c7 g0_s1:2 -> g1_s0:4
[2026-06-22 18:31:34] MAC FLAP 36:45:3d:19:39:93 g0_s1:1 -> g1_s0:3
[2026-06-22 18:31:34] MAC FLAP 66:84:c0:0e:a8:24 g0_s1:2 -> g1_s0:3
[2026-06-22 18:31:34] MAC FLAP 1a:8a:71:82:0e:79 g0_s1:2 -> g1_s0:4
[2026-06-22 18:31:34] MAC FLAP 5e:41:92:74:c5:d4 g0_s1:2 -> g1_s0:2
[2026-06-22 18:31:34] MAC FLAP d2:2c:cf:b3:3f:63 g0_s1:2 -> g1_s0:2
[2026-06-22 18:31:34] MAC FLAP 72:19:6f:ec:0b:a8 g1_s0:4 -> g1_s1:2
[2026-06-22 18:31:34] MAC FLAP 0e:42:ad:57:e2:18 g1_s0:3 -> g1_s1:2
[2026-06-22 18:31:34] MAC FLAP fe:29:d9:57:d8:31 g1_s0:3 -> g1_s1:2
[2026-06-22 18:31:34] MAC FLAP 3e:27:e2:b0:0d:e4 g1_s0:4 -> g1_s1:2
[2026-06-22 18:31:34] MAC FLAP 96:90:a8:e7:f3:0a g1_s0:1 -> g1_s1:2
[2026-06-22 18:31:34] MAC FLAP 66:84:c0:0e:a8:24 g1_s0:3 -> g1_s1:2
[2026-06-22 18:31:34] MAC FLAP 36:45:3d:19:39:93 g1_s0:3 -> g1_s1:2
[2026-06-22 18:31:34] MAC FLAP 1a:8a:71:82:0e:79 g1_s0:4 -> g1_s1:2
[2026-06-22 18:31:34] MAC FLAP 5a:56:8b:1e:e3:c7 g1_s0:4 -> g1_s1:2
[2026-06-22 18:31:34] LEARNED ee:32:9b:c6:f9:0c -> g1_s1:2
[2026-06-22 18:31:34] MAC FLAP d2:2c:cf:b3:3f:63 g1_s0:2 -> g1_s1:1
[2026-06-22 18:31:34] LEARNED 86:6d:5b:88:dc:91 -> g2_s0:3
[2026-06-22 18:31:34] MAC FLAP 0e:42:ad:57:e2:18 g1_s1:2 -> g2_s0:3
[2026-06-22 18:31:34] MAC FLAP 3e:27:e2:b0:0d:e4 g1_s1:2 -> g2_s0:2
[2026-06-22 18:31:34] MAC FLAP fe:29:d9:57:d8:31 g1_s1:2 -> g2_s0:3
[2026-06-22 18:31:34] MAC FLAP 66:84:c0:0e:a8:24 g1_s1:2 -> g2_s0:3
[2026-06-22 18:31:34] MAC FLAP 36:45:3d:19:39:93 g1_s1:2 -> g2_s0:3
[2026-06-22 18:31:34] MAC FLAP 5a:56:8b:1e:e3:c7 g1_s1:2 -> g2_s0:1
[2026-06-22 18:31:34] MAC FLAP 1a:8a:71:82:0e:79 g1_s1:2 -> g2_s0:2
[2026-06-22 18:31:34] MAC FLAP 96:90:a8:e7:f3:0a g1_s1:2 -> g2_s0:3
[2026-06-22 18:31:34] MAC FLAP 5e:41:92:74:c5:d4 g1_s0:2 -> g2_s0:3
[2026-06-22 18:31:34] MAC FLAP d2:2c:cf:b3:3f:63 g1_s1:1 -> g2_s0:3
[2026-06-22 18:31:34] MAC FLAP 86:6d:5b:88:dc:91 g2_s0:3 -> g2_s1:2
[2026-06-22 18:31:34] LEARNED 0e:f0:c2:34:02:80 -> g2_s1:2
[2026-06-22 18:31:34] MAC FLAP 0e:42:ad:57:e2:18 g2_s0:3 -> g2_s1:2
[2026-06-22 18:31:34] MAC FLAP fe:29:d9:57:d8:31 g2_s0:3 -> g2_s1:2
[2026-06-22 18:31:34] MAC FLAP 66:84:c0:0e:a8:24 g2_s0:3 -> g2_s1:2
[2026-06-22 18:31:34] MAC FLAP 36:45:3d:19:39:93 g2_s0:3 -> g2_s1:2
[2026-06-22 18:31:34] MAC FLAP 1a:8a:71:82:0e:79 g2_s0:2 -> g2_s1:1
[2026-06-22 18:31:34] MAC FLAP 5a:56:8b:1e:e3:c7 g2_s0:1 -> g2_s1:2
[2026-06-22 18:31:34] MAC FLAP 96:90:a8:e7:f3:0a g2_s0:3 -> g2_s1:2
[2026-06-22 18:31:34] MAC FLAP 5e:41:92:74:c5:d4 g2_s0:3 -> g2_s1:2
[2026-06-22 18:31:34] MAC FLAP d2:2c:cf:b3:3f:63 g2_s0:3 -> g2_s1:2
[2026-06-22 18:31:39] MAC FLAP 72:19:6f:ec:0b:a8 g1_s1:2 -> g0_s0:3
[2026-06-22 18:31:39] MAC FLAP 0e:42:ad:57:e2:18 g2_s1:2 -> g0_s0:2
[2026-06-22 18:31:40] MAC FLAP 3e:27:e2:b0:0d:e4 g2_s0:2 -> g0_s0:3
[2026-06-22 18:31:40] MAC FLAP 5a:56:8b:1e:e3:c7 g2_s1:2 -> g0_s0:3
[2026-06-22 18:31:40] MAC FLAP 36:45:3d:19:39:93 g2_s1:2 -> g0_s0:2
[2026-06-22 18:31:40] MAC FLAP 66:84:c0:0e:a8:24 g2_s1:2 -> g0_s0:1
[2026-06-22 18:31:40] MAC FLAP 1a:8a:71:82:0e:79 g2_s1:1 -> g0_s0:3
[2026-06-22 18:31:40] MAC FLAP 96:90:a8:e7:f3:0a g2_s1:2 -> g0_s0:3
[2026-06-22 18:31:40] MAC FLAP 5e:41:92:74:c5:d4 g2_s1:2 -> g0_s0:3
[2026-06-22 18:31:40] MAC FLAP 16:10:ac:42:7d:df g0_s1:2 -> g0_s0:3
[2026-06-22 18:31:40] MAC FLAP d2:2c:cf:b3:3f:63 g2_s1:2 -> g0_s0:3
[2026-06-22 18:31:40] MAC FLAP 72:19:6f:ec:0b:a8 g0_s0:3 -> g0_s1:2
[2026-06-22 18:31:40] MAC FLAP 3e:27:e2:b0:0d:e4 g0_s0:3 -> g0_s1:2
[2026-06-22 18:31:40] MAC FLAP 96:90:a8:e7:f3:0a g0_s0:3 -> g0_s1:2
[2026-06-22 18:31:40] MAC FLAP 36:45:3d:19:39:93 g0_s0:2 -> g0_s1:1
[2026-06-22 18:31:40] MAC FLAP 1a:8a:71:82:0e:79 g0_s0:3 -> g0_s1:2
[2026-06-22 18:31:40] MAC FLAP 66:84:c0:0e:a8:24 g0_s0:1 -> g0_s1:2
[2026-06-22 18:31:40] MAC FLAP 5a:56:8b:1e:e3:c7 g0_s0:3 -> g0_s1:2
[2026-06-22 18:31:40] MAC FLAP 5e:41:92:74:c5:d4 g0_s0:3 -> g0_s1:2
[2026-06-22 18:31:40] MAC FLAP 16:10:ac:42:7d:df g0_s0:3 -> g0_s1:2
[2026-06-22 18:31:40] MAC FLAP d2:2c:cf:b3:3f:63 g0_s0:3 -> g0_s1:2
[2026-06-22 18:31:40] MAC FLAP 72:19:6f:ec:0b:a8 g0_s1:2 -> g1_s0:4
[2026-06-22 18:31:40] MAC FLAP 0e:42:ad:57:e2:18 g0_s0:2 -> g1_s0:3
[2026-06-22 18:31:40] MAC FLAP fe:29:d9:57:d8:31 g2_s1:2 -> g1_s0:3
[2026-06-22 18:31:40] MAC FLAP 3e:27:e2:b0:0d:e4 g0_s1:2 -> g1_s0:4
[2026-06-22 18:31:40] MAC FLAP 96:90:a8:e7:f3:0a g0_s1:2 -> g1_s0:1
[2026-06-22 18:31:40] MAC FLAP 5a:56:8b:1e:e3:c7 g0_s1:2 -> g1_s0:4
[2026-06-22 18:31:40] MAC FLAP 36:45:3d:19:39:93 g0_s1:1 -> g1_s0:3
[2026-06-22 18:31:40] MAC FLAP 66:84:c0:0e:a8:24 g0_s1:2 -> g1_s0:3
[2026-06-22 18:31:40] MAC FLAP 1a:8a:71:82:0e:79 g0_s1:2 -> g1_s0:4
[2026-06-22 18:31:40] MAC FLAP 5e:41:92:74:c5:d4 g0_s1:2 -> g1_s0:2
[2026-06-22 18:31:40] MAC FLAP d2:2c:cf:b3:3f:63 g0_s1:2 -> g1_s0:2
[2026-06-22 18:31:40] MAC FLAP 72:19:6f:ec:0b:a8 g1_s0:4 -> g1_s1:2
[2026-06-22 18:31:40] MAC FLAP 0e:42:ad:57:e2:18 g1_s0:3 -> g1_s1:2
[2026-06-22 18:31:40] MAC FLAP fe:29:d9:57:d8:31 g1_s0:3 -> g1_s1:2
[2026-06-22 18:31:40] MAC FLAP 3e:27:e2:b0:0d:e4 g1_s0:4 -> g1_s1:2
[2026-06-22 18:31:40] MAC FLAP 96:90:a8:e7:f3:0a g1_s0:1 -> g1_s1:2
[2026-06-22 18:31:40] MAC FLAP 66:84:c0:0e:a8:24 g1_s0:3 -> g1_s1:2
[2026-06-22 18:31:40] MAC FLAP 36:45:3d:19:39:93 g1_s0:3 -> g1_s1:2
[2026-06-22 18:31:40] MAC FLAP 1a:8a:71:82:0e:79 g1_s0:4 -> g1_s1:2
[2026-06-22 18:31:40] MAC FLAP 5a:56:8b:1e:e3:c7 g1_s0:4 -> g1_s1:2
[2026-06-22 18:31:40] MAC FLAP d2:2c:cf:b3:3f:63 g1_s0:2 -> g1_s1:1
[2026-06-22 18:31:40] MAC FLAP 86:6d:5b:88:dc:91 g2_s1:2 -> g2_s0:3
[2026-06-22 18:31:40] MAC FLAP 0e:42:ad:57:e2:18 g1_s1:2 -> g2_s0:3
[2026-06-22 18:31:40] MAC FLAP 3e:27:e2:b0:0d:e4 g1_s1:2 -> g2_s0:2
[2026-06-22 18:31:40] MAC FLAP fe:29:d9:57:d8:31 g1_s1:2 -> g2_s0:3
[2026-06-22 18:31:40] MAC FLAP 66:84:c0:0e:a8:24 g1_s1:2 -> g2_s0:3
[2026-06-22 18:31:40] MAC FLAP 36:45:3d:19:39:93 g1_s1:2 -> g2_s0:3
[2026-06-22 18:31:40] MAC FLAP 5a:56:8b:1e:e3:c7 g1_s1:2 -> g2_s0:1
[2026-06-22 18:31:40] MAC FLAP 1a:8a:71:82:0e:79 g1_s1:2 -> g2_s0:2
[2026-06-22 18:31:40] MAC FLAP 96:90:a8:e7:f3:0a g1_s1:2 -> g2_s0:3
[2026-06-22 18:31:40] MAC FLAP 5e:41:92:74:c5:d4 g1_s0:2 -> g2_s0:3
[2026-06-22 18:31:40] MAC FLAP d2:2c:cf:b3:3f:63 g1_s1:1 -> g2_s0:3
[2026-06-22 18:31:40] MAC FLAP 86:6d:5b:88:dc:91 g2_s0:3 -> g2_s1:2
[2026-06-22 18:31:40] MAC FLAP 0e:42:ad:57:e2:18 g2_s0:3 -> g2_s1:2
[2026-06-22 18:31:40] MAC FLAP fe:29:d9:57:d8:31 g2_s0:3 -> g2_s1:2
[2026-06-22 18:31:40] MAC FLAP 66:84:c0:0e:a8:24 g2_s0:3 -> g2_s1:2
[2026-06-22 18:31:40] MAC FLAP 36:45:3d:19:39:93 g2_s0:3 -> g2_s1:2
[2026-06-22 18:31:40] MAC FLAP 1a:8a:71:82:0e:79 g2_s0:2 -> g2_s1:1
[2026-06-22 18:31:40] MAC FLAP 5a:56:8b:1e:e3:c7 g2_s0:1 -> g2_s1:2
[2026-06-22 18:31:40] MAC FLAP 96:90:a8:e7:f3:0a g2_s0:3 -> g2_s1:2
[2026-06-22 18:31:40] MAC FLAP 5e:41:92:74:c5:d4 g2_s0:3 -> g2_s1:2
[2026-06-22 18:31:40] MAC FLAP d2:2c:cf:b3:3f:63 g2_s0:3 -> g2_s1:2
[2026-06-22 18:31:45] MAC FLAP 0e:42:ad:57:e2:18 g2_s1:2 -> g0_s0:2
[2026-06-22 18:31:45] MAC FLAP 3e:27:e2:b0:0d:e4 g2_s0:2 -> g0_s0:3
[2026-06-22 18:31:45] MAC FLAP 66:84:c0:0e:a8:24 g2_s1:2 -> g0_s0:1
[2026-06-22 18:31:45] MAC FLAP 1a:8a:71:82:0e:79 g2_s1:1 -> g0_s0:3
[2026-06-22 18:31:45] MAC FLAP 96:90:a8:e7:f3:0a g2_s1:2 -> g0_s0:3
[2026-06-22 18:31:45] MAC FLAP 5e:41:92:74:c5:d4 g2_s1:2 -> g0_s0:3
[2026-06-22 18:31:45] MAC FLAP 16:10:ac:42:7d:df g0_s1:2 -> g0_s0:3
[2026-06-22 18:31:45] MAC FLAP d2:2c:cf:b3:3f:63 g2_s1:2 -> g0_s0:3
[2026-06-22 18:31:45] MAC FLAP 72:19:6f:ec:0b:a8 g1_s1:2 -> g0_s0:3
[2026-06-22 18:31:45] MAC FLAP 36:45:3d:19:39:93 g2_s1:2 -> g0_s0:2
[2026-06-22 18:31:45] MAC FLAP 5a:56:8b:1e:e3:c7 g2_s1:2 -> g0_s0:3
[2026-06-22 18:31:45] MAC FLAP 3e:27:e2:b0:0d:e4 g0_s0:3 -> g0_s1:2
[2026-06-22 18:31:45] MAC FLAP 96:90:a8:e7:f3:0a g0_s0:3 -> g0_s1:2
[2026-06-22 18:31:45] MAC FLAP 1a:8a:71:82:0e:79 g0_s0:3 -> g0_s1:2
[2026-06-22 18:31:45] MAC FLAP 66:84:c0:0e:a8:24 g0_s0:1 -> g0_s1:2
[2026-06-22 18:31:45] MAC FLAP 5e:41:92:74:c5:d4 g0_s0:3 -> g0_s1:2
[2026-06-22 18:31:45] MAC FLAP 16:10:ac:42:7d:df g0_s0:3 -> g0_s1:2
[2026-06-22 18:31:45] MAC FLAP d2:2c:cf:b3:3f:63 g0_s0:3 -> g0_s1:2
[2026-06-22 18:31:45] MAC FLAP 36:45:3d:19:39:93 g0_s0:2 -> g0_s1:1
[2026-06-22 18:31:45] MAC FLAP 72:19:6f:ec:0b:a8 g0_s0:3 -> g0_s1:2
[2026-06-22 18:31:45] MAC FLAP 5a:56:8b:1e:e3:c7 g0_s0:3 -> g0_s1:2
[2026-06-22 18:31:45] MAC FLAP 0e:42:ad:57:e2:18 g0_s0:2 -> g1_s0:3
[2026-06-22 18:31:45] MAC FLAP fe:29:d9:57:d8:31 g2_s1:2 -> g1_s0:3
[2026-06-22 18:31:45] MAC FLAP 3e:27:e2:b0:0d:e4 g0_s1:2 -> g1_s0:4
[2026-06-22 18:31:45] MAC FLAP 96:90:a8:e7:f3:0a g0_s1:2 -> g1_s0:1
[2026-06-22 18:31:45] MAC FLAP 66:84:c0:0e:a8:24 g0_s1:2 -> g1_s0:3
[2026-06-22 18:31:45] MAC FLAP 1a:8a:71:82:0e:79 g0_s1:2 -> g1_s0:4
[2026-06-22 18:31:45] MAC FLAP 5e:41:92:74:c5:d4 g0_s1:2 -> g1_s0:2
[2026-06-22 18:31:45] MAC FLAP d2:2c:cf:b3:3f:63 g0_s1:2 -> g1_s0:2
[2026-06-22 18:31:45] MAC FLAP 72:19:6f:ec:0b:a8 g0_s1:2 -> g1_s0:4
[2026-06-22 18:31:45] MAC FLAP 36:45:3d:19:39:93 g0_s1:1 -> g1_s0:3
[2026-06-22 18:31:45] MAC FLAP 5a:56:8b:1e:e3:c7 g0_s1:2 -> g1_s0:4
[2026-06-22 18:31:45] MAC FLAP 0e:42:ad:57:e2:18 g1_s0:3 -> g1_s1:2
[2026-06-22 18:31:45] MAC FLAP fe:29:d9:57:d8:31 g1_s0:3 -> g1_s1:2
[2026-06-22 18:31:45] MAC FLAP 3e:27:e2:b0:0d:e4 g1_s0:4 -> g1_s1:2
[2026-06-22 18:31:45] MAC FLAP 96:90:a8:e7:f3:0a g1_s0:1 -> g1_s1:2
[2026-06-22 18:31:45] MAC FLAP 66:84:c0:0e:a8:24 g1_s0:3 -> g1_s1:2
[2026-06-22 18:31:45] MAC FLAP 1a:8a:71:82:0e:79 g1_s0:4 -> g1_s1:2
[2026-06-22 18:31:45] MAC FLAP d2:2c:cf:b3:3f:63 g1_s0:2 -> g1_s1:1
[2026-06-22 18:31:45] MAC FLAP 72:19:6f:ec:0b:a8 g1_s0:4 -> g1_s1:2
[2026-06-22 18:31:45] MAC FLAP 36:45:3d:19:39:93 g1_s0:3 -> g1_s1:2
[2026-06-22 18:31:45] MAC FLAP 5a:56:8b:1e:e3:c7 g1_s0:4 -> g1_s1:2
[2026-06-22 18:31:45] MAC FLAP 86:6d:5b:88:dc:91 g2_s1:2 -> g2_s0:3
[2026-06-22 18:31:45] MAC FLAP 0e:42:ad:57:e2:18 g1_s1:2 -> g2_s0:3
[2026-06-22 18:31:45] MAC FLAP 3e:27:e2:b0:0d:e4 g1_s1:2 -> g2_s0:2
[2026-06-22 18:31:45] MAC FLAP fe:29:d9:57:d8:31 g1_s1:2 -> g2_s0:3
[2026-06-22 18:31:45] MAC FLAP 66:84:c0:0e:a8:24 g1_s1:2 -> g2_s0:3
[2026-06-22 18:31:45] MAC FLAP 1a:8a:71:82:0e:79 g1_s1:2 -> g2_s0:2
[2026-06-22 18:31:45] MAC FLAP 96:90:a8:e7:f3:0a g1_s1:2 -> g2_s0:3
[2026-06-22 18:31:45] MAC FLAP 5e:41:92:74:c5:d4 g1_s0:2 -> g2_s0:3
[2026-06-22 18:31:45] MAC FLAP d2:2c:cf:b3:3f:63 g1_s1:1 -> g2_s0:3
[2026-06-22 18:31:45] MAC FLAP 5a:56:8b:1e:e3:c7 g1_s1:2 -> g2_s0:1
[2026-06-22 18:31:45] MAC FLAP 36:45:3d:19:39:93 g1_s1:2 -> g2_s0:3
[2026-06-22 18:31:45] MAC FLAP 86:6d:5b:88:dc:91 g2_s0:3 -> g2_s1:2
[2026-06-22 18:31:45] MAC FLAP 0e:42:ad:57:e2:18 g2_s0:3 -> g2_s1:2
[2026-06-22 18:31:45] MAC FLAP fe:29:d9:57:d8:31 g2_s0:3 -> g2_s1:2
[2026-06-22 18:31:45] MAC FLAP 66:84:c0:0e:a8:24 g2_s0:3 -> g2_s1:2
[2026-06-22 18:31:45] MAC FLAP 1a:8a:71:82:0e:79 g2_s0:2 -> g2_s1:1
[2026-06-22 18:31:45] MAC FLAP 96:90:a8:e7:f3:0a g2_s0:3 -> g2_s1:2
[2026-06-22 18:31:45] MAC FLAP 5e:41:92:74:c5:d4 g2_s0:3 -> g2_s1:2
[2026-06-22 18:31:45] MAC FLAP d2:2c:cf:b3:3f:63 g2_s0:3 -> g2_s1:2
[2026-06-22 18:31:45] MAC FLAP 5a:56:8b:1e:e3:c7 g2_s0:1 -> g2_s1:2
[2026-06-22 18:31:45] MAC FLAP 36:45:3d:19:39:93 g2_s0:3 -> g2_s1:2
[2026-06-22 18:31:50] MAC FLAP 0e:42:ad:57:e2:18 g2_s1:2 -> g0_s0:2
[2026-06-22 18:31:50] MAC FLAP 3e:27:e2:b0:0d:e4 g2_s0:2 -> g0_s0:3
[2026-06-22 18:31:50] MAC FLAP 66:84:c0:0e:a8:24 g2_s1:2 -> g0_s0:1
[2026-06-22 18:31:50] MAC FLAP 1a:8a:71:82:0e:79 g2_s1:1 -> g0_s0:3
[2026-06-22 18:31:50] MAC FLAP 96:90:a8:e7:f3:0a g2_s1:2 -> g0_s0:3
[2026-06-22 18:31:50] MAC FLAP 5e:41:92:74:c5:d4 g2_s1:2 -> g0_s0:3
[2026-06-22 18:31:50] MAC FLAP 16:10:ac:42:7d:df g0_s1:2 -> g0_s0:3
[2026-06-22 18:31:50] MAC FLAP d2:2c:cf:b3:3f:63 g2_s1:2 -> g0_s0:3
[2026-06-22 18:31:50] MAC FLAP 72:19:6f:ec:0b:a8 g1_s1:2 -> g0_s0:3
[2026-06-22 18:31:50] MAC FLAP 36:45:3d:19:39:93 g2_s1:2 -> g0_s0:2
[2026-06-22 18:31:50] MAC FLAP 5a:56:8b:1e:e3:c7 g2_s1:2 -> g0_s0:3
[2026-06-22 18:31:50] MAC FLAP 3e:27:e2:b0:0d:e4 g0_s0:3 -> g0_s1:2
[2026-06-22 18:31:50] MAC FLAP 96:90:a8:e7:f3:0a g0_s0:3 -> g0_s1:2
[2026-06-22 18:31:50] MAC FLAP 1a:8a:71:82:0e:79 g0_s0:3 -> g0_s1:2
[2026-06-22 18:31:50] MAC FLAP 66:84:c0:0e:a8:24 g0_s0:1 -> g0_s1:2
[2026-06-22 18:31:50] MAC FLAP 5e:41:92:74:c5:d4 g0_s0:3 -> g0_s1:2
[2026-06-22 18:31:50] MAC FLAP 16:10:ac:42:7d:df g0_s0:3 -> g0_s1:2
[2026-06-22 18:31:50] MAC FLAP d2:2c:cf:b3:3f:63 g0_s0:3 -> g0_s1:2
[2026-06-22 18:31:50] MAC FLAP 36:45:3d:19:39:93 g0_s0:2 -> g0_s1:1
[2026-06-22 18:31:50] MAC FLAP 72:19:6f:ec:0b:a8 g0_s0:3 -> g0_s1:2
[2026-06-22 18:31:50] MAC FLAP 5a:56:8b:1e:e3:c7 g0_s0:3 -> g0_s1:2
[2026-06-22 18:31:50] MAC FLAP 0e:42:ad:57:e2:18 g0_s0:2 -> g1_s0:3
[2026-06-22 18:31:50] MAC FLAP fe:29:d9:57:d8:31 g2_s1:2 -> g1_s0:3
[2026-06-22 18:31:50] MAC FLAP 3e:27:e2:b0:0d:e4 g0_s1:2 -> g1_s0:4
[2026-06-22 18:31:50] MAC FLAP 96:90:a8:e7:f3:0a g0_s1:2 -> g1_s0:1
[2026-06-22 18:31:50] MAC FLAP 66:84:c0:0e:a8:24 g0_s1:2 -> g1_s0:3
[2026-06-22 18:31:50] MAC FLAP 1a:8a:71:82:0e:79 g0_s1:2 -> g1_s0:4
[2026-06-22 18:31:50] MAC FLAP 5e:41:92:74:c5:d4 g0_s1:2 -> g1_s0:2
[2026-06-22 18:31:50] MAC FLAP d2:2c:cf:b3:3f:63 g0_s1:2 -> g1_s0:2
[2026-06-22 18:31:50] MAC FLAP 72:19:6f:ec:0b:a8 g0_s1:2 -> g1_s0:4
[2026-06-22 18:31:50] MAC FLAP 36:45:3d:19:39:93 g0_s1:1 -> g1_s0:3
[2026-06-22 18:31:50] MAC FLAP 5a:56:8b:1e:e3:c7 g0_s1:2 -> g1_s0:4
[2026-06-22 18:31:50] MAC FLAP 0e:42:ad:57:e2:18 g1_s0:3 -> g1_s1:2
[2026-06-22 18:31:50] MAC FLAP fe:29:d9:57:d8:31 g1_s0:3 -> g1_s1:2
[2026-06-22 18:31:50] MAC FLAP 3e:27:e2:b0:0d:e4 g1_s0:4 -> g1_s1:2
[2026-06-22 18:31:50] MAC FLAP 96:90:a8:e7:f3:0a g1_s0:1 -> g1_s1:2
[2026-06-22 18:31:50] MAC FLAP 66:84:c0:0e:a8:24 g1_s0:3 -> g1_s1:2
[2026-06-22 18:31:50] MAC FLAP 1a:8a:71:82:0e:79 g1_s0:4 -> g1_s1:2
[2026-06-22 18:31:50] MAC FLAP d2:2c:cf:b3:3f:63 g1_s0:2 -> g1_s1:1
[2026-06-22 18:31:50] MAC FLAP 72:19:6f:ec:0b:a8 g1_s0:4 -> g1_s1:2
[2026-06-22 18:31:50] MAC FLAP 36:45:3d:19:39:93 g1_s0:3 -> g1_s1:2
[2026-06-22 18:31:50] MAC FLAP 5a:56:8b:1e:e3:c7 g1_s0:4 -> g1_s1:2
[2026-06-22 18:31:50] MAC FLAP 86:6d:5b:88:dc:91 g2_s1:2 -> g2_s0:3
[2026-06-22 18:31:50] MAC FLAP 0e:42:ad:57:e2:18 g1_s1:2 -> g2_s0:3
[2026-06-22 18:31:50] MAC FLAP 3e:27:e2:b0:0d:e4 g1_s1:2 -> g2_s0:2
[2026-06-22 18:31:50] MAC FLAP fe:29:d9:57:d8:31 g1_s1:2 -> g2_s0:3
[2026-06-22 18:31:50] MAC FLAP 66:84:c0:0e:a8:24 g1_s1:2 -> g2_s0:3
[2026-06-22 18:31:50] MAC FLAP 1a:8a:71:82:0e:79 g1_s1:2 -> g2_s0:2
[2026-06-22 18:31:50] MAC FLAP 96:90:a8:e7:f3:0a g1_s1:2 -> g2_s0:3
[2026-06-22 18:31:50] MAC FLAP 5e:41:92:74:c5:d4 g1_s0:2 -> g2_s0:3
[2026-06-22 18:31:50] MAC FLAP d2:2c:cf:b3:3f:63 g1_s1:1 -> g2_s0:3
[2026-06-22 18:31:50] MAC FLAP 5a:56:8b:1e:e3:c7 g1_s1:2 -> g2_s0:1
[2026-06-22 18:31:50] MAC FLAP 36:45:3d:19:39:93 g1_s1:2 -> g2_s0:3
[2026-06-22 18:31:50] MAC FLAP 86:6d:5b:88:dc:91 g2_s0:3 -> g2_s1:2
[2026-06-22 18:31:50] MAC FLAP 0e:42:ad:57:e2:18 g2_s0:3 -> g2_s1:2
[2026-06-22 18:31:50] MAC FLAP fe:29:d9:57:d8:31 g2_s0:3 -> g2_s1:2
[2026-06-22 18:31:50] MAC FLAP 66:84:c0:0e:a8:24 g2_s0:3 -> g2_s1:2
[2026-06-22 18:31:50] MAC FLAP 1a:8a:71:82:0e:79 g2_s0:2 -> g2_s1:1
[2026-06-22 18:31:50] MAC FLAP 96:90:a8:e7:f3:0a g2_s0:3 -> g2_s1:2
[2026-06-22 18:31:50] MAC FLAP 5e:41:92:74:c5:d4 g2_s0:3 -> g2_s1:2
[2026-06-22 18:31:50] MAC FLAP d2:2c:cf:b3:3f:63 g2_s0:3 -> g2_s1:2
[2026-06-22 18:31:50] MAC FLAP 5a:56:8b:1e:e3:c7 g2_s0:1 -> g2_s1:2
[2026-06-22 18:31:50] MAC FLAP 36:45:3d:19:39:93 g2_s0:3 -> g2_s1:2
[2026-06-22 18:31:55] MAC FLAP 0e:42:ad:57:e2:18 g2_s1:2 -> g0_s0:2
[2026-06-22 18:31:55] MAC FLAP 3e:27:e2:b0:0d:e4 g2_s0:2 -> g0_s0:3
[2026-06-22 18:31:55] MAC FLAP 66:84:c0:0e:a8:24 g2_s1:2 -> g0_s0:1
[2026-06-22 18:31:55] MAC FLAP 1a:8a:71:82:0e:79 g2_s1:1 -> g0_s0:3
[2026-06-22 18:31:55] MAC FLAP 96:90:a8:e7:f3:0a g2_s1:2 -> g0_s0:3
[2026-06-22 18:31:55] MAC FLAP 5e:41:92:74:c5:d4 g2_s1:2 -> g0_s0:3
[2026-06-22 18:31:55] MAC FLAP 16:10:ac:42:7d:df g0_s1:2 -> g0_s0:3
[2026-06-22 18:31:55] MAC FLAP d2:2c:cf:b3:3f:63 g2_s1:2 -> g0_s0:3
[2026-06-22 18:31:55] MAC FLAP 72:19:6f:ec:0b:a8 g1_s1:2 -> g0_s0:3
[2026-06-22 18:31:55] MAC FLAP 36:45:3d:19:39:93 g2_s1:2 -> g0_s0:2
[2026-06-22 18:31:55] MAC FLAP 5a:56:8b:1e:e3:c7 g2_s1:2 -> g0_s0:3
[2026-06-22 18:31:55] MAC FLAP 3e:27:e2:b0:0d:e4 g0_s0:3 -> g0_s1:2
[2026-06-22 18:31:55] MAC FLAP 96:90:a8:e7:f3:0a g0_s0:3 -> g0_s1:2
[2026-06-22 18:31:55] MAC FLAP 1a:8a:71:82:0e:79 g0_s0:3 -> g0_s1:2
[2026-06-22 18:31:55] MAC FLAP 66:84:c0:0e:a8:24 g0_s0:1 -> g0_s1:2
[2026-06-22 18:31:55] MAC FLAP 5e:41:92:74:c5:d4 g0_s0:3 -> g0_s1:2
[2026-06-22 18:31:55] MAC FLAP 16:10:ac:42:7d:df g0_s0:3 -> g0_s1:2
[2026-06-22 18:31:55] MAC FLAP d2:2c:cf:b3:3f:63 g0_s0:3 -> g0_s1:2
[2026-06-22 18:31:55] MAC FLAP 36:45:3d:19:39:93 g0_s0:2 -> g0_s1:1
[2026-06-22 18:31:55] MAC FLAP 72:19:6f:ec:0b:a8 g0_s0:3 -> g0_s1:2
[2026-06-22 18:31:55] MAC FLAP 5a:56:8b:1e:e3:c7 g0_s0:3 -> g0_s1:2
[2026-06-22 18:31:55] MAC FLAP 0e:42:ad:57:e2:18 g0_s0:2 -> g1_s0:3
[2026-06-22 18:31:55] MAC FLAP fe:29:d9:57:d8:31 g2_s1:2 -> g1_s0:3
[2026-06-22 18:31:55] MAC FLAP 3e:27:e2:b0:0d:e4 g0_s1:2 -> g1_s0:4
[2026-06-22 18:31:55] MAC FLAP 96:90:a8:e7:f3:0a g0_s1:2 -> g1_s0:1
[2026-06-22 18:31:55] MAC FLAP 66:84:c0:0e:a8:24 g0_s1:2 -> g1_s0:3
[2026-06-22 18:31:55] MAC FLAP 1a:8a:71:82:0e:79 g0_s1:2 -> g1_s0:4
[2026-06-22 18:31:55] MAC FLAP 5e:41:92:74:c5:d4 g0_s1:2 -> g1_s0:2
[2026-06-22 18:31:55] MAC FLAP d2:2c:cf:b3:3f:63 g0_s1:2 -> g1_s0:2
[2026-06-22 18:31:55] MAC FLAP 72:19:6f:ec:0b:a8 g0_s1:2 -> g1_s0:4
[2026-06-22 18:31:55] MAC FLAP 36:45:3d:19:39:93 g0_s1:1 -> g1_s0:3
[2026-06-22 18:31:55] MAC FLAP 5a:56:8b:1e:e3:c7 g0_s1:2 -> g1_s0:4
[2026-06-22 18:31:55] MAC FLAP 0e:42:ad:57:e2:18 g1_s0:3 -> g1_s1:2
[2026-06-22 18:31:55] MAC FLAP fe:29:d9:57:d8:31 g1_s0:3 -> g1_s1:2
[2026-06-22 18:31:55] MAC FLAP 3e:27:e2:b0:0d:e4 g1_s0:4 -> g1_s1:2
[2026-06-22 18:31:55] MAC FLAP 96:90:a8:e7:f3:0a g1_s0:1 -> g1_s1:2
[2026-06-22 18:31:55] MAC FLAP 66:84:c0:0e:a8:24 g1_s0:3 -> g1_s1:2
[2026-06-22 18:31:55] MAC FLAP 1a:8a:71:82:0e:79 g1_s0:4 -> g1_s1:2
[2026-06-22 18:31:55] MAC FLAP d2:2c:cf:b3:3f:63 g1_s0:2 -> g1_s1:1
[2026-06-22 18:31:55] MAC FLAP 72:19:6f:ec:0b:a8 g1_s0:4 -> g1_s1:2
[2026-06-22 18:31:55] MAC FLAP 36:45:3d:19:39:93 g1_s0:3 -> g1_s1:2
[2026-06-22 18:31:55] MAC FLAP 5a:56:8b:1e:e3:c7 g1_s0:4 -> g1_s1:2
[2026-06-22 18:31:55] MAC FLAP 86:6d:5b:88:dc:91 g2_s1:2 -> g2_s0:3
[2026-06-22 18:31:55] MAC FLAP 0e:42:ad:57:e2:18 g1_s1:2 -> g2_s0:3
[2026-06-22 18:31:55] MAC FLAP 3e:27:e2:b0:0d:e4 g1_s1:2 -> g2_s0:2
[2026-06-22 18:31:55] MAC FLAP fe:29:d9:57:d8:31 g1_s1:2 -> g2_s0:3
[2026-06-22 18:31:55] MAC FLAP 66:84:c0:0e:a8:24 g1_s1:2 -> g2_s0:3
[2026-06-22 18:31:55] MAC FLAP 1a:8a:71:82:0e:79 g1_s1:2 -> g2_s0:2
[2026-06-22 18:31:55] MAC FLAP 96:90:a8:e7:f3:0a g1_s1:2 -> g2_s0:3
[2026-06-22 18:31:55] MAC FLAP 5e:41:92:74:c5:d4 g1_s0:2 -> g2_s0:3
[2026-06-22 18:31:55] MAC FLAP d2:2c:cf:b3:3f:63 g1_s1:1 -> g2_s0:3
[2026-06-22 18:31:55] MAC FLAP 5a:56:8b:1e:e3:c7 g1_s1:2 -> g2_s0:1
[2026-06-22 18:31:55] MAC FLAP 36:45:3d:19:39:93 g1_s1:2 -> g2_s0:3
[2026-06-22 18:31:55] MAC FLAP 86:6d:5b:88:dc:91 g2_s0:3 -> g2_s1:2
[2026-06-22 18:31:55] MAC FLAP 0e:42:ad:57:e2:18 g2_s0:3 -> g2_s1:2
[2026-06-22 18:31:55] MAC FLAP fe:29:d9:57:d8:31 g2_s0:3 -> g2_s1:2
[2026-06-22 18:31:55] MAC FLAP 66:84:c0:0e:a8:24 g2_s0:3 -> g2_s1:2
[2026-06-22 18:31:55] MAC FLAP 1a:8a:71:82:0e:79 g2_s0:2 -> g2_s1:1
[2026-06-22 18:31:55] MAC FLAP 96:90:a8:e7:f3:0a g2_s0:3 -> g2_s1:2
[2026-06-22 18:31:55] MAC FLAP 5e:41:92:74:c5:d4 g2_s0:3 -> g2_s1:2
[2026-06-22 18:31:55] MAC FLAP d2:2c:cf:b3:3f:63 g2_s0:3 -> g2_s1:2
[2026-06-22 18:31:55] MAC FLAP 5a:56:8b:1e:e3:c7 g2_s0:1 -> g2_s1:2
[2026-06-22 18:31:55] MAC FLAP 36:45:3d:19:39:93 g2_s0:3 -> g2_s1:2
[2026-06-23 01:57:00] Baseline snapshot created (15 entries)
[2026-06-23 01:57:00] LEARNED f6:a3:96:9d:09:d7 -> g0_s0:3
[2026-06-23 01:57:00] LEARNED 7e:71:b2:a8:7f:9b -> g0_s0:2
[2026-06-23 01:57:00] LEARNED 66:99:17:c6:87:07 -> g0_s0:3
[2026-06-23 01:57:00] LEARNED 3a:9f:6c:cd:37:c0 -> g0_s0:3
[2026-06-23 01:57:00] MAC FLAP 7e:71:b2:a8:7f:9b g0_s0:2 -> g0_s1:1
[2026-06-23 01:57:00] MAC FLAP f6:a3:96:9d:09:d7 g0_s0:3 -> g0_s1:2
[2026-06-23 01:57:00] MAC FLAP 66:99:17:c6:87:07 g0_s0:3 -> g0_s1:2
[2026-06-23 01:57:00] MAC FLAP 3a:9f:6c:cd:37:c0 g0_s0:3 -> g0_s1:2
[2026-06-23 01:57:00] LEARNED 1e:51:50:97:27:19 -> g0_s1:2
[2026-06-23 01:57:00] MAC FLAP 7e:71:b2:a8:7f:9b g0_s1:1 -> g1_s0:3
[2026-06-23 01:57:00] MAC FLAP 66:99:17:c6:87:07 g0_s1:2 -> g1_s0:4
[2026-06-23 01:57:00] MAC FLAP 3a:9f:6c:cd:37:c0 g0_s1:2 -> g1_s0:4
[2026-06-23 01:57:00] MAC FLAP 7e:71:b2:a8:7f:9b g1_s0:3 -> g1_s1:2
[2026-06-23 01:57:00] MAC FLAP 66:99:17:c6:87:07 g1_s0:4 -> g1_s1:2
[2026-06-23 01:57:00] MAC FLAP 3a:9f:6c:cd:37:c0 g1_s0:4 -> g1_s1:2
[2026-06-23 01:57:00] MAC FLAP 7e:71:b2:a8:7f:9b g1_s1:2 -> g2_s0:3
[2026-06-23 01:57:00] MAC FLAP 66:99:17:c6:87:07 g1_s1:2 -> g2_s0:2
[2026-06-23 01:57:00] LEARNED 8a:e1:e1:2f:9b:b0 -> g2_s0:3
[2026-06-23 01:57:00] MAC FLAP 3a:9f:6c:cd:37:c0 g1_s1:2 -> g2_s0:1
[2026-06-23 01:57:00] MAC FLAP 7e:71:b2:a8:7f:9b g2_s0:3 -> g2_s1:2
[2026-06-23 01:57:00] MAC FLAP 8a:e1:e1:2f:9b:b0 g2_s0:3 -> g2_s1:2
[2026-06-23 01:57:00] MAC FLAP 3a:9f:6c:cd:37:c0 g2_s0:1 -> g2_s1:2
[2026-06-23 01:57:05] MAC FLAP f6:a3:96:9d:09:d7 g0_s1:2 -> g0_s0:3
[2026-06-23 01:57:05] MAC FLAP 7e:71:b2:a8:7f:9b g2_s1:2 -> g0_s0:2
[2026-06-23 01:57:05] MAC FLAP 66:99:17:c6:87:07 g2_s0:2 -> g0_s0:3
[2026-06-23 01:57:05] MAC FLAP 3a:9f:6c:cd:37:c0 g2_s1:2 -> g0_s0:3
[2026-06-23 01:57:05] MAC FLAP 7e:71:b2:a8:7f:9b g0_s0:2 -> g0_s1:1
[2026-06-23 01:57:05] MAC FLAP f6:a3:96:9d:09:d7 g0_s0:3 -> g0_s1:2
[2026-06-23 01:57:05] MAC FLAP 66:99:17:c6:87:07 g0_s0:3 -> g0_s1:2
[2026-06-23 01:57:05] MAC FLAP 3a:9f:6c:cd:37:c0 g0_s0:3 -> g0_s1:2
[2026-06-23 01:57:05] MAC FLAP 7e:71:b2:a8:7f:9b g0_s1:1 -> g1_s0:3
[2026-06-23 01:57:05] MAC FLAP 66:99:17:c6:87:07 g0_s1:2 -> g1_s0:4
[2026-06-23 01:57:05] MAC FLAP 3a:9f:6c:cd:37:c0 g0_s1:2 -> g1_s0:4
[2026-06-23 01:57:05] MAC FLAP 7e:71:b2:a8:7f:9b g1_s0:3 -> g1_s1:2
[2026-06-23 01:57:05] MAC FLAP 66:99:17:c6:87:07 g1_s0:4 -> g1_s1:2
[2026-06-23 01:57:05] MAC FLAP 3a:9f:6c:cd:37:c0 g1_s0:4 -> g1_s1:2
[2026-06-23 01:57:05] MAC FLAP 7e:71:b2:a8:7f:9b g1_s1:2 -> g2_s0:3
[2026-06-23 01:57:05] MAC FLAP 66:99:17:c6:87:07 g1_s1:2 -> g2_s0:2
[2026-06-23 01:57:05] MAC FLAP 8a:e1:e1:2f:9b:b0 g2_s1:2 -> g2_s0:3
[2026-06-23 01:57:05] MAC FLAP 3a:9f:6c:cd:37:c0 g1_s1:2 -> g2_s0:1
[2026-06-23 01:57:05] MAC FLAP 7e:71:b2:a8:7f:9b g2_s0:3 -> g2_s1:2
[2026-06-23 01:57:05] MAC FLAP 8a:e1:e1:2f:9b:b0 g2_s0:3 -> g2_s1:2
[2026-06-23 01:57:05] MAC FLAP 3a:9f:6c:cd:37:c0 g2_s0:1 -> g2_s1:2
[2026-06-23 01:57:10] MAC FLAP f6:a3:96:9d:09:d7 g0_s1:2 -> g0_s0:3
[2026-06-23 01:57:10] MAC FLAP 7e:71:b2:a8:7f:9b g2_s1:2 -> g0_s0:2
[2026-06-23 01:57:10] MAC FLAP 66:99:17:c6:87:07 g2_s0:2 -> g0_s0:3
[2026-06-23 01:57:10] MAC FLAP 3a:9f:6c:cd:37:c0 g2_s1:2 -> g0_s0:3
[2026-06-23 01:57:10] MAC FLAP 7e:71:b2:a8:7f:9b g0_s0:2 -> g0_s1:1
[2026-06-23 01:57:10] MAC FLAP f6:a3:96:9d:09:d7 g0_s0:3 -> g0_s1:2
[2026-06-23 01:57:10] MAC FLAP 66:99:17:c6:87:07 g0_s0:3 -> g0_s1:2
[2026-06-23 01:57:10] MAC FLAP 3a:9f:6c:cd:37:c0 g0_s0:3 -> g0_s1:2
[2026-06-23 01:57:10] MAC FLAP 7e:71:b2:a8:7f:9b g0_s1:1 -> g1_s0:3
[2026-06-23 01:57:10] MAC FLAP 66:99:17:c6:87:07 g0_s1:2 -> g1_s0:4
[2026-06-23 01:57:10] MAC FLAP 3a:9f:6c:cd:37:c0 g0_s1:2 -> g1_s0:4
[2026-06-23 01:57:10] MAC FLAP 7e:71:b2:a8:7f:9b g1_s0:3 -> g1_s1:2
[2026-06-23 01:57:10] MAC FLAP 66:99:17:c6:87:07 g1_s0:4 -> g1_s1:2
[2026-06-23 01:57:10] MAC FLAP 3a:9f:6c:cd:37:c0 g1_s0:4 -> g1_s1:2
[2026-06-23 01:57:10] MAC FLAP 7e:71:b2:a8:7f:9b g1_s1:2 -> g2_s0:3
[2026-06-23 01:57:10] MAC FLAP 66:99:17:c6:87:07 g1_s1:2 -> g2_s0:2
[2026-06-23 01:57:10] MAC FLAP 8a:e1:e1:2f:9b:b0 g2_s1:2 -> g2_s0:3
[2026-06-23 01:57:10] MAC FLAP 3a:9f:6c:cd:37:c0 g1_s1:2 -> g2_s0:1
[2026-06-23 01:57:10] MAC FLAP 7e:71:b2:a8:7f:9b g2_s0:3 -> g2_s1:2
[2026-06-23 01:57:10] MAC FLAP 8a:e1:e1:2f:9b:b0 g2_s0:3 -> g2_s1:2
[2026-06-23 01:57:10] MAC FLAP 3a:9f:6c:cd:37:c0 g2_s0:1 -> g2_s1:2
[2026-06-23 01:57:15] MAC FLAP f6:a3:96:9d:09:d7 g0_s1:2 -> g0_s0:3
[2026-06-23 01:57:15] MAC FLAP 7e:71:b2:a8:7f:9b g2_s1:2 -> g0_s0:2
[2026-06-23 01:57:15] MAC FLAP 66:99:17:c6:87:07 g2_s0:2 -> g0_s0:3
[2026-06-23 01:57:15] MAC FLAP 3a:9f:6c:cd:37:c0 g2_s1:2 -> g0_s0:3
[2026-06-23 01:57:15] MAC FLAP 7e:71:b2:a8:7f:9b g0_s0:2 -> g0_s1:1
[2026-06-23 01:57:15] MAC FLAP f6:a3:96:9d:09:d7 g0_s0:3 -> g0_s1:2
[2026-06-23 01:57:15] MAC FLAP 66:99:17:c6:87:07 g0_s0:3 -> g0_s1:2
[2026-06-23 01:57:15] MAC FLAP 3a:9f:6c:cd:37:c0 g0_s0:3 -> g0_s1:2
[2026-06-23 01:57:15] MAC FLAP 7e:71:b2:a8:7f:9b g0_s1:1 -> g1_s0:3
[2026-06-23 01:57:15] MAC FLAP 66:99:17:c6:87:07 g0_s1:2 -> g1_s0:4
[2026-06-23 01:57:15] MAC FLAP 3a:9f:6c:cd:37:c0 g0_s1:2 -> g1_s0:4
[2026-06-23 01:57:15] MAC FLAP 7e:71:b2:a8:7f:9b g1_s0:3 -> g1_s1:2
[2026-06-23 01:57:15] MAC FLAP 66:99:17:c6:87:07 g1_s0:4 -> g1_s1:2
[2026-06-23 01:57:15] MAC FLAP 3a:9f:6c:cd:37:c0 g1_s0:4 -> g1_s1:2
[2026-06-23 01:57:15] MAC FLAP 7e:71:b2:a8:7f:9b g1_s1:2 -> g2_s0:3
[2026-06-23 01:57:15] MAC FLAP 66:99:17:c6:87:07 g1_s1:2 -> g2_s0:2
[2026-06-23 01:57:15] MAC FLAP 8a:e1:e1:2f:9b:b0 g2_s1:2 -> g2_s0:3
[2026-06-23 01:57:15] MAC FLAP 3a:9f:6c:cd:37:c0 g1_s1:2 -> g2_s0:1
[2026-06-23 01:57:15] MAC FLAP 7e:71:b2:a8:7f:9b g2_s0:3 -> g2_s1:2
[2026-06-23 01:57:15] MAC FLAP 8a:e1:e1:2f:9b:b0 g2_s0:3 -> g2_s1:2
[2026-06-23 01:57:15] MAC FLAP 3a:9f:6c:cd:37:c0 g2_s0:1 -> g2_s1:2
[2026-06-23 01:57:20] MAC FLAP f6:a3:96:9d:09:d7 g0_s1:2 -> g0_s0:3
[2026-06-23 01:57:20] MAC FLAP 7e:71:b2:a8:7f:9b g2_s1:2 -> g0_s0:2
[2026-06-23 01:57:20] MAC FLAP 66:99:17:c6:87:07 g2_s0:2 -> g0_s0:3
[2026-06-23 01:57:20] MAC FLAP 3a:9f:6c:cd:37:c0 g2_s1:2 -> g0_s0:3
[2026-06-23 01:57:20] MAC FLAP 7e:71:b2:a8:7f:9b g0_s0:2 -> g0_s1:1
[2026-06-23 01:57:20] MAC FLAP f6:a3:96:9d:09:d7 g0_s0:3 -> g0_s1:2
[2026-06-23 01:57:20] MAC FLAP 66:99:17:c6:87:07 g0_s0:3 -> g0_s1:2
[2026-06-23 01:57:20] MAC FLAP 3a:9f:6c:cd:37:c0 g0_s0:3 -> g0_s1:2
[2026-06-23 01:57:20] MAC FLAP 7e:71:b2:a8:7f:9b g0_s1:1 -> g1_s0:3
[2026-06-23 01:57:20] MAC FLAP 66:99:17:c6:87:07 g0_s1:2 -> g1_s0:4
[2026-06-23 01:57:20] MAC FLAP 3a:9f:6c:cd:37:c0 g0_s1:2 -> g1_s0:4
[2026-06-23 01:57:20] MAC FLAP 7e:71:b2:a8:7f:9b g1_s0:3 -> g1_s1:2
[2026-06-23 01:57:20] MAC FLAP 66:99:17:c6:87:07 g1_s0:4 -> g1_s1:2
[2026-06-23 01:57:20] MAC FLAP 3a:9f:6c:cd:37:c0 g1_s0:4 -> g1_s1:2
[2026-06-23 01:57:20] MAC FLAP 7e:71:b2:a8:7f:9b g1_s1:2 -> g2_s0:3
[2026-06-23 01:57:20] MAC FLAP 66:99:17:c6:87:07 g1_s1:2 -> g2_s0:2
[2026-06-23 01:57:20] MAC FLAP 8a:e1:e1:2f:9b:b0 g2_s1:2 -> g2_s0:3
[2026-06-23 01:57:20] MAC FLAP 3a:9f:6c:cd:37:c0 g1_s1:2 -> g2_s0:1
[2026-06-23 01:57:20] MAC FLAP 7e:71:b2:a8:7f:9b g2_s0:3 -> g2_s1:2
[2026-06-23 01:57:20] MAC FLAP 8a:e1:e1:2f:9b:b0 g2_s0:3 -> g2_s1:2
[2026-06-23 01:57:20] MAC FLAP 3a:9f:6c:cd:37:c0 g2_s0:1 -> g2_s1:2
[2026-06-23 01:57:25] MAC FLAP f6:a3:96:9d:09:d7 g0_s1:2 -> g0_s0:3
[2026-06-23 01:57:25] MAC FLAP 7e:71:b2:a8:7f:9b g2_s1:2 -> g0_s0:2
[2026-06-23 01:57:25] MAC FLAP 66:99:17:c6:87:07 g2_s0:2 -> g0_s0:3
[2026-06-23 01:57:25] MAC FLAP 3a:9f:6c:cd:37:c0 g2_s1:2 -> g0_s0:3
[2026-06-23 01:57:25] MAC FLAP 7e:71:b2:a8:7f:9b g0_s0:2 -> g0_s1:1
[2026-06-23 01:57:25] MAC FLAP f6:a3:96:9d:09:d7 g0_s0:3 -> g0_s1:2
[2026-06-23 01:57:25] MAC FLAP 66:99:17:c6:87:07 g0_s0:3 -> g0_s1:2
[2026-06-23 01:57:25] MAC FLAP 3a:9f:6c:cd:37:c0 g0_s0:3 -> g0_s1:2
[2026-06-23 01:57:25] MAC FLAP 7e:71:b2:a8:7f:9b g0_s1:1 -> g1_s0:3
[2026-06-23 01:57:25] MAC FLAP 66:99:17:c6:87:07 g0_s1:2 -> g1_s0:4
[2026-06-23 01:57:25] MAC FLAP 3a:9f:6c:cd:37:c0 g0_s1:2 -> g1_s0:4
[2026-06-23 01:57:25] MAC FLAP 7e:71:b2:a8:7f:9b g1_s0:3 -> g1_s1:2
[2026-06-23 01:57:25] MAC FLAP 66:99:17:c6:87:07 g1_s0:4 -> g1_s1:2
[2026-06-23 01:57:25] MAC FLAP 3a:9f:6c:cd:37:c0 g1_s0:4 -> g1_s1:2
[2026-06-23 01:57:25] MAC FLAP 7e:71:b2:a8:7f:9b g1_s1:2 -> g2_s0:3
[2026-06-23 01:57:25] MAC FLAP 66:99:17:c6:87:07 g1_s1:2 -> g2_s0:2
[2026-06-23 01:57:25] MAC FLAP 8a:e1:e1:2f:9b:b0 g2_s1:2 -> g2_s0:3
[2026-06-23 01:57:25] MAC FLAP 3a:9f:6c:cd:37:c0 g1_s1:2 -> g2_s0:1
[2026-06-23 01:57:25] MAC FLAP 7e:71:b2:a8:7f:9b g2_s0:3 -> g2_s1:2
[2026-06-23 01:57:25] MAC FLAP 8a:e1:e1:2f:9b:b0 g2_s0:3 -> g2_s1:2
[2026-06-23 01:57:25] MAC FLAP 3a:9f:6c:cd:37:c0 g2_s0:1 -> g2_s1:2
[2026-06-23 01:57:30] MAC FLAP f6:a3:96:9d:09:d7 g0_s1:2 -> g0_s0:3
[2026-06-23 01:57:30] MAC FLAP 7e:71:b2:a8:7f:9b g2_s1:2 -> g0_s0:2
[2026-06-23 01:57:30] MAC FLAP 66:99:17:c6:87:07 g2_s0:2 -> g0_s0:3
[2026-06-23 01:57:30] MAC FLAP 3a:9f:6c:cd:37:c0 g2_s1:2 -> g0_s0:3
[2026-06-23 01:57:30] MAC FLAP 7e:71:b2:a8:7f:9b g0_s0:2 -> g0_s1:1
[2026-06-23 01:57:30] MAC FLAP f6:a3:96:9d:09:d7 g0_s0:3 -> g0_s1:2
[2026-06-23 01:57:30] MAC FLAP 66:99:17:c6:87:07 g0_s0:3 -> g0_s1:2
[2026-06-23 01:57:30] MAC FLAP 3a:9f:6c:cd:37:c0 g0_s0:3 -> g0_s1:2
[2026-06-23 01:57:30] MAC FLAP 7e:71:b2:a8:7f:9b g0_s1:1 -> g1_s0:3
[2026-06-23 01:57:30] MAC FLAP 66:99:17:c6:87:07 g0_s1:2 -> g1_s0:4
[2026-06-23 01:57:30] MAC FLAP 3a:9f:6c:cd:37:c0 g0_s1:2 -> g1_s0:4
[2026-06-23 01:57:30] MAC FLAP 7e:71:b2:a8:7f:9b g1_s0:3 -> g1_s1:2
[2026-06-23 01:57:30] MAC FLAP 66:99:17:c6:87:07 g1_s0:4 -> g1_s1:2
[2026-06-23 01:57:30] MAC FLAP 3a:9f:6c:cd:37:c0 g1_s0:4 -> g1_s1:2
[2026-06-23 01:57:30] MAC FLAP 7e:71:b2:a8:7f:9b g1_s1:2 -> g2_s0:3
[2026-06-23 01:57:30] MAC FLAP 66:99:17:c6:87:07 g1_s1:2 -> g2_s0:2
[2026-06-23 01:57:30] MAC FLAP 8a:e1:e1:2f:9b:b0 g2_s1:2 -> g2_s0:3
[2026-06-23 01:57:30] MAC FLAP 3a:9f:6c:cd:37:c0 g1_s1:2 -> g2_s0:1
[2026-06-23 01:57:30] MAC FLAP 7e:71:b2:a8:7f:9b g2_s0:3 -> g2_s1:2
[2026-06-23 01:57:30] MAC FLAP 8a:e1:e1:2f:9b:b0 g2_s0:3 -> g2_s1:2
[2026-06-23 01:57:30] MAC FLAP 3a:9f:6c:cd:37:c0 g2_s0:1 -> g2_s1:2
[2026-06-23 01:57:35] MAC FLAP f6:a3:96:9d:09:d7 g0_s1:2 -> g0_s0:3
[2026-06-23 01:57:35] MAC FLAP 7e:71:b2:a8:7f:9b g2_s1:2 -> g0_s0:2
[2026-06-23 01:57:35] MAC FLAP 66:99:17:c6:87:07 g2_s0:2 -> g0_s0:3
[2026-06-23 01:57:35] MAC FLAP 3a:9f:6c:cd:37:c0 g2_s1:2 -> g0_s0:3
[2026-06-23 01:57:35] MAC FLAP 7e:71:b2:a8:7f:9b g0_s0:2 -> g0_s1:1
[2026-06-23 01:57:35] MAC FLAP f6:a3:96:9d:09:d7 g0_s0:3 -> g0_s1:2
[2026-06-23 01:57:35] MAC FLAP 66:99:17:c6:87:07 g0_s0:3 -> g0_s1:2
[2026-06-23 01:57:35] MAC FLAP 3a:9f:6c:cd:37:c0 g0_s0:3 -> g0_s1:2
[2026-06-23 01:57:35] MAC FLAP 7e:71:b2:a8:7f:9b g0_s1:1 -> g1_s0:3
[2026-06-23 01:57:35] MAC FLAP 66:99:17:c6:87:07 g0_s1:2 -> g1_s0:4
[2026-06-23 01:57:35] MAC FLAP 3a:9f:6c:cd:37:c0 g0_s1:2 -> g1_s0:4
[2026-06-23 01:57:35] MAC FLAP 7e:71:b2:a8:7f:9b g1_s0:3 -> g1_s1:2
[2026-06-23 01:57:35] MAC FLAP 66:99:17:c6:87:07 g1_s0:4 -> g1_s1:2
[2026-06-23 01:57:35] MAC FLAP 3a:9f:6c:cd:37:c0 g1_s0:4 -> g1_s1:2
[2026-06-23 01:57:35] MAC FLAP 7e:71:b2:a8:7f:9b g1_s1:2 -> g2_s0:3
[2026-06-23 01:57:35] MAC FLAP 66:99:17:c6:87:07 g1_s1:2 -> g2_s0:2
[2026-06-23 01:57:35] MAC FLAP 8a:e1:e1:2f:9b:b0 g2_s1:2 -> g2_s0:3
[2026-06-23 01:57:35] MAC FLAP 3a:9f:6c:cd:37:c0 g1_s1:2 -> g2_s0:1
[2026-06-23 01:57:35] MAC FLAP 7e:71:b2:a8:7f:9b g2_s0:3 -> g2_s1:2
[2026-06-23 01:57:35] MAC FLAP 8a:e1:e1:2f:9b:b0 g2_s0:3 -> g2_s1:2
[2026-06-23 01:57:35] MAC FLAP 3a:9f:6c:cd:37:c0 g2_s0:1 -> g2_s1:2
[2026-06-23 01:57:40] MAC FLAP f6:a3:96:9d:09:d7 g0_s1:2 -> g0_s0:3
[2026-06-23 01:57:40] MAC FLAP 7e:71:b2:a8:7f:9b g2_s1:2 -> g0_s0:2
[2026-06-23 01:57:40] MAC FLAP 66:99:17:c6:87:07 g2_s0:2 -> g0_s0:3
[2026-06-23 01:57:40] MAC FLAP 3a:9f:6c:cd:37:c0 g2_s1:2 -> g0_s0:3
[2026-06-23 01:57:40] MAC FLAP 7e:71:b2:a8:7f:9b g0_s0:2 -> g0_s1:1
[2026-06-23 01:57:40] MAC FLAP f6:a3:96:9d:09:d7 g0_s0:3 -> g0_s1:2
[2026-06-23 01:57:40] MAC FLAP 66:99:17:c6:87:07 g0_s0:3 -> g0_s1:2
[2026-06-23 01:57:40] MAC FLAP 3a:9f:6c:cd:37:c0 g0_s0:3 -> g0_s1:2
[2026-06-23 01:57:40] MAC FLAP 7e:71:b2:a8:7f:9b g0_s1:1 -> g1_s0:3
[2026-06-23 01:57:40] MAC FLAP 66:99:17:c6:87:07 g0_s1:2 -> g1_s0:4
[2026-06-23 01:57:40] MAC FLAP 3a:9f:6c:cd:37:c0 g0_s1:2 -> g1_s0:4
[2026-06-23 01:57:40] MAC FLAP 7e:71:b2:a8:7f:9b g1_s0:3 -> g1_s1:2
[2026-06-23 01:57:40] MAC FLAP 66:99:17:c6:87:07 g1_s0:4 -> g1_s1:2
[2026-06-23 01:57:40] MAC FLAP 3a:9f:6c:cd:37:c0 g1_s0:4 -> g1_s1:2
[2026-06-23 01:57:40] MAC FLAP 7e:71:b2:a8:7f:9b g1_s1:2 -> g2_s0:3
[2026-06-23 01:57:40] MAC FLAP 66:99:17:c6:87:07 g1_s1:2 -> g2_s0:2
[2026-06-23 01:57:40] MAC FLAP 8a:e1:e1:2f:9b:b0 g2_s1:2 -> g2_s0:3
[2026-06-23 01:57:40] MAC FLAP 3a:9f:6c:cd:37:c0 g1_s1:2 -> g2_s0:1
[2026-06-23 01:57:40] MAC FLAP 7e:71:b2:a8:7f:9b g2_s0:3 -> g2_s1:2
[2026-06-23 01:57:40] MAC FLAP 8a:e1:e1:2f:9b:b0 g2_s0:3 -> g2_s1:2
[2026-06-23 01:57:40] MAC FLAP 3a:9f:6c:cd:37:c0 g2_s0:1 -> g2_s1:2
[2026-06-23 01:57:46] MAC FLAP f6:a3:96:9d:09:d7 g0_s1:2 -> g0_s0:3
[2026-06-23 01:57:46] MAC FLAP 7e:71:b2:a8:7f:9b g2_s1:2 -> g0_s0:2
[2026-06-23 01:57:46] MAC FLAP 66:99:17:c6:87:07 g2_s0:2 -> g0_s0:3
[2026-06-23 01:57:46] MAC FLAP 3a:9f:6c:cd:37:c0 g2_s1:2 -> g0_s0:3
[2026-06-23 01:57:46] MAC FLAP 7e:71:b2:a8:7f:9b g0_s0:2 -> g0_s1:1
[2026-06-23 01:57:46] MAC FLAP f6:a3:96:9d:09:d7 g0_s0:3 -> g0_s1:2
[2026-06-23 01:57:46] MAC FLAP 66:99:17:c6:87:07 g0_s0:3 -> g0_s1:2
[2026-06-23 01:57:46] MAC FLAP 3a:9f:6c:cd:37:c0 g0_s0:3 -> g0_s1:2
[2026-06-23 01:57:46] MAC FLAP 7e:71:b2:a8:7f:9b g0_s1:1 -> g1_s0:3
[2026-06-23 01:57:46] MAC FLAP 66:99:17:c6:87:07 g0_s1:2 -> g1_s0:4
[2026-06-23 01:57:46] MAC FLAP 3a:9f:6c:cd:37:c0 g0_s1:2 -> g1_s0:4
[2026-06-23 01:57:46] MAC FLAP 7e:71:b2:a8:7f:9b g1_s0:3 -> g1_s1:2
[2026-06-23 01:57:46] MAC FLAP 66:99:17:c6:87:07 g1_s0:4 -> g1_s1:2
[2026-06-23 01:57:46] MAC FLAP 3a:9f:6c:cd:37:c0 g1_s0:4 -> g1_s1:2
[2026-06-23 01:57:46] MAC FLAP 7e:71:b2:a8:7f:9b g1_s1:2 -> g2_s0:3
[2026-06-23 01:57:46] MAC FLAP 66:99:17:c6:87:07 g1_s1:2 -> g2_s0:2
[2026-06-23 01:57:46] MAC FLAP 8a:e1:e1:2f:9b:b0 g2_s1:2 -> g2_s0:3
[2026-06-23 01:57:46] MAC FLAP 3a:9f:6c:cd:37:c0 g1_s1:2 -> g2_s0:1
[2026-06-23 01:57:46] MAC FLAP 7e:71:b2:a8:7f:9b g2_s0:3 -> g2_s1:2
[2026-06-23 01:57:46] MAC FLAP 8a:e1:e1:2f:9b:b0 g2_s0:3 -> g2_s1:2
[2026-06-23 01:57:46] MAC FLAP 3a:9f:6c:cd:37:c0 g2_s0:1 -> g2_s1:2
[2026-06-23 01:57:51] MAC FLAP f6:a3:96:9d:09:d7 g0_s1:2 -> g0_s0:3
[2026-06-23 01:57:51] MAC FLAP 7e:71:b2:a8:7f:9b g2_s1:2 -> g0_s0:2
[2026-06-23 01:57:51] MAC FLAP 66:99:17:c6:87:07 g2_s0:2 -> g0_s0:3
[2026-06-23 01:57:51] MAC FLAP 3a:9f:6c:cd:37:c0 g2_s1:2 -> g0_s0:3
[2026-06-23 01:57:51] MAC FLAP 7e:71:b2:a8:7f:9b g0_s0:2 -> g0_s1:1
[2026-06-23 01:57:51] MAC FLAP f6:a3:96:9d:09:d7 g0_s0:3 -> g0_s1:2
[2026-06-23 01:57:51] MAC FLAP 66:99:17:c6:87:07 g0_s0:3 -> g0_s1:2
[2026-06-23 01:57:51] MAC FLAP 3a:9f:6c:cd:37:c0 g0_s0:3 -> g0_s1:2
[2026-06-23 01:57:51] MAC FLAP 7e:71:b2:a8:7f:9b g0_s1:1 -> g1_s0:3
[2026-06-23 01:57:51] MAC FLAP 66:99:17:c6:87:07 g0_s1:2 -> g1_s0:4
[2026-06-23 01:57:51] MAC FLAP 3a:9f:6c:cd:37:c0 g0_s1:2 -> g1_s0:4
[2026-06-23 01:57:51] MAC FLAP 7e:71:b2:a8:7f:9b g1_s0:3 -> g1_s1:2
[2026-06-23 01:57:51] MAC FLAP 66:99:17:c6:87:07 g1_s0:4 -> g1_s1:2
[2026-06-23 01:57:51] MAC FLAP 3a:9f:6c:cd:37:c0 g1_s0:4 -> g1_s1:2
[2026-06-23 01:57:51] MAC FLAP 7e:71:b2:a8:7f:9b g1_s1:2 -> g2_s0:3
[2026-06-23 01:57:51] MAC FLAP 66:99:17:c6:87:07 g1_s1:2 -> g2_s0:2
[2026-06-23 01:57:51] MAC FLAP 8a:e1:e1:2f:9b:b0 g2_s1:2 -> g2_s0:3
[2026-06-23 01:57:51] MAC FLAP 3a:9f:6c:cd:37:c0 g1_s1:2 -> g2_s0:1
[2026-06-23 01:57:51] MAC FLAP 7e:71:b2:a8:7f:9b g2_s0:3 -> g2_s1:2
[2026-06-23 01:57:51] MAC FLAP 8a:e1:e1:2f:9b:b0 g2_s0:3 -> g2_s1:2
[2026-06-23 01:57:51] MAC FLAP 3a:9f:6c:cd:37:c0 g2_s0:1 -> g2_s1:2
[2026-06-23 01:57:56] MAC FLAP f6:a3:96:9d:09:d7 g0_s1:2 -> g0_s0:3
[2026-06-23 01:57:56] MAC FLAP 7e:71:b2:a8:7f:9b g2_s1:2 -> g0_s0:2
[2026-06-23 01:57:56] MAC FLAP 66:99:17:c6:87:07 g2_s0:2 -> g0_s0:3
[2026-06-23 01:57:56] MAC FLAP 3a:9f:6c:cd:37:c0 g2_s1:2 -> g0_s0:3
[2026-06-23 01:57:56] MAC FLAP 7e:71:b2:a8:7f:9b g0_s0:2 -> g0_s1:1
[2026-06-23 01:57:56] MAC FLAP f6:a3:96:9d:09:d7 g0_s0:3 -> g0_s1:2
[2026-06-23 01:57:56] MAC FLAP 66:99:17:c6:87:07 g0_s0:3 -> g0_s1:2
[2026-06-23 01:57:56] MAC FLAP 3a:9f:6c:cd:37:c0 g0_s0:3 -> g0_s1:2
[2026-06-23 01:57:56] MAC FLAP 7e:71:b2:a8:7f:9b g0_s1:1 -> g1_s0:3
[2026-06-23 01:57:56] MAC FLAP 66:99:17:c6:87:07 g0_s1:2 -> g1_s0:4
[2026-06-23 01:57:56] MAC FLAP 3a:9f:6c:cd:37:c0 g0_s1:2 -> g1_s0:4
[2026-06-23 01:57:56] MAC FLAP 7e:71:b2:a8:7f:9b g1_s0:3 -> g1_s1:2
[2026-06-23 01:57:56] MAC FLAP 66:99:17:c6:87:07 g1_s0:4 -> g1_s1:2
[2026-06-23 01:57:56] MAC FLAP 3a:9f:6c:cd:37:c0 g1_s0:4 -> g1_s1:2
[2026-06-23 01:57:56] MAC FLAP 7e:71:b2:a8:7f:9b g1_s1:2 -> g2_s0:3
[2026-06-23 01:57:56] MAC FLAP 66:99:17:c6:87:07 g1_s1:2 -> g2_s0:2
[2026-06-23 01:57:56] MAC FLAP 8a:e1:e1:2f:9b:b0 g2_s1:2 -> g2_s0:3
[2026-06-23 01:57:56] MAC FLAP 3a:9f:6c:cd:37:c0 g1_s1:2 -> g2_s0:1
[2026-06-23 01:57:56] MAC FLAP 7e:71:b2:a8:7f:9b g2_s0:3 -> g2_s1:2
[2026-06-23 01:57:56] MAC FLAP 8a:e1:e1:2f:9b:b0 g2_s0:3 -> g2_s1:2
[2026-06-23 01:57:56] MAC FLAP 3a:9f:6c:cd:37:c0 g2_s0:1 -> g2_s1:2
[2026-06-23 01:58:01] MAC FLAP f6:a3:96:9d:09:d7 g0_s1:2 -> g0_s0:3
[2026-06-23 01:58:01] MAC FLAP 7e:71:b2:a8:7f:9b g2_s1:2 -> g0_s0:2
[2026-06-23 01:58:01] MAC FLAP 66:99:17:c6:87:07 g2_s0:2 -> g0_s0:3
[2026-06-23 01:58:01] MAC FLAP 3a:9f:6c:cd:37:c0 g2_s1:2 -> g0_s0:3
[2026-06-23 01:58:01] MAC FLAP 7e:71:b2:a8:7f:9b g0_s0:2 -> g0_s1:1
[2026-06-23 01:58:01] MAC FLAP f6:a3:96:9d:09:d7 g0_s0:3 -> g0_s1:2
[2026-06-23 01:58:01] MAC FLAP 66:99:17:c6:87:07 g0_s0:3 -> g0_s1:2
[2026-06-23 01:58:01] MAC FLAP 3a:9f:6c:cd:37:c0 g0_s0:3 -> g0_s1:2
[2026-06-23 01:58:01] MAC FLAP 7e:71:b2:a8:7f:9b g0_s1:1 -> g1_s0:3
[2026-06-23 01:58:01] MAC FLAP 66:99:17:c6:87:07 g0_s1:2 -> g1_s0:4
[2026-06-23 01:58:01] MAC FLAP 3a:9f:6c:cd:37:c0 g0_s1:2 -> g1_s0:4
[2026-06-23 01:58:01] MAC FLAP 7e:71:b2:a8:7f:9b g1_s0:3 -> g1_s1:2
[2026-06-23 01:58:01] MAC FLAP 66:99:17:c6:87:07 g1_s0:4 -> g1_s1:2
[2026-06-23 01:58:01] MAC FLAP 3a:9f:6c:cd:37:c0 g1_s0:4 -> g1_s1:2
[2026-06-23 01:58:01] MAC FLAP 7e:71:b2:a8:7f:9b g1_s1:2 -> g2_s0:3
[2026-06-23 01:58:01] MAC FLAP 66:99:17:c6:87:07 g1_s1:2 -> g2_s0:2
[2026-06-23 01:58:01] MAC FLAP 8a:e1:e1:2f:9b:b0 g2_s1:2 -> g2_s0:3
[2026-06-23 01:58:01] MAC FLAP 3a:9f:6c:cd:37:c0 g1_s1:2 -> g2_s0:1
[2026-06-23 01:58:01] MAC FLAP 7e:71:b2:a8:7f:9b g2_s0:3 -> g2_s1:2
[2026-06-23 01:58:01] MAC FLAP 8a:e1:e1:2f:9b:b0 g2_s0:3 -> g2_s1:2
[2026-06-23 01:58:01] MAC FLAP 3a:9f:6c:cd:37:c0 g2_s0:1 -> g2_s1:2
[2026-06-23 01:58:06] MAC FLAP f6:a3:96:9d:09:d7 g0_s1:2 -> g0_s0:3
[2026-06-23 01:58:06] MAC FLAP 7e:71:b2:a8:7f:9b g2_s1:2 -> g0_s0:2
[2026-06-23 01:58:06] MAC FLAP 66:99:17:c6:87:07 g2_s0:2 -> g0_s0:3
[2026-06-23 01:58:06] MAC FLAP 3a:9f:6c:cd:37:c0 g2_s1:2 -> g0_s0:3
[2026-06-23 01:58:06] MAC FLAP 7e:71:b2:a8:7f:9b g0_s0:2 -> g0_s1:1
[2026-06-23 01:58:06] MAC FLAP f6:a3:96:9d:09:d7 g0_s0:3 -> g0_s1:2
[2026-06-23 01:58:06] MAC FLAP 66:99:17:c6:87:07 g0_s0:3 -> g0_s1:2
[2026-06-23 01:58:06] MAC FLAP 3a:9f:6c:cd:37:c0 g0_s0:3 -> g0_s1:2
[2026-06-23 01:58:06] MAC FLAP 7e:71:b2:a8:7f:9b g0_s1:1 -> g1_s0:3
[2026-06-23 01:58:06] MAC FLAP 66:99:17:c6:87:07 g0_s1:2 -> g1_s0:4
[2026-06-23 01:58:06] MAC FLAP 3a:9f:6c:cd:37:c0 g0_s1:2 -> g1_s0:4
[2026-06-23 01:58:06] MAC FLAP 7e:71:b2:a8:7f:9b g1_s0:3 -> g1_s1:2
[2026-06-23 01:58:06] MAC FLAP 66:99:17:c6:87:07 g1_s0:4 -> g1_s1:2
[2026-06-23 01:58:06] MAC FLAP 3a:9f:6c:cd:37:c0 g1_s0:4 -> g1_s1:2
[2026-06-23 01:58:06] MAC FLAP 7e:71:b2:a8:7f:9b g1_s1:2 -> g2_s0:3
[2026-06-23 01:58:06] MAC FLAP 66:99:17:c6:87:07 g1_s1:2 -> g2_s0:2
[2026-06-23 01:58:06] MAC FLAP 8a:e1:e1:2f:9b:b0 g2_s1:2 -> g2_s0:3
[2026-06-23 01:58:06] MAC FLAP 3a:9f:6c:cd:37:c0 g1_s1:2 -> g2_s0:1
[2026-06-23 01:58:06] MAC FLAP 7e:71:b2:a8:7f:9b g2_s0:3 -> g2_s1:2
[2026-06-23 01:58:06] MAC FLAP 8a:e1:e1:2f:9b:b0 g2_s0:3 -> g2_s1:2
[2026-06-23 01:58:06] MAC FLAP 3a:9f:6c:cd:37:c0 g2_s0:1 -> g2_s1:2
[2026-06-27 15:33:31] Baseline snapshot created (39 entries)
[2026-06-27 15:33:31] LEARNED e2:f9:5a:fa:e8:a9 -> g0_s0:3
[2026-06-27 15:33:31] LEARNED 0e:b5:51:2d:de:c1 -> g0_s0:3
[2026-06-27 15:33:31] LEARNED 26:5d:e4:45:ce:36 -> g0_s0:2
[2026-06-27 15:33:31] LEARNED de:b7:9e:0d:91:40 -> g0_s0:3
[2026-06-27 15:33:31] LEARNED a2:fd:f8:45:71:82 -> g0_s0:3
[2026-06-27 15:33:31] LEARNED 46:f1:82:c2:d3:40 -> g0_s0:3
[2026-06-27 15:33:31] LEARNED 86:19:6e:d5:88:af -> g0_s0:3
[2026-06-27 15:33:31] LEARNED 4a:54:15:e0:cd:00 -> g0_s0:2
[2026-06-27 15:33:31] LEARNED be:53:c3:59:d0:b1 -> g0_s0:3
[2026-06-27 15:33:31] LEARNED 3e:73:32:21:dd:33 -> g0_s0:1
[2026-06-27 15:33:31] MAC FLAP e2:f9:5a:fa:e8:a9 g0_s0:3 -> g0_s1:2
[2026-06-27 15:33:31] MAC FLAP 0e:b5:51:2d:de:c1 g0_s0:3 -> g0_s1:2
[2026-06-27 15:33:31] MAC FLAP 26:5d:e4:45:ce:36 g0_s0:2 -> g0_s1:1
[2026-06-27 15:33:31] MAC FLAP de:b7:9e:0d:91:40 g0_s0:3 -> g0_s1:2
[2026-06-27 15:33:31] MAC FLAP a2:fd:f8:45:71:82 g0_s0:3 -> g0_s1:2
[2026-06-27 15:33:31] MAC FLAP 46:f1:82:c2:d3:40 g0_s0:3 -> g0_s1:2
[2026-06-27 15:33:31] MAC FLAP 86:19:6e:d5:88:af g0_s0:3 -> g0_s1:2
[2026-06-27 15:33:31] MAC FLAP be:53:c3:59:d0:b1 g0_s0:3 -> g0_s1:2
[2026-06-27 15:33:31] MAC FLAP 3e:73:32:21:dd:33 g0_s0:1 -> g0_s1:2
[2026-06-27 15:33:31] MAC FLAP e2:f9:5a:fa:e8:a9 g0_s1:2 -> g1_s0:1
[2026-06-27 15:33:31] MAC FLAP 0e:b5:51:2d:de:c1 g0_s1:2 -> g1_s0:4
[2026-06-27 15:33:31] MAC FLAP 26:5d:e4:45:ce:36 g0_s1:1 -> g1_s0:3
[2026-06-27 15:33:31] MAC FLAP de:b7:9e:0d:91:40 g0_s1:2 -> g1_s0:4
[2026-06-27 15:33:31] MAC FLAP a2:fd:f8:45:71:82 g0_s1:2 -> g1_s0:4
[2026-06-27 15:33:31] MAC FLAP 46:f1:82:c2:d3:40 g0_s1:2 -> g1_s0:4
[2026-06-27 15:33:31] MAC FLAP 86:19:6e:d5:88:af g0_s1:2 -> g1_s0:2
[2026-06-27 15:33:31] MAC FLAP 4a:54:15:e0:cd:00 g0_s0:2 -> g1_s0:3
[2026-06-27 15:33:31] LEARNED 02:d5:fc:c6:25:3c -> g1_s0:3
[2026-06-27 15:33:31] MAC FLAP 3e:73:32:21:dd:33 g0_s1:2 -> g1_s0:3
[2026-06-27 15:33:31] MAC FLAP e2:f9:5a:fa:e8:a9 g1_s0:1 -> g1_s1:2
[2026-06-27 15:33:32] MAC FLAP 0e:b5:51:2d:de:c1 g1_s0:4 -> g1_s1:2
[2026-06-27 15:33:32] MAC FLAP 26:5d:e4:45:ce:36 g1_s0:3 -> g1_s1:2
[2026-06-27 15:33:32] LEARNED b2:c0:3b:93:d7:6e -> g1_s1:2
[2026-06-27 15:33:32] MAC FLAP de:b7:9e:0d:91:40 g1_s0:4 -> g1_s1:2
[2026-06-27 15:33:32] MAC FLAP a2:fd:f8:45:71:82 g1_s0:4 -> g1_s1:2
[2026-06-27 15:33:32] MAC FLAP 46:f1:82:c2:d3:40 g1_s0:4 -> g1_s1:2
[2026-06-27 15:33:32] MAC FLAP 4a:54:15:e0:cd:00 g1_s0:3 -> g1_s1:2
[2026-06-27 15:33:32] MAC FLAP 02:d5:fc:c6:25:3c g1_s0:3 -> g1_s1:2
[2026-06-27 15:33:32] MAC FLAP 3e:73:32:21:dd:33 g1_s0:3 -> g1_s1:2
[2026-06-27 15:33:32] MAC FLAP 0e:b5:51:2d:de:c1 g1_s1:2 -> g2_s0:2
[2026-06-27 15:33:32] MAC FLAP e2:f9:5a:fa:e8:a9 g1_s1:2 -> g2_s0:3
[2026-06-27 15:33:32] MAC FLAP 26:5d:e4:45:ce:36 g1_s1:2 -> g2_s0:3
[2026-06-27 15:33:32] MAC FLAP a2:fd:f8:45:71:82 g1_s1:2 -> g2_s0:2
[2026-06-27 15:33:32] MAC FLAP 46:f1:82:c2:d3:40 g1_s1:2 -> g2_s0:1
[2026-06-27 15:33:32] MAC FLAP 86:19:6e:d5:88:af g1_s0:2 -> g2_s0:3
[2026-06-27 15:33:32] MAC FLAP 4a:54:15:e0:cd:00 g1_s1:2 -> g2_s0:3
[2026-06-27 15:33:32] MAC FLAP 02:d5:fc:c6:25:3c g1_s1:2 -> g2_s0:3
[2026-06-27 15:33:32] MAC FLAP 3e:73:32:21:dd:33 g1_s1:2 -> g2_s0:3
[2026-06-27 15:33:32] LEARNED 16:c0:e2:39:a0:b7 -> g2_s1:2
[2026-06-27 15:33:32] LEARNED 96:e0:b1:fc:48:e2 -> g2_s1:2
[2026-06-27 15:33:32] LEARNED 42:00:fd:ea:11:a7 -> g2_s1:2
[2026-06-27 15:33:32] MAC FLAP 0e:b5:51:2d:de:c1 g2_s0:2 -> g2_s1:1
[2026-06-27 15:33:32] MAC FLAP e2:f9:5a:fa:e8:a9 g2_s0:3 -> g2_s1:2
[2026-06-27 15:33:32] MAC FLAP 26:5d:e4:45:ce:36 g2_s0:3 -> g2_s1:2
[2026-06-27 15:33:32] MAC FLAP 46:f1:82:c2:d3:40 g2_s0:1 -> g2_s1:2
[2026-06-27 15:33:32] MAC FLAP 86:19:6e:d5:88:af g2_s0:3 -> g2_s1:2
[2026-06-27 15:33:32] MAC FLAP 4a:54:15:e0:cd:00 g2_s0:3 -> g2_s1:2
[2026-06-27 15:33:32] MAC FLAP 02:d5:fc:c6:25:3c g2_s0:3 -> g2_s1:2
[2026-06-27 15:33:32] MAC FLAP 3e:73:32:21:dd:33 g2_s0:3 -> g2_s1:2
[2026-06-27 15:33:37] MAC FLAP e2:f9:5a:fa:e8:a9 g2_s1:2 -> g0_s0:3
[2026-06-27 15:33:37] MAC FLAP 0e:b5:51:2d:de:c1 g2_s1:1 -> g0_s0:3
[2026-06-27 15:33:37] MAC FLAP 26:5d:e4:45:ce:36 g2_s1:2 -> g0_s0:2
[2026-06-27 15:33:37] MAC FLAP de:b7:9e:0d:91:40 g1_s1:2 -> g0_s0:3
[2026-06-27 15:33:37] MAC FLAP a2:fd:f8:45:71:82 g2_s0:2 -> g0_s0:3
[2026-06-27 15:33:37] MAC FLAP 46:f1:82:c2:d3:40 g2_s1:2 -> g0_s0:3
[2026-06-27 15:33:37] MAC FLAP 86:19:6e:d5:88:af g2_s1:2 -> g0_s0:3
[2026-06-27 15:33:37] MAC FLAP 4a:54:15:e0:cd:00 g2_s1:2 -> g0_s0:2
[2026-06-27 15:33:37] MAC FLAP be:53:c3:59:d0:b1 g0_s1:2 -> g0_s0:3
[2026-06-27 15:33:37] MAC FLAP 3e:73:32:21:dd:33 g2_s1:2 -> g0_s0:1
[2026-06-27 15:33:37] MAC FLAP e2:f9:5a:fa:e8:a9 g0_s0:3 -> g0_s1:2
[2026-06-27 15:33:37] MAC FLAP 0e:b5:51:2d:de:c1 g0_s0:3 -> g0_s1:2
[2026-06-27 15:33:37] MAC FLAP 26:5d:e4:45:ce:36 g0_s0:2 -> g0_s1:1
[2026-06-27 15:33:37] MAC FLAP de:b7:9e:0d:91:40 g0_s0:3 -> g0_s1:2
[2026-06-27 15:33:37] MAC FLAP a2:fd:f8:45:71:82 g0_s0:3 -> g0_s1:2
[2026-06-27 15:33:37] MAC FLAP 46:f1:82:c2:d3:40 g0_s0:3 -> g0_s1:2
[2026-06-27 15:33:37] MAC FLAP 86:19:6e:d5:88:af g0_s0:3 -> g0_s1:2
[2026-06-27 15:33:37] MAC FLAP be:53:c3:59:d0:b1 g0_s0:3 -> g0_s1:2
[2026-06-27 15:33:37] MAC FLAP 3e:73:32:21:dd:33 g0_s0:1 -> g0_s1:2
[2026-06-27 15:33:37] MAC FLAP e2:f9:5a:fa:e8:a9 g0_s1:2 -> g1_s0:1
[2026-06-27 15:33:37] MAC FLAP 0e:b5:51:2d:de:c1 g0_s1:2 -> g1_s0:4
[2026-06-27 15:33:37] MAC FLAP 26:5d:e4:45:ce:36 g0_s1:1 -> g1_s0:3
[2026-06-27 15:33:37] MAC FLAP de:b7:9e:0d:91:40 g0_s1:2 -> g1_s0:4
[2026-06-27 15:33:37] MAC FLAP a2:fd:f8:45:71:82 g0_s1:2 -> g1_s0:4
[2026-06-27 15:33:37] MAC FLAP 46:f1:82:c2:d3:40 g0_s1:2 -> g1_s0:4
[2026-06-27 15:33:37] MAC FLAP 86:19:6e:d5:88:af g0_s1:2 -> g1_s0:2
[2026-06-27 15:33:37] MAC FLAP 4a:54:15:e0:cd:00 g0_s0:2 -> g1_s0:3
[2026-06-27 15:33:38] MAC FLAP 02:d5:fc:c6:25:3c g2_s1:2 -> g1_s0:3
[2026-06-27 15:33:38] MAC FLAP 3e:73:32:21:dd:33 g0_s1:2 -> g1_s0:3
[2026-06-27 15:33:38] MAC FLAP e2:f9:5a:fa:e8:a9 g1_s0:1 -> g1_s1:2
[2026-06-27 15:33:38] MAC FLAP 0e:b5:51:2d:de:c1 g1_s0:4 -> g1_s1:2
[2026-06-27 15:33:38] MAC FLAP 26:5d:e4:45:ce:36 g1_s0:3 -> g1_s1:2
[2026-06-27 15:33:38] MAC FLAP de:b7:9e:0d:91:40 g1_s0:4 -> g1_s1:2
[2026-06-27 15:33:38] MAC FLAP a2:fd:f8:45:71:82 g1_s0:4 -> g1_s1:2
[2026-06-27 15:33:38] MAC FLAP 46:f1:82:c2:d3:40 g1_s0:4 -> g1_s1:2
[2026-06-27 15:33:38] MAC FLAP 4a:54:15:e0:cd:00 g1_s0:3 -> g1_s1:2
[2026-06-27 15:33:38] MAC FLAP 02:d5:fc:c6:25:3c g1_s0:3 -> g1_s1:2
[2026-06-27 15:33:38] MAC FLAP 3e:73:32:21:dd:33 g1_s0:3 -> g1_s1:2
[2026-06-27 15:33:38] MAC FLAP 0e:b5:51:2d:de:c1 g1_s1:2 -> g2_s0:2
[2026-06-27 15:33:38] MAC FLAP e2:f9:5a:fa:e8:a9 g1_s1:2 -> g2_s0:3
[2026-06-27 15:33:38] MAC FLAP 26:5d:e4:45:ce:36 g1_s1:2 -> g2_s0:3
[2026-06-27 15:33:38] MAC FLAP a2:fd:f8:45:71:82 g1_s1:2 -> g2_s0:2
[2026-06-27 15:33:38] MAC FLAP 46:f1:82:c2:d3:40 g1_s1:2 -> g2_s0:1
[2026-06-27 15:33:38] MAC FLAP 86:19:6e:d5:88:af g1_s0:2 -> g2_s0:3
[2026-06-27 15:33:38] MAC FLAP 4a:54:15:e0:cd:00 g1_s1:2 -> g2_s0:3
[2026-06-27 15:33:38] MAC FLAP 02:d5:fc:c6:25:3c g1_s1:2 -> g2_s0:3
[2026-06-27 15:33:38] MAC FLAP 3e:73:32:21:dd:33 g1_s1:2 -> g2_s0:3
[2026-06-27 15:33:38] MAC FLAP 0e:b5:51:2d:de:c1 g2_s0:2 -> g2_s1:1
[2026-06-27 15:33:38] MAC FLAP e2:f9:5a:fa:e8:a9 g2_s0:3 -> g2_s1:2
[2026-06-27 15:33:38] MAC FLAP 26:5d:e4:45:ce:36 g2_s0:3 -> g2_s1:2
[2026-06-27 15:33:38] MAC FLAP 46:f1:82:c2:d3:40 g2_s0:1 -> g2_s1:2
[2026-06-27 15:33:38] MAC FLAP 86:19:6e:d5:88:af g2_s0:3 -> g2_s1:2
[2026-06-27 15:33:38] MAC FLAP 4a:54:15:e0:cd:00 g2_s0:3 -> g2_s1:2
[2026-06-27 15:33:38] MAC FLAP 02:d5:fc:c6:25:3c g2_s0:3 -> g2_s1:2
[2026-06-27 15:33:38] MAC FLAP 3e:73:32:21:dd:33 g2_s0:3 -> g2_s1:2
[2026-06-27 15:33:42] MAC FLAP e2:f9:5a:fa:e8:a9 g2_s1:2 -> g0_s0:3
[2026-06-27 15:33:42] MAC FLAP 0e:b5:51:2d:de:c1 g2_s1:1 -> g0_s0:3
[2026-06-27 15:33:42] MAC FLAP 26:5d:e4:45:ce:36 g2_s1:2 -> g0_s0:2
[2026-06-27 15:33:42] MAC FLAP de:b7:9e:0d:91:40 g1_s1:2 -> g0_s0:3
[2026-06-27 15:33:42] MAC FLAP a2:fd:f8:45:71:82 g2_s0:2 -> g0_s0:3
[2026-06-27 15:33:42] MAC FLAP 46:f1:82:c2:d3:40 g2_s1:2 -> g0_s0:3
[2026-06-27 15:33:42] MAC FLAP 86:19:6e:d5:88:af g2_s1:2 -> g0_s0:3
[2026-06-27 15:33:42] MAC FLAP 4a:54:15:e0:cd:00 g2_s1:2 -> g0_s0:2
[2026-06-27 15:33:42] MAC FLAP be:53:c3:59:d0:b1 g0_s1:2 -> g0_s0:3
[2026-06-27 15:33:42] MAC FLAP 3e:73:32:21:dd:33 g2_s1:2 -> g0_s0:1
[2026-06-27 15:33:42] MAC FLAP e2:f9:5a:fa:e8:a9 g0_s0:3 -> g0_s1:2
[2026-06-27 15:33:42] MAC FLAP 0e:b5:51:2d:de:c1 g0_s0:3 -> g0_s1:2
[2026-06-27 15:33:42] MAC FLAP 26:5d:e4:45:ce:36 g0_s0:2 -> g0_s1:1
[2026-06-27 15:33:42] MAC FLAP de:b7:9e:0d:91:40 g0_s0:3 -> g0_s1:2
[2026-06-27 15:33:42] MAC FLAP a2:fd:f8:45:71:82 g0_s0:3 -> g0_s1:2
[2026-06-27 15:33:42] MAC FLAP 46:f1:82:c2:d3:40 g0_s0:3 -> g0_s1:2
[2026-06-27 15:33:42] MAC FLAP 86:19:6e:d5:88:af g0_s0:3 -> g0_s1:2
[2026-06-27 15:33:42] MAC FLAP be:53:c3:59:d0:b1 g0_s0:3 -> g0_s1:2
[2026-06-27 15:33:42] MAC FLAP 3e:73:32:21:dd:33 g0_s0:1 -> g0_s1:2
[2026-06-27 15:33:42] MAC FLAP e2:f9:5a:fa:e8:a9 g0_s1:2 -> g1_s0:1
[2026-06-27 15:33:42] MAC FLAP 0e:b5:51:2d:de:c1 g0_s1:2 -> g1_s0:4
[2026-06-27 15:33:42] MAC FLAP 26:5d:e4:45:ce:36 g0_s1:1 -> g1_s0:3
[2026-06-27 15:33:42] MAC FLAP de:b7:9e:0d:91:40 g0_s1:2 -> g1_s0:4
[2026-06-27 15:33:42] MAC FLAP a2:fd:f8:45:71:82 g0_s1:2 -> g1_s0:4
[2026-06-27 15:33:42] MAC FLAP 46:f1:82:c2:d3:40 g0_s1:2 -> g1_s0:4
[2026-06-27 15:33:42] MAC FLAP 86:19:6e:d5:88:af g0_s1:2 -> g1_s0:2
[2026-06-27 15:33:42] MAC FLAP 4a:54:15:e0:cd:00 g0_s0:2 -> g1_s0:3
[2026-06-27 15:33:42] MAC FLAP 02:d5:fc:c6:25:3c g2_s1:2 -> g1_s0:3
[2026-06-27 15:33:42] MAC FLAP 3e:73:32:21:dd:33 g0_s1:2 -> g1_s0:3
[2026-06-27 15:33:42] MAC FLAP e2:f9:5a:fa:e8:a9 g1_s0:1 -> g1_s1:2
[2026-06-27 15:33:42] MAC FLAP 0e:b5:51:2d:de:c1 g1_s0:4 -> g1_s1:2
[2026-06-27 15:33:42] MAC FLAP 26:5d:e4:45:ce:36 g1_s0:3 -> g1_s1:2
[2026-06-27 15:33:42] MAC FLAP de:b7:9e:0d:91:40 g1_s0:4 -> g1_s1:2
[2026-06-27 15:33:42] MAC FLAP a2:fd:f8:45:71:82 g1_s0:4 -> g1_s1:2
[2026-06-27 15:33:42] MAC FLAP 46:f1:82:c2:d3:40 g1_s0:4 -> g1_s1:2
[2026-06-27 15:33:42] MAC FLAP 4a:54:15:e0:cd:00 g1_s0:3 -> g1_s1:2
[2026-06-27 15:33:42] MAC FLAP 02:d5:fc:c6:25:3c g1_s0:3 -> g1_s1:2
[2026-06-27 15:33:42] MAC FLAP 3e:73:32:21:dd:33 g1_s0:3 -> g1_s1:2
[2026-06-27 15:33:42] MAC FLAP 0e:b5:51:2d:de:c1 g1_s1:2 -> g2_s0:2
[2026-06-27 15:33:42] MAC FLAP e2:f9:5a:fa:e8:a9 g1_s1:2 -> g2_s0:3
[2026-06-27 15:33:43] MAC FLAP 26:5d:e4:45:ce:36 g1_s1:2 -> g2_s0:3
[2026-06-27 15:33:43] MAC FLAP a2:fd:f8:45:71:82 g1_s1:2 -> g2_s0:2
[2026-06-27 15:33:43] MAC FLAP 46:f1:82:c2:d3:40 g1_s1:2 -> g2_s0:1
[2026-06-27 15:33:43] MAC FLAP 86:19:6e:d5:88:af g1_s0:2 -> g2_s0:3
[2026-06-27 15:33:43] MAC FLAP 4a:54:15:e0:cd:00 g1_s1:2 -> g2_s0:3
[2026-06-27 15:33:43] MAC FLAP 02:d5:fc:c6:25:3c g1_s1:2 -> g2_s0:3
[2026-06-27 15:33:43] MAC FLAP 3e:73:32:21:dd:33 g1_s1:2 -> g2_s0:3
[2026-06-27 15:33:43] MAC FLAP 0e:b5:51:2d:de:c1 g2_s0:2 -> g2_s1:1
[2026-06-27 15:33:43] MAC FLAP e2:f9:5a:fa:e8:a9 g2_s0:3 -> g2_s1:2
[2026-06-27 15:33:43] MAC FLAP 26:5d:e4:45:ce:36 g2_s0:3 -> g2_s1:2
[2026-06-27 15:33:43] MAC FLAP 46:f1:82:c2:d3:40 g2_s0:1 -> g2_s1:2
[2026-06-27 15:33:43] MAC FLAP 86:19:6e:d5:88:af g2_s0:3 -> g2_s1:2
[2026-06-27 15:33:43] MAC FLAP 4a:54:15:e0:cd:00 g2_s0:3 -> g2_s1:2
[2026-06-27 15:33:43] MAC FLAP 02:d5:fc:c6:25:3c g2_s0:3 -> g2_s1:2
[2026-06-27 15:33:43] MAC FLAP 3e:73:32:21:dd:33 g2_s0:3 -> g2_s1:2
[2026-06-27 15:33:48] MAC FLAP e2:f9:5a:fa:e8:a9 g2_s1:2 -> g0_s0:3
[2026-06-27 15:33:48] MAC FLAP 0e:b5:51:2d:de:c1 g2_s1:1 -> g0_s0:3
[2026-06-27 15:33:48] MAC FLAP 26:5d:e4:45:ce:36 g2_s1:2 -> g0_s0:2
[2026-06-27 15:33:48] MAC FLAP de:b7:9e:0d:91:40 g1_s1:2 -> g0_s0:3
[2026-06-27 15:33:48] MAC FLAP a2:fd:f8:45:71:82 g2_s0:2 -> g0_s0:3
[2026-06-27 15:33:48] MAC FLAP 46:f1:82:c2:d3:40 g2_s1:2 -> g0_s0:3
[2026-06-27 15:33:48] MAC FLAP 86:19:6e:d5:88:af g2_s1:2 -> g0_s0:3
[2026-06-27 15:33:48] MAC FLAP 4a:54:15:e0:cd:00 g2_s1:2 -> g0_s0:2
[2026-06-27 15:33:48] MAC FLAP be:53:c3:59:d0:b1 g0_s1:2 -> g0_s0:3
[2026-06-27 15:33:48] MAC FLAP 3e:73:32:21:dd:33 g2_s1:2 -> g0_s0:1
[2026-06-27 15:33:48] MAC FLAP e2:f9:5a:fa:e8:a9 g0_s0:3 -> g0_s1:2
[2026-06-27 15:33:48] MAC FLAP 0e:b5:51:2d:de:c1 g0_s0:3 -> g0_s1:2
[2026-06-27 15:33:48] MAC FLAP 26:5d:e4:45:ce:36 g0_s0:2 -> g0_s1:1
[2026-06-27 15:33:48] MAC FLAP de:b7:9e:0d:91:40 g0_s0:3 -> g0_s1:2
[2026-06-27 15:33:48] MAC FLAP a2:fd:f8:45:71:82 g0_s0:3 -> g0_s1:2
[2026-06-27 15:33:48] MAC FLAP 46:f1:82:c2:d3:40 g0_s0:3 -> g0_s1:2
[2026-06-27 15:33:48] MAC FLAP 86:19:6e:d5:88:af g0_s0:3 -> g0_s1:2
[2026-06-27 15:33:48] MAC FLAP be:53:c3:59:d0:b1 g0_s0:3 -> g0_s1:2
[2026-06-27 15:33:48] MAC FLAP 3e:73:32:21:dd:33 g0_s0:1 -> g0_s1:2
[2026-06-27 15:33:48] MAC FLAP e2:f9:5a:fa:e8:a9 g0_s1:2 -> g1_s0:1
[2026-06-27 15:33:48] MAC FLAP 0e:b5:51:2d:de:c1 g0_s1:2 -> g1_s0:4
[2026-06-27 15:33:48] MAC FLAP 26:5d:e4:45:ce:36 g0_s1:1 -> g1_s0:3
[2026-06-27 15:33:48] MAC FLAP de:b7:9e:0d:91:40 g0_s1:2 -> g1_s0:4
[2026-06-27 15:33:48] MAC FLAP a2:fd:f8:45:71:82 g0_s1:2 -> g1_s0:4
[2026-06-27 15:33:48] MAC FLAP 46:f1:82:c2:d3:40 g0_s1:2 -> g1_s0:4
[2026-06-27 15:33:48] MAC FLAP 86:19:6e:d5:88:af g0_s1:2 -> g1_s0:2
[2026-06-27 15:33:48] MAC FLAP 4a:54:15:e0:cd:00 g0_s0:2 -> g1_s0:3
[2026-06-27 15:33:48] MAC FLAP 02:d5:fc:c6:25:3c g2_s1:2 -> g1_s0:3
[2026-06-27 15:33:48] MAC FLAP 3e:73:32:21:dd:33 g0_s1:2 -> g1_s0:3
[2026-06-27 15:33:48] MAC FLAP e2:f9:5a:fa:e8:a9 g1_s0:1 -> g1_s1:2
[2026-06-27 15:33:48] MAC FLAP 0e:b5:51:2d:de:c1 g1_s0:4 -> g1_s1:2
[2026-06-27 15:33:48] MAC FLAP 26:5d:e4:45:ce:36 g1_s0:3 -> g1_s1:2
[2026-06-27 15:33:48] MAC FLAP de:b7:9e:0d:91:40 g1_s0:4 -> g1_s1:2
[2026-06-27 15:33:48] MAC FLAP a2:fd:f8:45:71:82 g1_s0:4 -> g1_s1:2
[2026-06-27 15:33:48] MAC FLAP 46:f1:82:c2:d3:40 g1_s0:4 -> g1_s1:2
[2026-06-27 15:33:48] MAC FLAP 4a:54:15:e0:cd:00 g1_s0:3 -> g1_s1:2
[2026-06-27 15:33:48] MAC FLAP 02:d5:fc:c6:25:3c g1_s0:3 -> g1_s1:2
[2026-06-27 15:33:48] MAC FLAP 3e:73:32:21:dd:33 g1_s0:3 -> g1_s1:2
[2026-06-27 15:33:49] MAC FLAP 0e:b5:51:2d:de:c1 g1_s1:2 -> g2_s0:2
[2026-06-27 15:33:49] MAC FLAP e2:f9:5a:fa:e8:a9 g1_s1:2 -> g2_s0:3
[2026-06-27 15:33:49] MAC FLAP 26:5d:e4:45:ce:36 g1_s1:2 -> g2_s0:3
[2026-06-27 15:33:49] MAC FLAP a2:fd:f8:45:71:82 g1_s1:2 -> g2_s0:2
[2026-06-27 15:33:49] MAC FLAP 46:f1:82:c2:d3:40 g1_s1:2 -> g2_s0:1
[2026-06-27 15:33:49] MAC FLAP 86:19:6e:d5:88:af g1_s0:2 -> g2_s0:3
[2026-06-27 15:33:49] MAC FLAP 4a:54:15:e0:cd:00 g1_s1:2 -> g2_s0:3
[2026-06-27 15:33:49] MAC FLAP 02:d5:fc:c6:25:3c g1_s1:2 -> g2_s0:3
[2026-06-27 15:33:49] MAC FLAP 3e:73:32:21:dd:33 g1_s1:2 -> g2_s0:3
[2026-06-27 15:33:49] MAC FLAP 0e:b5:51:2d:de:c1 g2_s0:2 -> g2_s1:1
[2026-06-27 15:33:49] MAC FLAP e2:f9:5a:fa:e8:a9 g2_s0:3 -> g2_s1:2
[2026-06-27 15:33:49] MAC FLAP 26:5d:e4:45:ce:36 g2_s0:3 -> g2_s1:2
[2026-06-27 15:33:49] MAC FLAP 46:f1:82:c2:d3:40 g2_s0:1 -> g2_s1:2
[2026-06-27 15:33:49] MAC FLAP 86:19:6e:d5:88:af g2_s0:3 -> g2_s1:2
[2026-06-27 15:33:49] MAC FLAP 4a:54:15:e0:cd:00 g2_s0:3 -> g2_s1:2
[2026-06-27 15:33:49] MAC FLAP 02:d5:fc:c6:25:3c g2_s0:3 -> g2_s1:2
[2026-06-27 15:33:49] MAC FLAP 3e:73:32:21:dd:33 g2_s0:3 -> g2_s1:2
[2026-06-27 15:44:45] Baseline snapshot created (0 entries)
[2026-06-27 15:44:45] LEARNED 56:97:b2:fd:56:61 -> g2_s0:3
[2026-06-27 15:44:45] LEARNED aa:bb:cc:dd:ee:01 -> g0_s0:1
[2026-06-27 15:44:45] Unknown Unicast -> aa:bb:cc:dd:ee:02
[2026-06-27 15:44:45] Unknown Unicast -> aa:bb:cc:dd:ee:03
[2026-06-27 15:44:45] Unknown Unicast -> aa:bb:cc:dd:ee:04
[2026-06-27 15:44:45] Unknown Unicast -> aa:bb:cc:dd:ee:05
[2026-06-27 15:44:46] Unknown Unicast -> aa:bb:cc:dd:ee:06
[2026-06-27 15:44:46] Unknown Unicast -> aa:bb:cc:dd:ee:07
[2026-06-27 15:44:46] Unknown Unicast -> aa:bb:cc:dd:ee:08
[2026-06-27 15:44:46] Cycle Complete | Entries=2 Learned=2 Updated=0 Expired=0 Evicted=0
[2026-06-27 15:44:51] LEARNED aa:bb:cc:dd:ee:02 -> g0_s0:1
[2026-06-27 15:44:51] Unknown Unicast -> aa:bb:cc:dd:ee:03
[2026-06-27 15:44:51] Unknown Unicast -> aa:bb:cc:dd:ee:04
[2026-06-27 15:44:51] Unknown Unicast -> aa:bb:cc:dd:ee:05
[2026-06-27 15:44:51] Unknown Unicast -> aa:bb:cc:dd:ee:06
[2026-06-27 15:44:51] Unknown Unicast -> aa:bb:cc:dd:ee:07
[2026-06-27 15:44:51] Unknown Unicast -> aa:bb:cc:dd:ee:08
[2026-06-27 15:44:51] Cycle Complete | Entries=3 Learned=3 Updated=1 Expired=0 Evicted=0
[2026-06-27 15:44:56] LEARNED 56:88:53:86:fd:f9 -> g0_s0:1
[2026-06-27 15:44:56] LEARNED 6a:67:e2:9c:65:77 -> g0_s0:2
[2026-06-27 15:44:56] LEARNED 3a:65:ff:65:12:b3 -> g1_s0:4
[2026-06-27 15:44:56] LEARNED da:98:19:e9:12:cd -> g1_s0:2
[2026-06-27 15:44:56] LEARNED aa:22:3a:9e:8e:0c -> g1_s1:2
[2026-06-27 15:44:56] LEARNED 06:a6:fb:3c:66:e2 -> g2_s0:2
[2026-06-27 15:44:56] LEARNED d6:0a:76:88:3b:72 -> g2_s1:2
[2026-06-27 15:44:56] LEARNED aa:bb:cc:dd:ee:03 -> g0_s0:1
[2026-06-27 15:44:56] Unknown Unicast -> aa:bb:cc:dd:ee:04
[2026-06-27 15:44:56] Unknown Unicast -> aa:bb:cc:dd:ee:05
[2026-06-27 15:44:56] Unknown Unicast -> aa:bb:cc:dd:ee:06
[2026-06-27 15:44:56] Unknown Unicast -> aa:bb:cc:dd:ee:07
[2026-06-27 15:44:56] Unknown Unicast -> aa:bb:cc:dd:ee:08
[2026-06-27 15:44:56] Cycle Complete | Entries=11 Learned=11 Updated=2 Expired=0 Evicted=0
[2026-06-27 15:45:01] LEARNED de:0b:cc:f4:9f:4e -> g0_s0:3
[2026-06-27 15:45:01] LEARNED ca:bf:8a:2c:3e:73 -> g0_s1:2
[2026-06-27 15:45:01] LEARNED b6:b9:ef:d9:b5:af -> g0_s1:1
[2026-06-27 15:45:01] LEARNED 96:30:be:0e:08:8d -> g1_s0:3
[2026-06-27 15:45:01] LEARNED aa:bb:cc:dd:ee:04 -> g0_s0:1
[2026-06-27 15:45:01] Unknown Unicast -> aa:bb:cc:dd:ee:05
[2026-06-27 15:45:01] Unknown Unicast -> aa:bb:cc:dd:ee:06
[2026-06-27 15:45:01] Unknown Unicast -> aa:bb:cc:dd:ee:07
[2026-06-27 15:45:01] Unknown Unicast -> aa:bb:cc:dd:ee:08
[2026-06-27 15:45:01] Cycle Complete | Entries=16 Learned=16 Updated=10 Expired=0 Evicted=0
[2026-06-27 15:45:06] LEARNED 86:e8:c3:21:4c:7b -> g1_s1:1
[2026-06-27 15:45:07] LEARNED aa:bb:cc:dd:ee:05 -> g0_s0:1
[2026-06-27 15:45:07] Unknown Unicast -> aa:bb:cc:dd:ee:06
[2026-06-27 15:45:07] Unknown Unicast -> aa:bb:cc:dd:ee:07
[2026-06-27 15:45:07] Unknown Unicast -> aa:bb:cc:dd:ee:08
[2026-06-27 15:45:07] Cycle Complete | Entries=18 Learned=18 Updated=22 Expired=0 Evicted=0
[2026-06-27 15:45:12] MAC FLAP 3a:65:ff:65:12:b3 g1_s0:4 -> g0_s0:3
[2026-06-27 15:45:12] MAC FLAP 06:a6:fb:3c:66:e2 g2_s0:2 -> g0_s0:3
[2026-06-27 15:45:12] MAC FLAP 3a:65:ff:65:12:b3 g0_s0:3 -> g0_s1:2
[2026-06-27 15:45:12] MAC FLAP 06:a6:fb:3c:66:e2 g0_s0:3 -> g0_s1:2
[2026-06-27 15:45:12] LEARNED b2:aa:7c:2a:cc:00 -> g1_s0:4
[2026-06-27 15:45:12] MAC FLAP 3a:65:ff:65:12:b3 g0_s1:2 -> g1_s0:4
[2026-06-27 15:45:12] MAC FLAP 06:a6:fb:3c:66:e2 g0_s1:2 -> g1_s0:4
[2026-06-27 15:45:12] MAC FLAP 6a:67:e2:9c:65:77 g0_s0:2 -> g1_s0:3
[2026-06-27 15:45:12] MAC FLAP b6:b9:ef:d9:b5:af g0_s1:1 -> g1_s1:2
[2026-06-27 15:45:12] LEARNED 5a:ef:5a:95:2d:aa -> g1_s1:2
[2026-06-27 15:45:12] MAC FLAP 56:88:53:86:fd:f9 g0_s0:1 -> g1_s1:2
[2026-06-27 15:45:12] LEARNED 6a:52:c0:db:fa:c7 -> g1_s1:2
[2026-06-27 15:45:12] MAC FLAP b2:aa:7c:2a:cc:00 g1_s0:4 -> g1_s1:2
[2026-06-27 15:45:12] MAC FLAP 3a:65:ff:65:12:b3 g1_s0:4 -> g1_s1:2
[2026-06-27 15:45:12] MAC FLAP 06:a6:fb:3c:66:e2 g1_s0:4 -> g1_s1:2
[2026-06-27 15:45:12] MAC FLAP 6a:67:e2:9c:65:77 g1_s0:3 -> g1_s1:2
[2026-06-27 15:45:12] MAC FLAP 06:a6:fb:3c:66:e2 g1_s1:2 -> g2_s0:2
[2026-06-27 15:45:12] MAC FLAP 6a:67:e2:9c:65:77 g1_s1:2 -> g2_s0:3
[2026-06-27 15:45:12] MAC FLAP 6a:67:e2:9c:65:77 g2_s0:3 -> g2_s1:2
[2026-06-27 15:45:12] LEARNED aa:bb:cc:dd:ee:06 -> g0_s0:1
[2026-06-27 15:45:12] Unknown Unicast -> aa:bb:cc:dd:ee:07
[2026-06-27 15:45:12] Unknown Unicast -> aa:bb:cc:dd:ee:08
[2026-06-27 15:45:12] Cycle Complete | Entries=22 Learned=22 Updated=40 Expired=0 Evicted=0
[2026-06-27 15:45:17] MAC FLAP 6a:52:c0:db:fa:c7 g1_s1:2 -> g0_s0:3
[2026-06-27 15:45:17] MAC FLAP b2:aa:7c:2a:cc:00 g1_s1:2 -> g0_s0:3
[2026-06-27 15:45:17] MAC FLAP 86:e8:c3:21:4c:7b g1_s1:1 -> g0_s0:3
[2026-06-27 15:45:17] MAC FLAP 5a:ef:5a:95:2d:aa g1_s1:2 -> g0_s0:3
[2026-06-27 15:45:17] MAC FLAP b6:b9:ef:d9:b5:af g1_s1:2 -> g0_s0:2
[2026-06-27 15:45:17] MAC FLAP 56:88:53:86:fd:f9 g1_s1:2 -> g0_s0:1
[2026-06-27 15:45:17] MAC FLAP 56:88:53:86:fd:f9 g0_s0:1 -> g0_s1:2
[2026-06-27 15:45:17] MAC FLAP 6a:52:c0:db:fa:c7 g0_s0:3 -> g0_s1:2
[2026-06-27 15:45:17] MAC FLAP b2:aa:7c:2a:cc:00 g0_s0:3 -> g0_s1:2
[2026-06-27 15:45:17] MAC FLAP 86:e8:c3:21:4c:7b g0_s0:3 -> g0_s1:2
[2026-06-27 15:45:17] MAC FLAP b6:b9:ef:d9:b5:af g0_s0:2 -> g0_s1:1
[2026-06-27 15:45:17] MAC FLAP 5a:ef:5a:95:2d:aa g0_s0:3 -> g0_s1:2
[2026-06-27 15:45:17] MAC FLAP b2:aa:7c:2a:cc:00 g0_s1:2 -> g1_s0:4
[2026-06-27 15:45:17] MAC FLAP 5a:ef:5a:95:2d:aa g0_s1:2 -> g1_s0:1
[2026-06-27 15:45:17] MAC FLAP 6a:52:c0:db:fa:c7 g0_s1:2 -> g1_s0:4
[2026-06-27 15:45:17] MAC FLAP 86:e8:c3:21:4c:7b g0_s1:2 -> g1_s0:2
[2026-06-27 15:45:17] MAC FLAP b6:b9:ef:d9:b5:af g0_s1:1 -> g1_s0:3
[2026-06-27 15:45:17] MAC FLAP 56:88:53:86:fd:f9 g0_s1:2 -> g1_s0:3
[2026-06-27 15:45:17] MAC FLAP 06:a6:fb:3c:66:e2 g2_s0:2 -> g1_s1:2
[2026-06-27 15:45:17] MAC FLAP 6a:67:e2:9c:65:77 g2_s1:2 -> g1_s1:2
[2026-06-27 15:45:18] MAC FLAP 96:30:be:0e:08:8d g1_s0:3 -> g1_s1:2
[2026-06-27 15:45:18] MAC FLAP 56:88:53:86:fd:f9 g1_s0:3 -> g1_s1:2
[2026-06-27 15:45:18] MAC FLAP b2:aa:7c:2a:cc:00 g1_s0:4 -> g1_s1:2
[2026-06-27 15:45:18] MAC FLAP 86:e8:c3:21:4c:7b g1_s0:2 -> g1_s1:1
[2026-06-27 15:45:18] MAC FLAP 6a:52:c0:db:fa:c7 g1_s0:4 -> g1_s1:2
[2026-06-27 15:45:18] MAC FLAP b6:b9:ef:d9:b5:af g1_s0:3 -> g1_s1:2
[2026-06-27 15:45:18] MAC FLAP 5a:ef:5a:95:2d:aa g1_s0:1 -> g1_s1:2
[2026-06-27 15:45:18] MAC FLAP 6a:52:c0:db:fa:c7 g1_s1:2 -> g2_s0:1
[2026-06-27 15:45:18] MAC FLAP b6:b9:ef:d9:b5:af g1_s1:2 -> g2_s0:3
[2026-06-27 15:45:18] MAC FLAP 5a:ef:5a:95:2d:aa g1_s1:2 -> g2_s0:3
[2026-06-27 15:45:18] MAC FLAP b2:aa:7c:2a:cc:00 g1_s1:2 -> g2_s0:2
[2026-06-27 15:45:18] MAC FLAP 86:e8:c3:21:4c:7b g1_s1:1 -> g2_s0:3
[2026-06-27 15:45:18] MAC FLAP 56:88:53:86:fd:f9 g1_s1:2 -> g2_s0:3
[2026-06-27 15:45:18] MAC FLAP 6a:52:c0:db:fa:c7 g2_s0:1 -> g2_s1:2
[2026-06-27 15:45:18] MAC FLAP b2:aa:7c:2a:cc:00 g2_s0:2 -> g2_s1:1
[2026-06-27 15:45:18] MAC FLAP b6:b9:ef:d9:b5:af g2_s0:3 -> g2_s1:2
[2026-06-27 15:45:18] MAC FLAP 5a:ef:5a:95:2d:aa g2_s0:3 -> g2_s1:2
[2026-06-27 15:45:18] MAC FLAP 56:88:53:86:fd:f9 g2_s0:3 -> g2_s1:2
[2026-06-27 15:45:18] MAC FLAP 86:e8:c3:21:4c:7b g2_s0:3 -> g2_s1:2
[2026-06-27 15:45:18] LEARNED aa:bb:cc:dd:ee:07 -> g0_s0:1
[2026-06-27 15:45:18] Unknown Unicast -> aa:bb:cc:dd:ee:08
[2026-06-27 15:45:18] Cycle Complete | Entries=23 Learned=23 Updated=81 Expired=0 Evicted=0
[2026-06-27 15:45:23] MAC FLAP 56:88:53:86:fd:f9 g2_s1:2 -> g1_s1:2
[2026-06-27 15:45:23] MAC FLAP b2:aa:7c:2a:cc:00 g2_s1:1 -> g1_s1:2
[2026-06-27 15:45:23] MAC FLAP 86:e8:c3:21:4c:7b g2_s1:2 -> g1_s1:1
[2026-06-27 15:45:23] MAC FLAP 6a:52:c0:db:fa:c7 g2_s1:2 -> g1_s1:2
[2026-06-27 15:45:23] MAC FLAP b6:b9:ef:d9:b5:af g2_s1:2 -> g1_s1:2
[2026-06-27 15:45:23] MAC FLAP 5a:ef:5a:95:2d:aa g2_s1:2 -> g1_s1:2
[2026-06-27 15:45:23] LEARNED aa:bb:cc:dd:ee:08 -> g0_s0:1
[2026-06-27 15:45:23] Cycle Complete | Entries=24 Learned=24 Updated=92 Expired=0 Evicted=0
[2026-06-27 15:45:28] Cycle Complete | Entries=24 Learned=24 Updated=103 Expired=0 Evicted=0
[2026-06-27 15:49:33] Baseline snapshot created (44 entries)
[2026-06-27 15:49:33] LEARNED aa:bb:cc:dd:ee:01 -> g0_s0:1
[2026-06-27 15:49:33] LEARNED aa:bb:cc:dd:ee:02 -> g0_s0:2
[2026-06-27 15:49:33] LEARNED aa:bb:cc:dd:ee:03 -> g0_s0:3
[2026-06-27 15:49:33] LEARNED aa:bb:cc:dd:ee:04 -> g0_s0:4
[2026-06-27 15:49:33] LEARNED aa:bb:cc:dd:ee:05 -> g0_s0:5
[2026-06-27 15:49:33] LEARNED aa:bb:cc:dd:ee:06 -> g0_s0:6
[2026-06-27 15:49:34] LEARNED aa:bb:cc:dd:ee:07 -> g0_s0:7
[2026-06-27 15:49:34] LEARNED aa:bb:cc:dd:ee:08 -> g0_s0:8
[2026-06-27 15:49:34] LEARNED 6a:52:c0:db:fa:c7 -> g0_s0:3
[2026-06-27 15:49:34] LEARNED 86:e8:c3:21:4c:7b -> g0_s0:3
[2026-06-27 15:49:34] LEARNED 5a:ef:5a:95:2d:aa -> g0_s0:3
[2026-06-27 15:49:34] LEARNED 56:88:53:86:fd:f9 -> g0_s0:1
[2026-06-27 15:49:34] LEARNED b6:b9:ef:d9:b5:af -> g0_s0:2
[2026-06-27 15:49:34] LEARNED 06:a6:fb:3c:66:e2 -> g0_s0:3
[2026-06-27 15:49:34] LEARNED 6a:67:e2:9c:65:77 -> g0_s0:2
[2026-06-27 15:49:34] LEARNED de:0b:cc:f4:9f:4e -> g0_s0:3
[2026-06-27 15:49:34] LEARNED b2:aa:7c:2a:cc:00 -> g0_s0:3
[2026-06-27 15:49:34] LEARNED da:98:19:e9:12:cd -> g0_s0:3
[2026-06-27 15:49:34] LEARNED 3a:65:ff:65:12:b3 -> g0_s0:3
[2026-06-27 15:49:34] MAC FLAP 6a:52:c0:db:fa:c7 g0_s0:3 -> g0_s1:2
[2026-06-27 15:49:34] MAC FLAP 86:e8:c3:21:4c:7b g0_s0:3 -> g0_s1:2
[2026-06-27 15:49:34] MAC FLAP 5a:ef:5a:95:2d:aa g0_s0:3 -> g0_s1:2
[2026-06-27 15:49:34] MAC FLAP 56:88:53:86:fd:f9 g0_s0:1 -> g0_s1:2
[2026-06-27 15:49:34] MAC FLAP b6:b9:ef:d9:b5:af g0_s0:2 -> g0_s1:1
[2026-06-27 15:49:34] MAC FLAP 06:a6:fb:3c:66:e2 g0_s0:3 -> g0_s1:2
[2026-06-27 15:49:34] LEARNED ca:bf:8a:2c:3e:73 -> g0_s1:2
[2026-06-27 15:49:34] MAC FLAP de:0b:cc:f4:9f:4e g0_s0:3 -> g0_s1:2
[2026-06-27 15:49:34] MAC FLAP b2:aa:7c:2a:cc:00 g0_s0:3 -> g0_s1:2
[2026-06-27 15:49:34] MAC FLAP da:98:19:e9:12:cd g0_s0:3 -> g0_s1:2
[2026-06-27 15:49:34] MAC FLAP 3a:65:ff:65:12:b3 g0_s0:3 -> g0_s1:2
[2026-06-27 15:49:34] MAC FLAP 6a:52:c0:db:fa:c7 g0_s1:2 -> g1_s0:4
[2026-06-27 15:49:34] MAC FLAP 86:e8:c3:21:4c:7b g0_s1:2 -> g1_s0:2
[2026-06-27 15:49:34] MAC FLAP 5a:ef:5a:95:2d:aa g0_s1:2 -> g1_s0:1
[2026-06-27 15:49:34] MAC FLAP 56:88:53:86:fd:f9 g0_s1:2 -> g1_s0:3
[2026-06-27 15:49:34] MAC FLAP b6:b9:ef:d9:b5:af g0_s1:1 -> g1_s0:3
[2026-06-27 15:49:34] MAC FLAP 06:a6:fb:3c:66:e2 g0_s1:2 -> g1_s0:4
[2026-06-27 15:49:34] MAC FLAP 6a:67:e2:9c:65:77 g0_s0:2 -> g1_s0:3
[2026-06-27 15:49:34] LEARNED 96:30:be:0e:08:8d -> g1_s0:3
[2026-06-27 15:49:34] MAC FLAP b2:aa:7c:2a:cc:00 g0_s1:2 -> g1_s0:4
[2026-06-27 15:49:34] MAC FLAP 3a:65:ff:65:12:b3 g0_s1:2 -> g1_s0:4
[2026-06-27 15:49:34] MAC FLAP da:98:19:e9:12:cd g0_s1:2 -> g1_s0:2
[2026-06-27 15:49:34] MAC FLAP 6a:52:c0:db:fa:c7 g1_s0:4 -> g1_s1:2
[2026-06-27 15:49:34] MAC FLAP 86:e8:c3:21:4c:7b g1_s0:2 -> g1_s1:1
[2026-06-27 15:49:34] MAC FLAP 5a:ef:5a:95:2d:aa g1_s0:1 -> g1_s1:2
[2026-06-27 15:49:34] MAC FLAP 56:88:53:86:fd:f9 g1_s0:3 -> g1_s1:2
[2026-06-27 15:49:34] MAC FLAP b6:b9:ef:d9:b5:af g1_s0:3 -> g1_s1:2
[2026-06-27 15:49:34] MAC FLAP 06:a6:fb:3c:66:e2 g1_s0:4 -> g1_s1:2
[2026-06-27 15:49:34] MAC FLAP 6a:67:e2:9c:65:77 g1_s0:3 -> g1_s1:2
[2026-06-27 15:49:34] LEARNED aa:22:3a:9e:8e:0c -> g1_s1:2
[2026-06-27 15:49:34] MAC FLAP 96:30:be:0e:08:8d g1_s0:3 -> g1_s1:2
[2026-06-27 15:49:34] MAC FLAP b2:aa:7c:2a:cc:00 g1_s0:4 -> g1_s1:2
[2026-06-27 15:49:34] MAC FLAP 3a:65:ff:65:12:b3 g1_s0:4 -> g1_s1:2
[2026-06-27 15:49:34] MAC FLAP 6a:52:c0:db:fa:c7 g1_s1:2 -> g2_s0:1
[2026-06-27 15:49:34] MAC FLAP 86:e8:c3:21:4c:7b g1_s1:1 -> g2_s0:3
[2026-06-27 15:49:34] MAC FLAP 5a:ef:5a:95:2d:aa g1_s1:2 -> g2_s0:3
[2026-06-27 15:49:35] MAC FLAP 56:88:53:86:fd:f9 g1_s1:2 -> g2_s0:3
[2026-06-27 15:49:35] MAC FLAP b6:b9:ef:d9:b5:af g1_s1:2 -> g2_s0:3
[2026-06-27 15:49:35] LEARNED 56:97:b2:fd:56:61 -> g2_s0:3
[2026-06-27 15:49:35] MAC FLAP 06:a6:fb:3c:66:e2 g1_s1:2 -> g2_s0:2
[2026-06-27 15:49:35] MAC FLAP 6a:67:e2:9c:65:77 g1_s1:2 -> g2_s0:3
[2026-06-27 15:49:35] MAC FLAP 96:30:be:0e:08:8d g1_s1:2 -> g2_s0:3
[2026-06-27 15:49:35] MAC FLAP b2:aa:7c:2a:cc:00 g1_s1:2 -> g2_s0:2
[2026-06-27 15:49:35] MAC FLAP da:98:19:e9:12:cd g1_s0:2 -> g2_s0:3
[2026-06-27 15:49:35] MAC FLAP 6a:52:c0:db:fa:c7 g2_s0:1 -> g2_s1:2
[2026-06-27 15:49:35] MAC FLAP 86:e8:c3:21:4c:7b g2_s0:3 -> g2_s1:2
[2026-06-27 15:49:35] MAC FLAP 5a:ef:5a:95:2d:aa g2_s0:3 -> g2_s1:2
[2026-06-27 15:49:35] MAC FLAP 56:88:53:86:fd:f9 g2_s0:3 -> g2_s1:2
[2026-06-27 15:49:35] MAC FLAP b6:b9:ef:d9:b5:af g2_s0:3 -> g2_s1:2
[2026-06-27 15:49:35] MAC FLAP 56:97:b2:fd:56:61 g2_s0:3 -> g2_s1:2
[2026-06-27 15:49:35] MAC FLAP 6a:67:e2:9c:65:77 g2_s0:3 -> g2_s1:2
[2026-06-27 15:49:35] MAC FLAP 96:30:be:0e:08:8d g2_s0:3 -> g2_s1:2
[2026-06-27 15:49:35] MAC FLAP b2:aa:7c:2a:cc:00 g2_s0:2 -> g2_s1:1
[2026-06-27 15:49:35] LEARNED d6:0a:76:88:3b:72 -> g2_s1:2
[2026-06-27 15:49:35] MAC FLAP da:98:19:e9:12:cd g2_s0:3 -> g2_s1:2
[2026-06-27 15:49:35] Cycle Complete | Entries=24 Learned=24 Updated=50 Expired=0 Evicted=0
[2026-06-27 15:49:40] MAC FLAP 6a:52:c0:db:fa:c7 g2_s1:2 -> g0_s0:3
[2026-06-27 15:49:40] MAC FLAP 86:e8:c3:21:4c:7b g2_s1:2 -> g0_s0:3
[2026-06-27 15:49:40] MAC FLAP 5a:ef:5a:95:2d:aa g2_s1:2 -> g0_s0:3
[2026-06-27 15:49:40] MAC FLAP 56:88:53:86:fd:f9 g2_s1:2 -> g0_s0:1
[2026-06-27 15:49:40] MAC FLAP b6:b9:ef:d9:b5:af g2_s1:2 -> g0_s0:2
[2026-06-27 15:49:40] MAC FLAP 06:a6:fb:3c:66:e2 g2_s0:2 -> g0_s0:3
[2026-06-27 15:49:40] MAC FLAP 6a:67:e2:9c:65:77 g2_s1:2 -> g0_s0:2
[2026-06-27 15:49:40] MAC FLAP de:0b:cc:f4:9f:4e g0_s1:2 -> g0_s0:3
[2026-06-27 15:49:40] MAC FLAP b2:aa:7c:2a:cc:00 g2_s1:1 -> g0_s0:3
[2026-06-27 15:49:40] MAC FLAP da:98:19:e9:12:cd g2_s1:2 -> g0_s0:3
[2026-06-27 15:49:40] MAC FLAP 3a:65:ff:65:12:b3 g1_s1:2 -> g0_s0:3
[2026-06-27 15:49:40] MAC FLAP 6a:52:c0:db:fa:c7 g0_s0:3 -> g0_s1:2
[2026-06-27 15:49:40] MAC FLAP 86:e8:c3:21:4c:7b g0_s0:3 -> g0_s1:2
[2026-06-27 15:49:40] MAC FLAP 5a:ef:5a:95:2d:aa g0_s0:3 -> g0_s1:2
[2026-06-27 15:49:40] MAC FLAP 56:88:53:86:fd:f9 g0_s0:1 -> g0_s1:2
[2026-06-27 15:49:40] MAC FLAP b6:b9:ef:d9:b5:af g0_s0:2 -> g0_s1:1
[2026-06-27 15:49:40] MAC FLAP 06:a6:fb:3c:66:e2 g0_s0:3 -> g0_s1:2
[2026-06-27 15:49:40] MAC FLAP de:0b:cc:f4:9f:4e g0_s0:3 -> g0_s1:2
[2026-06-27 15:49:40] MAC FLAP b2:aa:7c:2a:cc:00 g0_s0:3 -> g0_s1:2
[2026-06-27 15:49:40] MAC FLAP da:98:19:e9:12:cd g0_s0:3 -> g0_s1:2
[2026-06-27 15:49:40] MAC FLAP 3a:65:ff:65:12:b3 g0_s0:3 -> g0_s1:2
[2026-06-27 15:49:40] MAC FLAP 6a:52:c0:db:fa:c7 g0_s1:2 -> g1_s0:4
[2026-06-27 15:49:40] MAC FLAP 86:e8:c3:21:4c:7b g0_s1:2 -> g1_s0:2
[2026-06-27 15:49:40] MAC FLAP 5a:ef:5a:95:2d:aa g0_s1:2 -> g1_s0:1
[2026-06-27 15:49:40] MAC FLAP 56:88:53:86:fd:f9 g0_s1:2 -> g1_s0:3
[2026-06-27 15:49:40] MAC FLAP b6:b9:ef:d9:b5:af g0_s1:1 -> g1_s0:3
[2026-06-27 15:49:40] MAC FLAP 06:a6:fb:3c:66:e2 g0_s1:2 -> g1_s0:4
[2026-06-27 15:49:40] MAC FLAP 6a:67:e2:9c:65:77 g0_s0:2 -> g1_s0:3
[2026-06-27 15:49:40] MAC FLAP 96:30:be:0e:08:8d g2_s1:2 -> g1_s0:3
[2026-06-27 15:49:40] MAC FLAP b2:aa:7c:2a:cc:00 g0_s1:2 -> g1_s0:4
[2026-06-27 15:49:40] MAC FLAP 3a:65:ff:65:12:b3 g0_s1:2 -> g1_s0:4
[2026-06-27 15:49:40] MAC FLAP da:98:19:e9:12:cd g0_s1:2 -> g1_s0:2
[2026-06-27 15:49:40] MAC FLAP 6a:52:c0:db:fa:c7 g1_s0:4 -> g1_s1:2
[2026-06-27 15:49:41] MAC FLAP 86:e8:c3:21:4c:7b g1_s0:2 -> g1_s1:1
[2026-06-27 15:49:41] MAC FLAP 5a:ef:5a:95:2d:aa g1_s0:1 -> g1_s1:2
[2026-06-27 15:49:41] MAC FLAP 56:88:53:86:fd:f9 g1_s0:3 -> g1_s1:2
[2026-06-27 15:49:41] MAC FLAP b6:b9:ef:d9:b5:af g1_s0:3 -> g1_s1:2
[2026-06-27 15:49:41] MAC FLAP 06:a6:fb:3c:66:e2 g1_s0:4 -> g1_s1:2
[2026-06-27 15:49:41] MAC FLAP 6a:67:e2:9c:65:77 g1_s0:3 -> g1_s1:2
[2026-06-27 15:49:41] MAC FLAP 96:30:be:0e:08:8d g1_s0:3 -> g1_s1:2
[2026-06-27 15:49:41] MAC FLAP b2:aa:7c:2a:cc:00 g1_s0:4 -> g1_s1:2
[2026-06-27 15:49:41] MAC FLAP 3a:65:ff:65:12:b3 g1_s0:4 -> g1_s1:2
[2026-06-27 15:49:41] MAC FLAP 6a:52:c0:db:fa:c7 g1_s1:2 -> g2_s0:1
[2026-06-27 15:49:41] MAC FLAP 86:e8:c3:21:4c:7b g1_s1:1 -> g2_s0:3
[2026-06-27 15:49:41] MAC FLAP 5a:ef:5a:95:2d:aa g1_s1:2 -> g2_s0:3
[2026-06-27 15:49:41] MAC FLAP 56:88:53:86:fd:f9 g1_s1:2 -> g2_s0:3
[2026-06-27 15:49:41] MAC FLAP b6:b9:ef:d9:b5:af g1_s1:2 -> g2_s0:3
[2026-06-27 15:49:41] MAC FLAP 56:97:b2:fd:56:61 g2_s1:2 -> g2_s0:3
[2026-06-27 15:49:41] MAC FLAP 06:a6:fb:3c:66:e2 g1_s1:2 -> g2_s0:2
[2026-06-27 15:49:41] MAC FLAP 6a:67:e2:9c:65:77 g1_s1:2 -> g2_s0:3
[2026-06-27 15:49:41] MAC FLAP 96:30:be:0e:08:8d g1_s1:2 -> g2_s0:3
[2026-06-27 15:49:41] MAC FLAP b2:aa:7c:2a:cc:00 g1_s1:2 -> g2_s0:2
[2026-06-27 15:49:41] MAC FLAP da:98:19:e9:12:cd g1_s0:2 -> g2_s0:3
[2026-06-27 15:49:41] MAC FLAP 6a:52:c0:db:fa:c7 g2_s0:1 -> g2_s1:2
[2026-06-27 15:49:41] MAC FLAP 86:e8:c3:21:4c:7b g2_s0:3 -> g2_s1:2
[2026-06-27 15:49:41] MAC FLAP 5a:ef:5a:95:2d:aa g2_s0:3 -> g2_s1:2
[2026-06-27 15:49:41] MAC FLAP 56:88:53:86:fd:f9 g2_s0:3 -> g2_s1:2
[2026-06-27 15:49:41] MAC FLAP b6:b9:ef:d9:b5:af g2_s0:3 -> g2_s1:2
[2026-06-27 15:49:41] MAC FLAP 56:97:b2:fd:56:61 g2_s0:3 -> g2_s1:2
[2026-06-27 15:49:41] MAC FLAP 6a:67:e2:9c:65:77 g2_s0:3 -> g2_s1:2
[2026-06-27 15:49:41] MAC FLAP 96:30:be:0e:08:8d g2_s0:3 -> g2_s1:2
[2026-06-27 15:49:41] MAC FLAP b2:aa:7c:2a:cc:00 g2_s0:2 -> g2_s1:1
[2026-06-27 15:49:41] MAC FLAP da:98:19:e9:12:cd g2_s0:3 -> g2_s1:2
[2026-06-27 15:49:41] Cycle Complete | Entries=24 Learned=24 Updated=116 Expired=0 Evicted=0
[2026-06-27 15:50:26] Baseline snapshot created (0 entries)
[2026-06-27 15:50:26] LEARNED aa:bb:cc:dd:ee:01 -> g0_s0:1
[2026-06-27 15:50:26] LEARNED aa:bb:cc:dd:ee:02 -> g0_s0:2
[2026-06-27 15:50:26] LEARNED aa:bb:cc:dd:ee:03 -> g0_s0:3
[2026-06-27 15:50:26] LEARNED aa:bb:cc:dd:ee:04 -> g0_s0:4
[2026-06-27 15:50:26] LEARNED aa:bb:cc:dd:ee:05 -> g0_s0:5
[2026-06-27 15:50:26] LEARNED aa:bb:cc:dd:ee:06 -> g0_s0:6
[2026-06-27 15:50:26] LEARNED aa:bb:cc:dd:ee:07 -> g0_s0:7
[2026-06-27 15:50:26] LEARNED aa:bb:cc:dd:ee:08 -> g0_s0:8
[2026-06-27 15:50:26] Cycle Complete | Entries=8 Learned=8 Updated=0 Expired=0 Evicted=0
[2026-06-27 15:50:31] LEARNED 06:de:e5:2c:ad:08 -> g0_s0:1
[2026-06-27 15:50:31] LEARNED b2:b8:6a:7f:7d:5f -> g1_s1:2
[2026-06-27 15:50:31] LEARNED ce:0d:14:30:90:36 -> g2_s0:3
[2026-06-27 15:50:31] LEARNED 0e:f4:c7:1f:f0:9f -> g2_s1:2
[2026-06-27 15:50:31] Cycle Complete | Entries=12 Learned=12 Updated=0 Expired=0 Evicted=0
[2026-06-27 15:50:37] LEARNED f2:ca:84:6e:4e:78 -> g0_s0:3
[2026-06-27 15:50:37] LEARNED 66:4b:b9:cd:36:cd -> g0_s0:2
[2026-06-27 15:50:37] LEARNED 8a:f9:a5:7e:9f:75 -> g0_s1:2
[2026-06-27 15:50:37] LEARNED c2:c6:98:6c:26:d5 -> g0_s1:1
[2026-06-27 15:50:37] LEARNED d2:8b:e8:1a:e4:93 -> g1_s0:3
[2026-06-27 15:50:37] LEARNED 06:d4:67:e8:04:67 -> g1_s0:4
[2026-06-27 15:50:37] LEARNED 8a:f4:91:d7:27:57 -> g1_s0:2
[2026-06-27 15:50:37] LEARNED 42:78:21:a5:52:30 -> g2_s0:2
[2026-06-27 15:50:37] Cycle Complete | Entries=20 Learned=20 Updated=4 Expired=0 Evicted=0
[2026-06-27 15:50:42] Cycle Complete | Entries=20 Learned=20 Updated=16 Expired=0 Evicted=0
[2026-06-27 15:53:55] Baseline snapshot created (44 entries)
[2026-06-27 15:53:55] LEARNED 06:de:e5:2c:ad:08 -> g0_s0:1
[2026-06-27 15:53:55] LEARNED 9a:df:61:2e:3e:6f -> g0_s0:3
[2026-06-27 15:53:55] LEARNED 66:4b:b9:cd:36:cd -> g0_s0:2
[2026-06-27 15:53:55] LEARNED 42:78:21:a5:52:30 -> g0_s0:3
[2026-06-27 15:53:55] LEARNED c2:c6:98:6c:26:d5 -> g0_s0:2
[2026-06-27 15:53:55] LEARNED 9a:7d:77:4c:c7:7b -> g0_s0:3
[2026-06-27 15:53:55] LEARNED 8a:f4:91:d7:27:57 -> g0_s0:3
[2026-06-27 15:53:55] LEARNED 8e:8d:5e:13:40:bc -> g0_s0:3
[2026-06-27 15:53:55] LEARNED d2:99:5a:73:51:ad -> g0_s0:3
[2026-06-27 15:53:55] LEARNED 06:d4:67:e8:04:67 -> g0_s0:3
[2026-06-27 15:53:55] LEARNED f2:ca:84:6e:4e:78 -> g0_s0:3
[2026-06-27 15:53:55] MAC FLAP 06:de:e5:2c:ad:08 g0_s0:1 -> g0_s1:2
[2026-06-27 15:53:55] MAC FLAP 9a:df:61:2e:3e:6f g0_s0:3 -> g0_s1:2
[2026-06-27 15:53:55] MAC FLAP 42:78:21:a5:52:30 g0_s0:3 -> g0_s1:2
[2026-06-27 15:53:55] MAC FLAP c2:c6:98:6c:26:d5 g0_s0:2 -> g0_s1:1
[2026-06-27 15:53:55] MAC FLAP 9a:7d:77:4c:c7:7b g0_s0:3 -> g0_s1:2
[2026-06-27 15:53:55] MAC FLAP 8a:f4:91:d7:27:57 g0_s0:3 -> g0_s1:2
[2026-06-27 15:53:55] LEARNED 8a:f9:a5:7e:9f:75 -> g0_s1:2
[2026-06-27 15:53:55] MAC FLAP 8e:8d:5e:13:40:bc g0_s0:3 -> g0_s1:2
[2026-06-27 15:53:55] MAC FLAP d2:99:5a:73:51:ad g0_s0:3 -> g0_s1:2
[2026-06-27 15:53:55] MAC FLAP 06:d4:67:e8:04:67 g0_s0:3 -> g0_s1:2
[2026-06-27 15:53:55] MAC FLAP f2:ca:84:6e:4e:78 g0_s0:3 -> g0_s1:2
[2026-06-27 15:53:55] MAC FLAP 06:de:e5:2c:ad:08 g0_s1:2 -> g1_s0:3
[2026-06-27 15:53:55] MAC FLAP 9a:df:61:2e:3e:6f g0_s1:2 -> g1_s0:1
[2026-06-27 15:53:55] LEARNED d2:8b:e8:1a:e4:93 -> g1_s0:3
[2026-06-27 15:53:55] MAC FLAP 66:4b:b9:cd:36:cd g0_s0:2 -> g1_s0:3
[2026-06-27 15:53:56] MAC FLAP 42:78:21:a5:52:30 g0_s1:2 -> g1_s0:4
[2026-06-27 15:53:56] MAC FLAP c2:c6:98:6c:26:d5 g0_s1:1 -> g1_s0:3
[2026-06-27 15:53:56] MAC FLAP 9a:7d:77:4c:c7:7b g0_s1:2 -> g1_s0:2
[2026-06-27 15:53:56] MAC FLAP 8a:f4:91:d7:27:57 g0_s1:2 -> g1_s0:2
[2026-06-27 15:53:56] MAC FLAP 8e:8d:5e:13:40:bc g0_s1:2 -> g1_s0:4
[2026-06-27 15:53:56] MAC FLAP d2:99:5a:73:51:ad g0_s1:2 -> g1_s0:4
[2026-06-27 15:53:56] MAC FLAP 06:d4:67:e8:04:67 g0_s1:2 -> g1_s0:4
[2026-06-27 15:53:56] MAC FLAP 06:de:e5:2c:ad:08 g1_s0:3 -> g1_s1:2
[2026-06-27 15:53:56] MAC FLAP 9a:df:61:2e:3e:6f g1_s0:1 -> g1_s1:2
[2026-06-27 15:53:56] LEARNED b2:b8:6a:7f:7d:5f -> g1_s1:2
[2026-06-27 15:53:56] MAC FLAP d2:8b:e8:1a:e4:93 g1_s0:3 -> g1_s1:2
[2026-06-27 15:53:56] MAC FLAP 66:4b:b9:cd:36:cd g1_s0:3 -> g1_s1:2
[2026-06-27 15:53:56] MAC FLAP 42:78:21:a5:52:30 g1_s0:4 -> g1_s1:2
[2026-06-27 15:53:56] MAC FLAP c2:c6:98:6c:26:d5 g1_s0:3 -> g1_s1:2
[2026-06-27 15:53:56] MAC FLAP 9a:7d:77:4c:c7:7b g1_s0:2 -> g1_s1:1
[2026-06-27 15:53:56] MAC FLAP 8e:8d:5e:13:40:bc g1_s0:4 -> g1_s1:2
[2026-06-27 15:53:56] MAC FLAP d2:99:5a:73:51:ad g1_s0:4 -> g1_s1:2
[2026-06-27 15:53:56] MAC FLAP 06:d4:67:e8:04:67 g1_s0:4 -> g1_s1:2
[2026-06-27 15:53:56] MAC FLAP 06:de:e5:2c:ad:08 g1_s1:2 -> g2_s0:3
[2026-06-27 15:53:56] MAC FLAP 9a:df:61:2e:3e:6f g1_s1:2 -> g2_s0:3
[2026-06-27 15:53:56] LEARNED ce:0d:14:30:90:36 -> g2_s0:3
[2026-06-27 15:53:56] MAC FLAP d2:8b:e8:1a:e4:93 g1_s1:2 -> g2_s0:3
[2026-06-27 15:53:56] MAC FLAP 66:4b:b9:cd:36:cd g1_s1:2 -> g2_s0:3
[2026-06-27 15:53:56] MAC FLAP 42:78:21:a5:52:30 g1_s1:2 -> g2_s0:2
[2026-06-27 15:53:56] MAC FLAP c2:c6:98:6c:26:d5 g1_s1:2 -> g2_s0:3
[2026-06-27 15:53:56] MAC FLAP 9a:7d:77:4c:c7:7b g1_s1:1 -> g2_s0:3
[2026-06-27 15:53:56] MAC FLAP 8a:f4:91:d7:27:57 g1_s0:2 -> g2_s0:3
[2026-06-27 15:53:56] MAC FLAP 8e:8d:5e:13:40:bc g1_s1:2 -> g2_s0:1
[2026-06-27 15:53:56] MAC FLAP d2:99:5a:73:51:ad g1_s1:2 -> g2_s0:2
[2026-06-27 15:53:56] MAC FLAP 06:de:e5:2c:ad:08 g2_s0:3 -> g2_s1:2
[2026-06-27 15:53:56] MAC FLAP 9a:df:61:2e:3e:6f g2_s0:3 -> g2_s1:2
[2026-06-27 15:53:56] LEARNED 0e:f4:c7:1f:f0:9f -> g2_s1:2
[2026-06-27 15:53:56] MAC FLAP ce:0d:14:30:90:36 g2_s0:3 -> g2_s1:2
[2026-06-27 15:53:56] MAC FLAP d2:8b:e8:1a:e4:93 g2_s0:3 -> g2_s1:2
[2026-06-27 15:53:56] MAC FLAP 66:4b:b9:cd:36:cd g2_s0:3 -> g2_s1:2
[2026-06-27 15:53:56] MAC FLAP c2:c6:98:6c:26:d5 g2_s0:3 -> g2_s1:2
[2026-06-27 15:53:56] MAC FLAP 9a:7d:77:4c:c7:7b g2_s0:3 -> g2_s1:2
[2026-06-27 15:53:56] MAC FLAP 8a:f4:91:d7:27:57 g2_s0:3 -> g2_s1:2
[2026-06-27 15:53:56] MAC FLAP d2:99:5a:73:51:ad g2_s0:2 -> g2_s1:1
[2026-06-27 15:53:56] MAC FLAP 8e:8d:5e:13:40:bc g2_s0:1 -> g2_s1:2
[2026-06-27 15:53:56] Unknown Unicast -> aa:bb:cc:dd:ee:01
[2026-06-27 15:53:56] LEARNED aa:bb:cc:dd:ee:01 -> g0_s0:1
[2026-06-27 15:53:56] Unknown Unicast -> aa:bb:cc:dd:ee:02
[2026-06-27 15:53:56] LEARNED aa:bb:cc:dd:ee:02 -> g0_s0:1
[2026-06-27 15:53:56] Unknown Unicast -> aa:bb:cc:dd:ee:03
[2026-06-27 15:53:56] LEARNED aa:bb:cc:dd:ee:03 -> g0_s0:1
[2026-06-27 15:53:56] Unknown Unicast -> aa:bb:cc:dd:ee:04
[2026-06-27 15:53:56] LEARNED aa:bb:cc:dd:ee:04 -> g0_s0:1
[2026-06-27 15:53:56] Unknown Unicast -> aa:bb:cc:dd:ee:05
[2026-06-27 15:53:56] LEARNED aa:bb:cc:dd:ee:05 -> g0_s0:1
[2026-06-27 15:53:56] Unknown Unicast -> aa:bb:cc:dd:ee:06
[2026-06-27 15:53:56] LEARNED aa:bb:cc:dd:ee:06 -> g0_s0:1
[2026-06-27 15:53:56] Unknown Unicast -> aa:bb:cc:dd:ee:07
[2026-06-27 15:53:56] LEARNED aa:bb:cc:dd:ee:07 -> g0_s0:1
[2026-06-27 15:53:57] Unknown Unicast -> aa:bb:cc:dd:ee:08
[2026-06-27 15:53:57] LEARNED aa:bb:cc:dd:ee:08 -> g0_s0:1
[2026-06-27 15:53:57] Cycle Complete | Entries=24 Learned=24 Updated=50 Expired=0 Evicted=0
[2026-06-27 15:54:02] MAC FLAP 06:de:e5:2c:ad:08 g2_s1:2 -> g0_s0:1
[2026-06-27 15:54:02] MAC FLAP 9a:df:61:2e:3e:6f g2_s1:2 -> g0_s0:3
[2026-06-27 15:54:02] MAC FLAP 66:4b:b9:cd:36:cd g2_s1:2 -> g0_s0:2
[2026-06-27 15:54:02] MAC FLAP 42:78:21:a5:52:30 g2_s0:2 -> g0_s0:3
[2026-06-27 15:54:02] MAC FLAP c2:c6:98:6c:26:d5 g2_s1:2 -> g0_s0:2
[2026-06-27 15:54:02] MAC FLAP 9a:7d:77:4c:c7:7b g2_s1:2 -> g0_s0:3
[2026-06-27 15:54:02] MAC FLAP 8a:f4:91:d7:27:57 g2_s1:2 -> g0_s0:3
[2026-06-27 15:54:02] MAC FLAP 8e:8d:5e:13:40:bc g2_s1:2 -> g0_s0:3
[2026-06-27 15:54:02] MAC FLAP d2:99:5a:73:51:ad g2_s1:1 -> g0_s0:3
[2026-06-27 15:54:02] MAC FLAP 06:d4:67:e8:04:67 g1_s1:2 -> g0_s0:3
[2026-06-27 15:54:02] MAC FLAP f2:ca:84:6e:4e:78 g0_s1:2 -> g0_s0:3
[2026-06-27 15:54:02] MAC FLAP 06:de:e5:2c:ad:08 g0_s0:1 -> g0_s1:2
[2026-06-27 15:54:02] MAC FLAP 9a:df:61:2e:3e:6f g0_s0:3 -> g0_s1:2
[2026-06-27 15:54:02] MAC FLAP 42:78:21:a5:52:30 g0_s0:3 -> g0_s1:2
[2026-06-27 15:54:02] MAC FLAP c2:c6:98:6c:26:d5 g0_s0:2 -> g0_s1:1
[2026-06-27 15:54:02] MAC FLAP 9a:7d:77:4c:c7:7b g0_s0:3 -> g0_s1:2
[2026-06-27 15:54:02] MAC FLAP 8a:f4:91:d7:27:57 g0_s0:3 -> g0_s1:2
[2026-06-27 15:54:02] MAC FLAP 8e:8d:5e:13:40:bc g0_s0:3 -> g0_s1:2
[2026-06-27 15:54:02] MAC FLAP d2:99:5a:73:51:ad g0_s0:3 -> g0_s1:2
[2026-06-27 15:54:02] MAC FLAP 06:d4:67:e8:04:67 g0_s0:3 -> g0_s1:2
[2026-06-27 15:54:02] MAC FLAP f2:ca:84:6e:4e:78 g0_s0:3 -> g0_s1:2
[2026-06-27 15:54:02] MAC FLAP 06:de:e5:2c:ad:08 g0_s1:2 -> g1_s0:3
[2026-06-27 15:54:02] MAC FLAP 9a:df:61:2e:3e:6f g0_s1:2 -> g1_s0:1
[2026-06-27 15:54:02] MAC FLAP d2:8b:e8:1a:e4:93 g2_s1:2 -> g1_s0:3
[2026-06-27 15:54:02] MAC FLAP 66:4b:b9:cd:36:cd g0_s0:2 -> g1_s0:3
[2026-06-27 15:54:02] MAC FLAP 42:78:21:a5:52:30 g0_s1:2 -> g1_s0:4
[2026-06-27 15:54:02] MAC FLAP c2:c6:98:6c:26:d5 g0_s1:1 -> g1_s0:3
[2026-06-27 15:54:02] MAC FLAP 9a:7d:77:4c:c7:7b g0_s1:2 -> g1_s0:2
[2026-06-27 15:54:02] MAC FLAP 8a:f4:91:d7:27:57 g0_s1:2 -> g1_s0:2
[2026-06-27 15:54:02] MAC FLAP 8e:8d:5e:13:40:bc g0_s1:2 -> g1_s0:4
[2026-06-27 15:54:02] MAC FLAP d2:99:5a:73:51:ad g0_s1:2 -> g1_s0:4
[2026-06-27 15:54:02] MAC FLAP 06:d4:67:e8:04:67 g0_s1:2 -> g1_s0:4
[2026-06-27 15:54:02] MAC FLAP 06:de:e5:2c:ad:08 g1_s0:3 -> g1_s1:2
[2026-06-27 15:54:02] MAC FLAP 9a:df:61:2e:3e:6f g1_s0:1 -> g1_s1:2
[2026-06-27 15:54:02] MAC FLAP d2:8b:e8:1a:e4:93 g1_s0:3 -> g1_s1:2
[2026-06-27 15:54:02] MAC FLAP 66:4b:b9:cd:36:cd g1_s0:3 -> g1_s1:2
[2026-06-27 15:54:02] MAC FLAP 42:78:21:a5:52:30 g1_s0:4 -> g1_s1:2
[2026-06-27 15:54:02] MAC FLAP c2:c6:98:6c:26:d5 g1_s0:3 -> g1_s1:2
[2026-06-27 15:54:02] MAC FLAP 9a:7d:77:4c:c7:7b g1_s0:2 -> g1_s1:1
[2026-06-27 15:54:02] MAC FLAP 8e:8d:5e:13:40:bc g1_s0:4 -> g1_s1:2
[2026-06-27 15:54:03] MAC FLAP d2:99:5a:73:51:ad g1_s0:4 -> g1_s1:2
[2026-06-27 15:54:03] MAC FLAP 06:d4:67:e8:04:67 g1_s0:4 -> g1_s1:2
[2026-06-27 15:54:03] MAC FLAP 06:de:e5:2c:ad:08 g1_s1:2 -> g2_s0:3
[2026-06-27 15:54:03] MAC FLAP 9a:df:61:2e:3e:6f g1_s1:2 -> g2_s0:3
[2026-06-27 15:54:03] MAC FLAP ce:0d:14:30:90:36 g2_s1:2 -> g2_s0:3
[2026-06-27 15:54:03] MAC FLAP d2:8b:e8:1a:e4:93 g1_s1:2 -> g2_s0:3
[2026-06-27 15:54:03] MAC FLAP 66:4b:b9:cd:36:cd g1_s1:2 -> g2_s0:3
[2026-06-27 15:54:03] MAC FLAP 42:78:21:a5:52:30 g1_s1:2 -> g2_s0:2
[2026-06-27 15:54:03] MAC FLAP c2:c6:98:6c:26:d5 g1_s1:2 -> g2_s0:3
[2026-06-27 15:54:03] MAC FLAP 9a:7d:77:4c:c7:7b g1_s1:1 -> g2_s0:3
[2026-06-27 15:54:03] MAC FLAP 8a:f4:91:d7:27:57 g1_s0:2 -> g2_s0:3
[2026-06-27 15:54:03] MAC FLAP 8e:8d:5e:13:40:bc g1_s1:2 -> g2_s0:1
[2026-06-27 15:54:03] MAC FLAP d2:99:5a:73:51:ad g1_s1:2 -> g2_s0:2
[2026-06-27 15:54:03] MAC FLAP 06:de:e5:2c:ad:08 g2_s0:3 -> g2_s1:2
[2026-06-27 15:54:03] MAC FLAP 9a:df:61:2e:3e:6f g2_s0:3 -> g2_s1:2
[2026-06-27 15:54:03] MAC FLAP ce:0d:14:30:90:36 g2_s0:3 -> g2_s1:2
[2026-06-27 15:54:03] MAC FLAP d2:8b:e8:1a:e4:93 g2_s0:3 -> g2_s1:2
[2026-06-27 15:54:03] MAC FLAP 66:4b:b9:cd:36:cd g2_s0:3 -> g2_s1:2
[2026-06-27 15:54:03] MAC FLAP c2:c6:98:6c:26:d5 g2_s0:3 -> g2_s1:2
[2026-06-27 15:54:03] MAC FLAP 9a:7d:77:4c:c7:7b g2_s0:3 -> g2_s1:2
[2026-06-27 15:54:03] MAC FLAP 8a:f4:91:d7:27:57 g2_s0:3 -> g2_s1:2
[2026-06-27 15:54:03] MAC FLAP d2:99:5a:73:51:ad g2_s0:2 -> g2_s1:1
[2026-06-27 15:54:03] MAC FLAP 8e:8d:5e:13:40:bc g2_s0:1 -> g2_s1:2
[2026-06-27 15:54:03] Cycle Complete | Entries=24 Learned=24 Updated=116 Expired=0 Evicted=0
[2026-06-27 15:54:08] MAC FLAP 06:de:e5:2c:ad:08 g2_s1:2 -> g0_s0:1
[2026-06-27 15:54:08] MAC FLAP 9a:df:61:2e:3e:6f g2_s1:2 -> g0_s0:3
[2026-06-27 15:54:08] MAC FLAP 66:4b:b9:cd:36:cd g2_s1:2 -> g0_s0:2
[2026-06-27 15:54:08] MAC FLAP 42:78:21:a5:52:30 g2_s0:2 -> g0_s0:3
[2026-06-27 15:54:08] MAC FLAP c2:c6:98:6c:26:d5 g2_s1:2 -> g0_s0:2
[2026-06-27 15:54:08] MAC FLAP 9a:7d:77:4c:c7:7b g2_s1:2 -> g0_s0:3
[2026-06-27 15:54:08] MAC FLAP 8a:f4:91:d7:27:57 g2_s1:2 -> g0_s0:3
[2026-06-27 15:54:08] MAC FLAP 8e:8d:5e:13:40:bc g2_s1:2 -> g0_s0:3
[2026-06-27 15:54:08] MAC FLAP d2:99:5a:73:51:ad g2_s1:1 -> g0_s0:3
[2026-06-27 15:54:08] MAC FLAP 06:d4:67:e8:04:67 g1_s1:2 -> g0_s0:3
[2026-06-27 15:54:08] MAC FLAP f2:ca:84:6e:4e:78 g0_s1:2 -> g0_s0:3
[2026-06-27 15:54:08] MAC FLAP 06:de:e5:2c:ad:08 g0_s0:1 -> g0_s1:2
[2026-06-27 15:54:08] MAC FLAP 9a:df:61:2e:3e:6f g0_s0:3 -> g0_s1:2
[2026-06-27 15:54:08] MAC FLAP 42:78:21:a5:52:30 g0_s0:3 -> g0_s1:2
[2026-06-27 15:54:08] MAC FLAP c2:c6:98:6c:26:d5 g0_s0:2 -> g0_s1:1
[2026-06-27 15:54:08] MAC FLAP 9a:7d:77:4c:c7:7b g0_s0:3 -> g0_s1:2
[2026-06-27 15:54:08] MAC FLAP 8a:f4:91:d7:27:57 g0_s0:3 -> g0_s1:2
[2026-06-27 15:54:08] MAC FLAP 8e:8d:5e:13:40:bc g0_s0:3 -> g0_s1:2
[2026-06-27 15:54:08] MAC FLAP d2:99:5a:73:51:ad g0_s0:3 -> g0_s1:2
[2026-06-27 15:54:08] MAC FLAP 06:d4:67:e8:04:67 g0_s0:3 -> g0_s1:2
[2026-06-27 15:54:08] MAC FLAP f2:ca:84:6e:4e:78 g0_s0:3 -> g0_s1:2
[2026-06-27 15:54:08] MAC FLAP 06:de:e5:2c:ad:08 g0_s1:2 -> g1_s0:3
[2026-06-27 15:54:08] MAC FLAP 9a:df:61:2e:3e:6f g0_s1:2 -> g1_s0:1
[2026-06-27 15:54:08] MAC FLAP 66:4b:b9:cd:36:cd g0_s0:2 -> g1_s0:3
[2026-06-27 15:54:08] MAC FLAP 42:78:21:a5:52:30 g0_s1:2 -> g1_s0:4
[2026-06-27 15:54:08] MAC FLAP c2:c6:98:6c:26:d5 g0_s1:1 -> g1_s0:3
[2026-06-27 15:54:08] MAC FLAP 9a:7d:77:4c:c7:7b g0_s1:2 -> g1_s0:2
[2026-06-27 15:54:09] MAC FLAP 8a:f4:91:d7:27:57 g0_s1:2 -> g1_s0:2
[2026-06-27 15:54:09] MAC FLAP 8e:8d:5e:13:40:bc g0_s1:2 -> g1_s0:4
[2026-06-27 15:54:09] MAC FLAP d2:99:5a:73:51:ad g0_s1:2 -> g1_s0:4
[2026-06-27 15:54:09] MAC FLAP 06:d4:67:e8:04:67 g0_s1:2 -> g1_s0:4
[2026-06-27 15:54:09] MAC FLAP d2:8b:e8:1a:e4:93 g2_s1:2 -> g1_s0:3
[2026-06-27 15:54:09] MAC FLAP 06:de:e5:2c:ad:08 g1_s0:3 -> g1_s1:2
[2026-06-27 15:54:09] MAC FLAP 9a:df:61:2e:3e:6f g1_s0:1 -> g1_s1:2
[2026-06-27 15:54:09] MAC FLAP 66:4b:b9:cd:36:cd g1_s0:3 -> g1_s1:2
[2026-06-27 15:54:09] MAC FLAP 42:78:21:a5:52:30 g1_s0:4 -> g1_s1:2
[2026-06-27 15:54:09] MAC FLAP c2:c6:98:6c:26:d5 g1_s0:3 -> g1_s1:2
[2026-06-27 15:54:09] MAC FLAP 9a:7d:77:4c:c7:7b g1_s0:2 -> g1_s1:1
[2026-06-27 15:54:09] MAC FLAP 8e:8d:5e:13:40:bc g1_s0:4 -> g1_s1:2
[2026-06-27 15:54:09] MAC FLAP d2:99:5a:73:51:ad g1_s0:4 -> g1_s1:2
[2026-06-27 15:54:09] MAC FLAP 06:d4:67:e8:04:67 g1_s0:4 -> g1_s1:2
[2026-06-27 15:54:09] MAC FLAP d2:8b:e8:1a:e4:93 g1_s0:3 -> g1_s1:2
[2026-06-27 15:54:09] MAC FLAP 06:de:e5:2c:ad:08 g1_s1:2 -> g2_s0:3
[2026-06-27 15:54:09] MAC FLAP 9a:df:61:2e:3e:6f g1_s1:2 -> g2_s0:3
[2026-06-27 15:54:09] MAC FLAP ce:0d:14:30:90:36 g2_s1:2 -> g2_s0:3
[2026-06-27 15:54:09] MAC FLAP 66:4b:b9:cd:36:cd g1_s1:2 -> g2_s0:3
[2026-06-27 15:54:09] MAC FLAP 42:78:21:a5:52:30 g1_s1:2 -> g2_s0:2
[2026-06-27 15:54:09] MAC FLAP c2:c6:98:6c:26:d5 g1_s1:2 -> g2_s0:3
[2026-06-27 15:54:09] MAC FLAP 9a:7d:77:4c:c7:7b g1_s1:1 -> g2_s0:3
[2026-06-27 15:54:09] MAC FLAP 8a:f4:91:d7:27:57 g1_s0:2 -> g2_s0:3
[2026-06-27 15:54:09] MAC FLAP 8e:8d:5e:13:40:bc g1_s1:2 -> g2_s0:1
[2026-06-27 15:54:09] MAC FLAP d2:99:5a:73:51:ad g1_s1:2 -> g2_s0:2
[2026-06-27 15:54:09] MAC FLAP d2:8b:e8:1a:e4:93 g1_s1:2 -> g2_s0:3
[2026-06-27 15:54:09] MAC FLAP 06:de:e5:2c:ad:08 g2_s0:3 -> g2_s1:2
[2026-06-27 15:54:09] MAC FLAP 9a:df:61:2e:3e:6f g2_s0:3 -> g2_s1:2
[2026-06-27 15:54:09] MAC FLAP ce:0d:14:30:90:36 g2_s0:3 -> g2_s1:2
[2026-06-27 15:54:09] MAC FLAP 66:4b:b9:cd:36:cd g2_s0:3 -> g2_s1:2
[2026-06-27 15:54:09] MAC FLAP c2:c6:98:6c:26:d5 g2_s0:3 -> g2_s1:2
[2026-06-27 15:54:09] MAC FLAP 9a:7d:77:4c:c7:7b g2_s0:3 -> g2_s1:2
[2026-06-27 15:54:09] MAC FLAP 8a:f4:91:d7:27:57 g2_s0:3 -> g2_s1:2
[2026-06-27 15:54:09] MAC FLAP d2:99:5a:73:51:ad g2_s0:2 -> g2_s1:1
[2026-06-27 15:54:09] MAC FLAP 8e:8d:5e:13:40:bc g2_s0:1 -> g2_s1:2
[2026-06-27 15:54:09] MAC FLAP d2:8b:e8:1a:e4:93 g2_s0:3 -> g2_s1:2
[2026-06-27 15:54:09] Cycle Complete | Entries=24 Learned=24 Updated=182 Expired=0 Evicted=0
[2026-06-27 15:54:14] MAC FLAP 06:de:e5:2c:ad:08 g2_s1:2 -> g0_s0:1
[2026-06-27 15:54:14] MAC FLAP 9a:df:61:2e:3e:6f g2_s1:2 -> g0_s0:3
[2026-06-27 15:54:14] MAC FLAP 66:4b:b9:cd:36:cd g2_s1:2 -> g0_s0:2
[2026-06-27 15:54:14] MAC FLAP 42:78:21:a5:52:30 g2_s0:2 -> g0_s0:3
[2026-06-27 15:54:14] MAC FLAP c2:c6:98:6c:26:d5 g2_s1:2 -> g0_s0:2
[2026-06-27 15:54:14] MAC FLAP 9a:7d:77:4c:c7:7b g2_s1:2 -> g0_s0:3
[2026-06-27 15:54:14] MAC FLAP 8a:f4:91:d7:27:57 g2_s1:2 -> g0_s0:3
[2026-06-27 15:54:14] MAC FLAP 8e:8d:5e:13:40:bc g2_s1:2 -> g0_s0:3
[2026-06-27 15:54:14] MAC FLAP d2:99:5a:73:51:ad g2_s1:1 -> g0_s0:3
[2026-06-27 15:54:14] MAC FLAP 06:d4:67:e8:04:67 g1_s1:2 -> g0_s0:3
[2026-06-27 15:54:14] MAC FLAP f2:ca:84:6e:4e:78 g0_s1:2 -> g0_s0:3
[2026-06-27 15:54:14] MAC FLAP 06:de:e5:2c:ad:08 g0_s0:1 -> g0_s1:2
[2026-06-27 15:54:14] MAC FLAP 9a:df:61:2e:3e:6f g0_s0:3 -> g0_s1:2
[2026-06-27 15:54:14] MAC FLAP 42:78:21:a5:52:30 g0_s0:3 -> g0_s1:2
[2026-06-27 15:54:14] MAC FLAP c2:c6:98:6c:26:d5 g0_s0:2 -> g0_s1:1
[2026-06-27 15:54:14] MAC FLAP 9a:7d:77:4c:c7:7b g0_s0:3 -> g0_s1:2
[2026-06-27 15:54:14] MAC FLAP 8a:f4:91:d7:27:57 g0_s0:3 -> g0_s1:2
[2026-06-27 15:54:14] MAC FLAP 8e:8d:5e:13:40:bc g0_s0:3 -> g0_s1:2
[2026-06-27 15:54:15] MAC FLAP d2:99:5a:73:51:ad g0_s0:3 -> g0_s1:2
[2026-06-27 15:54:15] MAC FLAP 06:d4:67:e8:04:67 g0_s0:3 -> g0_s1:2
[2026-06-27 15:54:15] MAC FLAP f2:ca:84:6e:4e:78 g0_s0:3 -> g0_s1:2
[2026-06-27 15:54:15] MAC FLAP 06:de:e5:2c:ad:08 g0_s1:2 -> g1_s0:3
[2026-06-27 15:54:15] MAC FLAP 9a:df:61:2e:3e:6f g0_s1:2 -> g1_s0:1
[2026-06-27 15:54:15] MAC FLAP 66:4b:b9:cd:36:cd g0_s0:2 -> g1_s0:3
[2026-06-27 15:54:15] MAC FLAP 42:78:21:a5:52:30 g0_s1:2 -> g1_s0:4
[2026-06-27 15:54:15] MAC FLAP c2:c6:98:6c:26:d5 g0_s1:1 -> g1_s0:3
[2026-06-27 15:54:15] MAC FLAP 9a:7d:77:4c:c7:7b g0_s1:2 -> g1_s0:2
[2026-06-27 15:54:15] MAC FLAP 8a:f4:91:d7:27:57 g0_s1:2 -> g1_s0:2
[2026-06-27 15:54:15] MAC FLAP 8e:8d:5e:13:40:bc g0_s1:2 -> g1_s0:4
[2026-06-27 15:54:15] MAC FLAP d2:99:5a:73:51:ad g0_s1:2 -> g1_s0:4
[2026-06-27 15:54:15] MAC FLAP 06:d4:67:e8:04:67 g0_s1:2 -> g1_s0:4
[2026-06-27 15:54:15] MAC FLAP d2:8b:e8:1a:e4:93 g2_s1:2 -> g1_s0:3
[2026-06-27 15:54:15] MAC FLAP 06:de:e5:2c:ad:08 g1_s0:3 -> g1_s1:2
[2026-06-27 15:54:15] MAC FLAP 9a:df:61:2e:3e:6f g1_s0:1 -> g1_s1:2
[2026-06-27 15:54:15] MAC FLAP 66:4b:b9:cd:36:cd g1_s0:3 -> g1_s1:2
[2026-06-27 15:54:15] MAC FLAP 42:78:21:a5:52:30 g1_s0:4 -> g1_s1:2
[2026-06-27 15:54:15] MAC FLAP c2:c6:98:6c:26:d5 g1_s0:3 -> g1_s1:2
[2026-06-27 15:54:15] MAC FLAP 9a:7d:77:4c:c7:7b g1_s0:2 -> g1_s1:1
[2026-06-27 15:54:15] MAC FLAP 8e:8d:5e:13:40:bc g1_s0:4 -> g1_s1:2
[2026-06-27 15:54:15] MAC FLAP d2:99:5a:73:51:ad g1_s0:4 -> g1_s1:2
[2026-06-27 15:54:15] MAC FLAP 06:d4:67:e8:04:67 g1_s0:4 -> g1_s1:2
[2026-06-27 15:54:15] MAC FLAP d2:8b:e8:1a:e4:93 g1_s0:3 -> g1_s1:2
[2026-06-27 15:54:15] MAC FLAP 06:de:e5:2c:ad:08 g1_s1:2 -> g2_s0:3
[2026-06-27 15:54:15] MAC FLAP 9a:df:61:2e:3e:6f g1_s1:2 -> g2_s0:3
[2026-06-27 15:54:15] MAC FLAP ce:0d:14:30:90:36 g2_s1:2 -> g2_s0:3
[2026-06-27 15:54:15] MAC FLAP 66:4b:b9:cd:36:cd g1_s1:2 -> g2_s0:3
[2026-06-27 15:54:15] MAC FLAP 42:78:21:a5:52:30 g1_s1:2 -> g2_s0:2
[2026-06-27 15:54:15] MAC FLAP c2:c6:98:6c:26:d5 g1_s1:2 -> g2_s0:3
[2026-06-27 15:54:15] MAC FLAP 9a:7d:77:4c:c7:7b g1_s1:1 -> g2_s0:3
[2026-06-27 15:54:15] MAC FLAP 8a:f4:91:d7:27:57 g1_s0:2 -> g2_s0:3
[2026-06-27 15:54:15] MAC FLAP 8e:8d:5e:13:40:bc g1_s1:2 -> g2_s0:1
[2026-06-27 15:54:15] MAC FLAP d2:99:5a:73:51:ad g1_s1:2 -> g2_s0:2
[2026-06-27 15:54:15] MAC FLAP d2:8b:e8:1a:e4:93 g1_s1:2 -> g2_s0:3
[2026-06-27 15:54:15] MAC FLAP 06:de:e5:2c:ad:08 g2_s0:3 -> g2_s1:2
[2026-06-27 15:54:15] MAC FLAP 9a:df:61:2e:3e:6f g2_s0:3 -> g2_s1:2
[2026-06-27 15:54:15] MAC FLAP ce:0d:14:30:90:36 g2_s0:3 -> g2_s1:2
[2026-06-27 15:54:15] MAC FLAP 66:4b:b9:cd:36:cd g2_s0:3 -> g2_s1:2
[2026-06-27 15:54:15] MAC FLAP c2:c6:98:6c:26:d5 g2_s0:3 -> g2_s1:2
[2026-06-27 15:54:15] MAC FLAP 9a:7d:77:4c:c7:7b g2_s0:3 -> g2_s1:2
[2026-06-27 15:54:15] MAC FLAP 8a:f4:91:d7:27:57 g2_s0:3 -> g2_s1:2
[2026-06-27 15:54:15] MAC FLAP d2:99:5a:73:51:ad g2_s0:2 -> g2_s1:1
[2026-06-27 15:54:15] MAC FLAP 8e:8d:5e:13:40:bc g2_s0:1 -> g2_s1:2
[2026-06-27 15:54:15] MAC FLAP d2:8b:e8:1a:e4:93 g2_s0:3 -> g2_s1:2
[2026-06-27 15:54:15] Cycle Complete | Entries=24 Learned=24 Updated=248 Expired=0 Evicted=0
[2026-06-27 16:08:53] Baseline snapshot created (0 entries)
[2026-06-27 16:08:53] Unknown Unicast -> aa:bb:cc:dd:ee:01
[2026-06-27 16:08:54] LEARNED aa:bb:cc:dd:ee:01 -> g0_s0:1
[2026-06-27 16:08:54] Unknown Unicast -> aa:bb:cc:dd:ee:02
[2026-06-27 16:08:54] LEARNED aa:bb:cc:dd:ee:02 -> g0_s0:2
[2026-06-27 16:08:54] Unknown Unicast -> aa:bb:cc:dd:ee:03
[2026-06-27 16:08:54] LEARNED aa:bb:cc:dd:ee:03 -> g0_s0:3
[2026-06-27 16:08:54] Unknown Unicast -> aa:bb:cc:dd:ee:04
[2026-06-27 16:08:54] LEARNED aa:bb:cc:dd:ee:04 -> g0_s0:4
[2026-06-27 16:08:54] Unknown Unicast -> aa:bb:cc:dd:ee:05
[2026-06-27 16:08:54] LEARNED aa:bb:cc:dd:ee:05 -> g0_s0:1
[2026-06-27 16:08:54] Unknown Unicast -> aa:bb:cc:dd:ee:06
[2026-06-27 16:08:54] LEARNED aa:bb:cc:dd:ee:06 -> g0_s0:2
[2026-06-27 16:08:54] Unknown Unicast -> aa:bb:cc:dd:ee:07
[2026-06-27 16:08:54] LEARNED aa:bb:cc:dd:ee:07 -> g0_s0:3
[2026-06-27 16:08:54] Unknown Unicast -> aa:bb:cc:dd:ee:08
[2026-06-27 16:08:54] LEARNED aa:bb:cc:dd:ee:08 -> g0_s0:4
[2026-06-27 16:08:54] Cycle Complete | Entries=8 Learned=8 Updated=0 Expired=0 Evicted=0
[2026-06-27 16:08:59] Cycle Complete | Entries=8 Learned=8 Updated=8 Expired=0 Evicted=0
[2026-06-27 16:09:04] Cycle Complete | Entries=8 Learned=8 Updated=16 Expired=0 Evicted=0
[2026-06-27 16:09:09] Cycle Complete | Entries=8 Learned=8 Updated=24 Expired=0 Evicted=0
[2026-06-27 16:09:14] Cycle Complete | Entries=8 Learned=8 Updated=32 Expired=0 Evicted=0
[2026-06-27 16:09:19] Cycle Complete | Entries=8 Learned=8 Updated=40 Expired=0 Evicted=0
[2026-06-27 16:09:23] Cycle Complete | Entries=8 Learned=8 Updated=48 Expired=0 Evicted=0
[2026-06-27 16:09:28] Cycle Complete | Entries=8 Learned=8 Updated=56 Expired=0 Evicted=0
[2026-06-27 16:09:33] Cycle Complete | Entries=8 Learned=8 Updated=64 Expired=0 Evicted=0
[2026-06-27 16:09:38] Cycle Complete | Entries=8 Learned=8 Updated=72 Expired=0 Evicted=0
[2026-06-27 16:09:43] Cycle Complete | Entries=8 Learned=8 Updated=80 Expired=0 Evicted=0
[2026-06-27 16:09:48] Cycle Complete | Entries=8 Learned=8 Updated=88 Expired=0 Evicted=0
[2026-06-27 16:09:52] Cycle Complete | Entries=8 Learned=8 Updated=96 Expired=0 Evicted=0
[2026-06-27 16:09:57] Baseline snapshot created (0 entries)
[2026-06-27 16:09:57] Unknown Unicast -> aa:bb:cc:dd:ee:01
[2026-06-27 16:09:57] LEARNED aa:bb:cc:dd:ee:01 -> g0_s0:1
[2026-06-27 16:09:57] Unknown Unicast -> aa:bb:cc:dd:ee:02
[2026-06-27 16:09:57] LEARNED aa:bb:cc:dd:ee:02 -> g0_s0:2
[2026-06-27 16:09:57] Unknown Unicast -> aa:bb:cc:dd:ee:03
[2026-06-27 16:09:57] LEARNED aa:bb:cc:dd:ee:03 -> g0_s0:3
[2026-06-27 16:09:57] Unknown Unicast -> aa:bb:cc:dd:ee:04
[2026-06-27 16:09:57] LEARNED aa:bb:cc:dd:ee:04 -> g0_s0:4
[2026-06-27 16:09:57] Unknown Unicast -> aa:bb:cc:dd:ee:05
[2026-06-27 16:09:57] LEARNED aa:bb:cc:dd:ee:05 -> g0_s0:1
[2026-06-27 16:09:57] Unknown Unicast -> aa:bb:cc:dd:ee:06
[2026-06-27 16:09:57] LEARNED aa:bb:cc:dd:ee:06 -> g0_s0:2
[2026-06-27 16:09:57] Unknown Unicast -> aa:bb:cc:dd:ee:07
[2026-06-27 16:09:57] LEARNED aa:bb:cc:dd:ee:07 -> g0_s0:3
[2026-06-27 16:09:57] Unknown Unicast -> aa:bb:cc:dd:ee:08
[2026-06-27 16:09:57] LEARNED aa:bb:cc:dd:ee:08 -> g0_s0:4
[2026-06-27 16:09:57] Cycle Complete | Entries=8 Learned=8 Updated=0 Expired=0 Evicted=0
[2026-06-27 16:10:02] Cycle Complete | Entries=8 Learned=8 Updated=8 Expired=0 Evicted=0
[2026-06-27 16:10:07] Cycle Complete | Entries=8 Learned=8 Updated=16 Expired=0 Evicted=0
[2026-06-27 16:10:13] Cycle Complete | Entries=8 Learned=8 Updated=24 Expired=0 Evicted=0
[2026-06-27 16:10:18] Cycle Complete | Entries=8 Learned=8 Updated=32 Expired=0 Evicted=0
[2026-06-27 16:10:21] Cycle Complete | Entries=8 Learned=8 Updated=40 Expired=0 Evicted=0
[2026-06-27 16:10:26] Cycle Complete | Entries=8 Learned=8 Updated=48 Expired=0 Evicted=0
[2026-06-27 16:10:31] Cycle Complete | Entries=8 Learned=8 Updated=56 Expired=0 Evicted=0
[2026-06-27 16:10:36] Cycle Complete | Entries=8 Learned=8 Updated=64 Expired=0 Evicted=0
[2026-06-27 16:10:41] Cycle Complete | Entries=8 Learned=8 Updated=72 Expired=0 Evicted=0
[2026-06-27 16:10:46] Cycle Complete | Entries=8 Learned=8 Updated=80 Expired=0 Evicted=0
[2026-06-27 16:10:52] Cycle Complete | Entries=8 Learned=8 Updated=88 Expired=0 Evicted=0
[2026-06-27 16:10:55] Cycle Complete | Entries=8 Learned=8 Updated=96 Expired=0 Evicted=0
[2026-06-27 16:11:00] Cycle Complete | Entries=8 Learned=8 Updated=104 Expired=0 Evicted=0
[2026-06-27 16:11:05] Cycle Complete | Entries=8 Learned=8 Updated=112 Expired=0 Evicted=0
[2026-06-27 16:11:10] Cycle Complete | Entries=8 Learned=8 Updated=120 Expired=0 Evicted=0
[2026-06-27 16:11:15] Cycle Complete | Entries=8 Learned=8 Updated=128 Expired=0 Evicted=0
[2026-06-27 16:11:20] Cycle Complete | Entries=8 Learned=8 Updated=136 Expired=0 Evicted=0
[2026-06-27 16:11:24] Cycle Complete | Entries=8 Learned=8 Updated=144 Expired=0 Evicted=0
[2026-06-27 16:11:29] Cycle Complete | Entries=8 Learned=8 Updated=152 Expired=0 Evicted=0
[2026-06-27 16:11:34] Cycle Complete | Entries=8 Learned=8 Updated=160 Expired=0 Evicted=0
[2026-06-27 16:11:39] Cycle Complete | Entries=8 Learned=8 Updated=168 Expired=0 Evicted=0
[2026-06-27 16:11:44] Cycle Complete | Entries=8 Learned=8 Updated=176 Expired=0 Evicted=0
[2026-06-27 16:11:49] Cycle Complete | Entries=8 Learned=8 Updated=184 Expired=0 Evicted=0
[2026-06-27 16:11:54] Cycle Complete | Entries=8 Learned=8 Updated=192 Expired=0 Evicted=0
[2026-06-27 16:11:58] Cycle Complete | Entries=8 Learned=8 Updated=200 Expired=0 Evicted=0
[2026-06-27 16:12:03] Cycle Complete | Entries=8 Learned=8 Updated=208 Expired=0 Evicted=0
[2026-06-27 16:12:08] Cycle Complete | Entries=8 Learned=8 Updated=216 Expired=0 Evicted=0
[2026-06-27 16:12:13] Cycle Complete | Entries=8 Learned=8 Updated=224 Expired=0 Evicted=0
[2026-06-27 16:12:18] Cycle Complete | Entries=8 Learned=8 Updated=232 Expired=0 Evicted=0
[2026-06-27 16:12:23] Cycle Complete | Entries=8 Learned=8 Updated=240 Expired=0 Evicted=0
[2026-06-27 16:12:27] Cycle Complete | Entries=8 Learned=8 Updated=248 Expired=0 Evicted=0
[2026-06-27 16:12:32] Cycle Complete | Entries=8 Learned=8 Updated=256 Expired=0 Evicted=0
[2026-06-27 16:12:37] Cycle Complete | Entries=8 Learned=8 Updated=264 Expired=0 Evicted=0
[2026-06-27 16:12:42] Cycle Complete | Entries=8 Learned=8 Updated=272 Expired=0 Evicted=0
[2026-06-27 16:12:47] Cycle Complete | Entries=8 Learned=8 Updated=280 Expired=0 Evicted=0
[2026-06-27 16:12:52] Cycle Complete | Entries=8 Learned=8 Updated=288 Expired=0 Evicted=0
[2026-06-27 16:12:57] Cycle Complete | Entries=8 Learned=8 Updated=296 Expired=0 Evicted=0
[2026-06-27 16:13:00] Cycle Complete | Entries=8 Learned=8 Updated=304 Expired=0 Evicted=0
[2026-06-27 16:13:05] Cycle Complete | Entries=8 Learned=8 Updated=312 Expired=0 Evicted=0
[2026-06-27 16:13:11] Cycle Complete | Entries=8 Learned=8 Updated=320 Expired=0 Evicted=0
[2026-06-27 16:13:16] Cycle Complete | Entries=8 Learned=8 Updated=328 Expired=0 Evicted=0
[2026-06-27 16:13:21] Cycle Complete | Entries=8 Learned=8 Updated=336 Expired=0 Evicted=0
[2026-06-27 16:13:26] Cycle Complete | Entries=8 Learned=8 Updated=344 Expired=0 Evicted=0
[2026-06-27 16:13:29] Cycle Complete | Entries=8 Learned=8 Updated=352 Expired=0 Evicted=0
[2026-06-27 16:13:34] Cycle Complete | Entries=8 Learned=8 Updated=360 Expired=0 Evicted=0
[2026-06-27 16:13:39] Cycle Complete | Entries=8 Learned=8 Updated=368 Expired=0 Evicted=0
[2026-06-27 16:13:44] Cycle Complete | Entries=8 Learned=8 Updated=376 Expired=0 Evicted=0
[2026-06-27 16:13:49] Cycle Complete | Entries=8 Learned=8 Updated=384 Expired=0 Evicted=0
[2026-06-27 16:13:55] Cycle Complete | Entries=8 Learned=8 Updated=392 Expired=0 Evicted=0
[2026-06-27 16:14:00] Cycle Complete | Entries=8 Learned=8 Updated=400 Expired=0 Evicted=0
[2026-06-27 16:14:03] Cycle Complete | Entries=8 Learned=8 Updated=408 Expired=0 Evicted=0
[2026-06-27 16:14:08] Cycle Complete | Entries=8 Learned=8 Updated=416 Expired=0 Evicted=0
[2026-06-27 16:14:13] Cycle Complete | Entries=8 Learned=8 Updated=424 Expired=0 Evicted=0
[2026-06-27 16:14:18] Cycle Complete | Entries=8 Learned=8 Updated=432 Expired=0 Evicted=0
[2026-06-27 16:14:23] Cycle Complete | Entries=8 Learned=8 Updated=440 Expired=0 Evicted=0
[2026-06-27 16:14:29] Cycle Complete | Entries=8 Learned=8 Updated=448 Expired=0 Evicted=0
[2026-06-27 16:14:32] Cycle Complete | Entries=8 Learned=8 Updated=456 Expired=0 Evicted=0
[2026-06-27 16:14:37] Cycle Complete | Entries=8 Learned=8 Updated=464 Expired=0 Evicted=0
[2026-06-27 16:14:42] Cycle Complete | Entries=8 Learned=8 Updated=472 Expired=0 Evicted=0
[2026-06-27 16:14:47] Cycle Complete | Entries=8 Learned=8 Updated=480 Expired=0 Evicted=0
[2026-06-27 16:14:52] Cycle Complete | Entries=8 Learned=8 Updated=488 Expired=0 Evicted=0
[2026-06-27 16:14:57] Cycle Complete | Entries=8 Learned=8 Updated=496 Expired=0 Evicted=0
[2026-06-27 16:15:02] Cycle Complete | Entries=8 Learned=8 Updated=504 Expired=0 Evicted=0
[2026-06-27 16:15:06] Cycle Complete | Entries=8 Learned=8 Updated=512 Expired=0 Evicted=0
[2026-06-27 16:15:11] Cycle Complete | Entries=8 Learned=8 Updated=520 Expired=0 Evicted=0
[2026-06-27 16:15:17] Cycle Complete | Entries=8 Learned=8 Updated=528 Expired=0 Evicted=0
[2026-06-27 16:15:22] Cycle Complete | Entries=8 Learned=8 Updated=536 Expired=0 Evicted=0
[2026-06-27 16:15:27] Cycle Complete | Entries=8 Learned=8 Updated=544 Expired=0 Evicted=0
[2026-06-27 16:15:32] Cycle Complete | Entries=8 Learned=8 Updated=552 Expired=0 Evicted=0
[2026-06-27 16:15:35] Cycle Complete | Entries=8 Learned=8 Updated=560 Expired=0 Evicted=0
[2026-06-27 16:15:40] Cycle Complete | Entries=8 Learned=8 Updated=568 Expired=0 Evicted=0
[2026-06-27 16:15:46] Cycle Complete | Entries=8 Learned=8 Updated=576 Expired=0 Evicted=0
[2026-06-27 16:15:51] Cycle Complete | Entries=8 Learned=8 Updated=584 Expired=0 Evicted=0
[2026-06-27 16:15:56] Cycle Complete | Entries=8 Learned=8 Updated=592 Expired=0 Evicted=0
[2026-06-27 16:16:01] Cycle Complete | Entries=8 Learned=8 Updated=600 Expired=0 Evicted=0
[2026-06-27 16:16:04] Cycle Complete | Entries=8 Learned=8 Updated=608 Expired=0 Evicted=0
[2026-06-27 16:16:09] Cycle Complete | Entries=8 Learned=8 Updated=616 Expired=0 Evicted=0
[2026-06-27 16:16:14] Cycle Complete | Entries=8 Learned=8 Updated=624 Expired=0 Evicted=0
[2026-06-27 16:16:18] Baseline snapshot created (0 entries)
[2026-06-27 16:16:18] Unknown Unicast -> aa:bb:cc:dd:ee:01
[2026-06-27 16:16:18] LEARNED aa:bb:cc:dd:ee:01 -> g0_s0:1
[2026-06-27 16:16:18] Unknown Unicast -> aa:bb:cc:dd:ee:02
[2026-06-27 16:16:18] LEARNED aa:bb:cc:dd:ee:02 -> g0_s0:2
[2026-06-27 16:16:18] Unknown Unicast -> aa:bb:cc:dd:ee:03
[2026-06-27 16:16:18] LEARNED aa:bb:cc:dd:ee:03 -> g0_s0:3
[2026-06-27 16:16:18] Unknown Unicast -> aa:bb:cc:dd:ee:04
[2026-06-27 16:16:18] LEARNED aa:bb:cc:dd:ee:04 -> g0_s0:4
[2026-06-27 16:16:18] Unknown Unicast -> aa:bb:cc:dd:ee:05
[2026-06-27 16:16:18] LEARNED aa:bb:cc:dd:ee:05 -> g0_s0:1
[2026-06-27 16:16:18] Unknown Unicast -> aa:bb:cc:dd:ee:06
[2026-06-27 16:16:18] LEARNED aa:bb:cc:dd:ee:06 -> g0_s0:2
[2026-06-27 16:16:18] Unknown Unicast -> aa:bb:cc:dd:ee:07
[2026-06-27 16:16:18] LEARNED aa:bb:cc:dd:ee:07 -> g0_s0:3
[2026-06-27 16:16:18] Unknown Unicast -> aa:bb:cc:dd:ee:08
[2026-06-27 16:16:18] LEARNED aa:bb:cc:dd:ee:08 -> g0_s0:4
[2026-06-27 16:16:18] Cycle Complete | Entries=8 Learned=8 Updated=0 Expired=0 Evicted=0
[2026-06-27 16:16:23] Cycle Complete | Entries=8 Learned=8 Updated=8 Expired=0 Evicted=0
[2026-06-27 16:16:28] Cycle Complete | Entries=8 Learned=8 Updated=16 Expired=0 Evicted=0
[2026-06-27 16:16:33] Cycle Complete | Entries=8 Learned=8 Updated=24 Expired=0 Evicted=0
[2026-06-27 16:16:37] Cycle Complete | Entries=8 Learned=8 Updated=32 Expired=0 Evicted=0
[2026-06-27 16:34:55] Baseline snapshot created (0 entries)
[2026-06-27 16:34:55] Unknown Unicast -> aa:bb:cc:dd:ee:01
[2026-06-27 16:34:55] LEARNED aa:bb:cc:dd:ee:01 -> g0_s0:1
[2026-06-27 16:34:55] Unknown Unicast -> aa:bb:cc:dd:ee:02
[2026-06-27 16:34:55] LEARNED aa:bb:cc:dd:ee:02 -> g0_s0:2
[2026-06-27 16:34:55] Unknown Unicast -> aa:bb:cc:dd:ee:03
[2026-06-27 16:34:55] LEARNED aa:bb:cc:dd:ee:03 -> g0_s0:3
[2026-06-27 16:34:55] Unknown Unicast -> aa:bb:cc:dd:ee:04
[2026-06-27 16:34:55] LEARNED aa:bb:cc:dd:ee:04 -> g0_s0:4
[2026-06-27 16:34:55] Unknown Unicast -> aa:bb:cc:dd:ee:05
[2026-06-27 16:34:55] LEARNED aa:bb:cc:dd:ee:05 -> g0_s0:1
[2026-06-27 16:34:55] Unknown Unicast -> aa:bb:cc:dd:ee:06
[2026-06-27 16:34:55] LEARNED aa:bb:cc:dd:ee:06 -> g0_s0:2
[2026-06-27 16:34:55] Unknown Unicast -> aa:bb:cc:dd:ee:07
[2026-06-27 16:34:55] LEARNED aa:bb:cc:dd:ee:07 -> g0_s0:3
[2026-06-27 16:34:55] Unknown Unicast -> aa:bb:cc:dd:ee:08
[2026-06-27 16:34:55] LEARNED aa:bb:cc:dd:ee:08 -> g0_s0:4
[2026-06-27 16:34:55] Cycle Complete | Entries=8 Learned=8 Updated=0 Expired=0 Evicted=0
[2026-06-27 16:35:00] Cycle Complete | Entries=8 Learned=8 Updated=0 Expired=0 Evicted=0
[2026-06-27 16:35:05] Cycle Complete | Entries=8 Learned=8 Updated=0 Expired=0 Evicted=0
[2026-06-27 16:35:10] Cycle Complete | Entries=8 Learned=8 Updated=0 Expired=0 Evicted=0
[2026-06-27 16:35:15] Cycle Complete | Entries=8 Learned=8 Updated=0 Expired=0 Evicted=0
[2026-06-27 16:35:20] Cycle Complete | Entries=8 Learned=8 Updated=0 Expired=0 Evicted=0
[2026-06-27 16:35:24] Cycle Complete | Entries=8 Learned=8 Updated=0 Expired=0 Evicted=0
[2026-06-27 16:35:29] Cycle Complete | Entries=8 Learned=8 Updated=0 Expired=0 Evicted=0
[2026-06-27 16:35:34] Cycle Complete | Entries=8 Learned=8 Updated=0 Expired=0 Evicted=0
[2026-06-27 16:35:39] Cycle Complete | Entries=8 Learned=8 Updated=0 Expired=0 Evicted=0
[2026-06-27 16:35:44] Cycle Complete | Entries=8 Learned=8 Updated=0 Expired=0 Evicted=0
[2026-06-27 16:35:49] TTL Expired -> aa:bb:cc:dd:ee:01
[2026-06-27 16:35:49] TTL Expired -> aa:bb:cc:dd:ee:02
[2026-06-27 16:35:49] TTL Expired -> aa:bb:cc:dd:ee:03
[2026-06-27 16:35:49] TTL Expired -> aa:bb:cc:dd:ee:04
[2026-06-27 16:35:49] TTL Expired -> aa:bb:cc:dd:ee:05
[2026-06-27 16:35:49] TTL Expired -> aa:bb:cc:dd:ee:06
[2026-06-27 16:35:50] TTL Expired -> aa:bb:cc:dd:ee:07
[2026-06-27 16:35:50] TTL Expired -> aa:bb:cc:dd:ee:08
[2026-06-27 16:35:50] Unknown Unicast -> aa:bb:cc:dd:ee:01
[2026-06-27 16:35:50] LEARNED aa:bb:cc:dd:ee:01 -> g0_s0:1
[2026-06-27 16:35:50] Unknown Unicast -> aa:bb:cc:dd:ee:02
[2026-06-27 16:35:50] LEARNED aa:bb:cc:dd:ee:02 -> g0_s0:2
[2026-06-27 16:35:50] Unknown Unicast -> aa:bb:cc:dd:ee:03
[2026-06-27 16:35:50] LEARNED aa:bb:cc:dd:ee:03 -> g0_s0:3
[2026-06-27 16:35:50] Unknown Unicast -> aa:bb:cc:dd:ee:04
[2026-06-27 16:35:50] LEARNED aa:bb:cc:dd:ee:04 -> g0_s0:4
[2026-06-27 16:35:50] Unknown Unicast -> aa:bb:cc:dd:ee:05
[2026-06-27 16:35:50] LEARNED aa:bb:cc:dd:ee:05 -> g0_s0:1
[2026-06-27 16:35:50] Unknown Unicast -> aa:bb:cc:dd:ee:06
[2026-06-27 16:35:50] LEARNED aa:bb:cc:dd:ee:06 -> g0_s0:2
[2026-06-27 16:35:50] Unknown Unicast -> aa:bb:cc:dd:ee:07
[2026-06-27 16:35:50] LEARNED aa:bb:cc:dd:ee:07 -> g0_s0:3
[2026-06-27 16:35:50] Unknown Unicast -> aa:bb:cc:dd:ee:08
[2026-06-27 16:35:50] LEARNED aa:bb:cc:dd:ee:08 -> g0_s0:4
[2026-06-27 16:35:50] Cycle Complete | Entries=8 Learned=16 Updated=0 Expired=8 Evicted=0
[2026-06-27 16:35:55] Cycle Complete | Entries=8 Learned=16 Updated=0 Expired=8 Evicted=0
[2026-06-27 16:35:59] Cycle Complete | Entries=8 Learned=16 Updated=0 Expired=8 Evicted=0
[2026-06-27 16:36:04] Cycle Complete | Entries=8 Learned=16 Updated=0 Expired=8 Evicted=0
[2026-06-27 16:36:09] Cycle Complete | Entries=8 Learned=16 Updated=0 Expired=8 Evicted=0
[2026-06-27 16:36:14] Cycle Complete | Entries=8 Learned=16 Updated=0 Expired=8 Evicted=0
[2026-06-27 16:36:19] Cycle Complete | Entries=8 Learned=16 Updated=0 Expired=8 Evicted=0
[2026-06-27 16:36:24] Cycle Complete | Entries=8 Learned=16 Updated=0 Expired=8 Evicted=0
[2026-06-27 16:36:28] Cycle Complete | Entries=8 Learned=16 Updated=0 Expired=8 Evicted=0
[2026-06-27 16:36:33] Cycle Complete | Entries=8 Learned=16 Updated=0 Expired=8 Evicted=0
[2026-06-27 16:36:38] Cycle Complete | Entries=8 Learned=16 Updated=0 Expired=8 Evicted=0
[2026-06-27 16:36:43] TTL Expired -> aa:bb:cc:dd:ee:01
[2026-06-27 16:36:43] TTL Expired -> aa:bb:cc:dd:ee:02
[2026-06-27 16:36:43] TTL Expired -> aa:bb:cc:dd:ee:03
[2026-06-27 16:36:43] TTL Expired -> aa:bb:cc:dd:ee:04
[2026-06-27 16:36:43] TTL Expired -> aa:bb:cc:dd:ee:05
[2026-06-27 16:36:43] TTL Expired -> aa:bb:cc:dd:ee:06
[2026-06-27 16:36:43] TTL Expired -> aa:bb:cc:dd:ee:07
[2026-06-27 16:36:43] TTL Expired -> aa:bb:cc:dd:ee:08
[2026-06-27 16:36:44] Unknown Unicast -> aa:bb:cc:dd:ee:01
[2026-06-27 16:36:44] LEARNED aa:bb:cc:dd:ee:01 -> g0_s0:1
[2026-06-27 16:36:44] Unknown Unicast -> aa:bb:cc:dd:ee:02
[2026-06-27 16:36:44] LEARNED aa:bb:cc:dd:ee:02 -> g0_s0:2
[2026-06-27 16:36:44] Unknown Unicast -> aa:bb:cc:dd:ee:03
[2026-06-27 16:36:44] LEARNED aa:bb:cc:dd:ee:03 -> g0_s0:3
[2026-06-27 16:36:44] Unknown Unicast -> aa:bb:cc:dd:ee:04
[2026-06-27 16:36:44] LEARNED aa:bb:cc:dd:ee:04 -> g0_s0:4
[2026-06-27 16:36:44] Unknown Unicast -> aa:bb:cc:dd:ee:05
[2026-06-27 16:36:44] LEARNED aa:bb:cc:dd:ee:05 -> g0_s0:1
[2026-06-27 16:36:44] Unknown Unicast -> aa:bb:cc:dd:ee:06
[2026-06-27 16:36:44] LEARNED aa:bb:cc:dd:ee:06 -> g0_s0:2
[2026-06-27 16:36:44] Unknown Unicast -> aa:bb:cc:dd:ee:07
[2026-06-27 16:36:44] LEARNED aa:bb:cc:dd:ee:07 -> g0_s0:3
[2026-06-27 16:36:44] Unknown Unicast -> aa:bb:cc:dd:ee:08
[2026-06-27 16:36:44] LEARNED aa:bb:cc:dd:ee:08 -> g0_s0:4
[2026-06-27 16:36:44] Cycle Complete | Entries=8 Learned=24 Updated=0 Expired=16 Evicted=0
[2026-06-27 16:36:49] Cycle Complete | Entries=8 Learned=24 Updated=0 Expired=16 Evicted=0
[2026-06-27 16:36:54] Cycle Complete | Entries=8 Learned=24 Updated=0 Expired=16 Evicted=0
[2026-06-27 16:36:58] Cycle Complete | Entries=8 Learned=24 Updated=0 Expired=16 Evicted=0
[2026-06-27 16:37:03] Cycle Complete | Entries=8 Learned=24 Updated=0 Expired=16 Evicted=0
[2026-06-27 16:37:08] Cycle Complete | Entries=8 Learned=24 Updated=0 Expired=16 Evicted=0
[2026-06-27 16:37:13] Cycle Complete | Entries=8 Learned=24 Updated=0 Expired=16 Evicted=0
[2026-06-27 16:37:18] Cycle Complete | Entries=8 Learned=24 Updated=0 Expired=16 Evicted=0
[2026-06-27 16:37:23] Cycle Complete | Entries=8 Learned=24 Updated=0 Expired=16 Evicted=0
[2026-06-27 16:37:28] Cycle Complete | Entries=8 Learned=24 Updated=0 Expired=16 Evicted=0
[2026-06-27 16:37:32] Cycle Complete | Entries=8 Learned=24 Updated=0 Expired=16 Evicted=0
[2026-06-27 16:37:37] TTL Expired -> aa:bb:cc:dd:ee:01
[2026-06-27 16:37:37] TTL Expired -> aa:bb:cc:dd:ee:02
[2026-06-27 16:37:37] TTL Expired -> aa:bb:cc:dd:ee:03
[2026-06-27 16:37:37] TTL Expired -> aa:bb:cc:dd:ee:04
[2026-06-27 16:37:37] TTL Expired -> aa:bb:cc:dd:ee:05
[2026-06-27 16:37:37] TTL Expired -> aa:bb:cc:dd:ee:06
[2026-06-27 16:37:37] TTL Expired -> aa:bb:cc:dd:ee:07
[2026-06-27 16:37:37] TTL Expired -> aa:bb:cc:dd:ee:08
[2026-06-27 16:37:37] Unknown Unicast -> aa:bb:cc:dd:ee:01
[2026-06-27 16:37:37] LEARNED aa:bb:cc:dd:ee:01 -> g0_s0:1
[2026-06-27 16:37:37] Unknown Unicast -> aa:bb:cc:dd:ee:02
[2026-06-27 16:37:37] LEARNED aa:bb:cc:dd:ee:02 -> g0_s0:2
[2026-06-27 16:37:37] Unknown Unicast -> aa:bb:cc:dd:ee:03
[2026-06-27 16:37:37] LEARNED aa:bb:cc:dd:ee:03 -> g0_s0:3
[2026-06-27 16:37:37] Unknown Unicast -> aa:bb:cc:dd:ee:04
[2026-06-27 16:37:38] LEARNED aa:bb:cc:dd:ee:04 -> g0_s0:4
[2026-06-27 16:37:38] Unknown Unicast -> aa:bb:cc:dd:ee:05
[2026-06-27 16:37:38] LEARNED aa:bb:cc:dd:ee:05 -> g0_s0:1
[2026-06-27 16:37:38] Unknown Unicast -> aa:bb:cc:dd:ee:06
[2026-06-27 16:37:38] LEARNED aa:bb:cc:dd:ee:06 -> g0_s0:2
[2026-06-27 16:37:38] Unknown Unicast -> aa:bb:cc:dd:ee:07
[2026-06-27 16:37:38] LEARNED aa:bb:cc:dd:ee:07 -> g0_s0:3
[2026-06-27 16:37:38] Unknown Unicast -> aa:bb:cc:dd:ee:08
[2026-06-27 16:37:38] LEARNED aa:bb:cc:dd:ee:08 -> g0_s0:4
[2026-06-27 16:37:38] Cycle Complete | Entries=8 Learned=32 Updated=0 Expired=24 Evicted=0
[2026-06-27 16:37:43] Cycle Complete | Entries=8 Learned=32 Updated=0 Expired=24 Evicted=0
[2026-06-27 16:37:48] Cycle Complete | Entries=8 Learned=32 Updated=0 Expired=24 Evicted=0
[2026-06-27 16:37:53] Cycle Complete | Entries=8 Learned=32 Updated=0 Expired=24 Evicted=0
[2026-06-27 16:37:58] Cycle Complete | Entries=8 Learned=32 Updated=0 Expired=24 Evicted=0
[2026-06-27 16:38:03] Cycle Complete | Entries=8 Learned=32 Updated=0 Expired=24 Evicted=0
[2026-06-27 16:38:08] Cycle Complete | Entries=8 Learned=32 Updated=0 Expired=24 Evicted=0
[2026-06-27 16:38:13] Cycle Complete | Entries=8 Learned=32 Updated=0 Expired=24 Evicted=0
[2026-06-27 16:38:18] Cycle Complete | Entries=8 Learned=32 Updated=0 Expired=24 Evicted=0
[2026-06-27 16:38:23] Cycle Complete | Entries=8 Learned=32 Updated=0 Expired=24 Evicted=0
[2026-06-27 16:38:28] TTL Expired -> aa:bb:cc:dd:ee:01
[2026-06-27 16:38:28] TTL Expired -> aa:bb:cc:dd:ee:02
[2026-06-27 16:38:28] TTL Expired -> aa:bb:cc:dd:ee:03
[2026-06-27 16:38:28] TTL Expired -> aa:bb:cc:dd:ee:04
[2026-06-27 16:38:28] TTL Expired -> aa:bb:cc:dd:ee:05
[2026-06-27 16:38:28] TTL Expired -> aa:bb:cc:dd:ee:06
[2026-06-27 16:38:28] TTL Expired -> aa:bb:cc:dd:ee:07
[2026-06-27 16:38:28] TTL Expired -> aa:bb:cc:dd:ee:08
[2026-06-27 16:38:28] Unknown Unicast -> aa:bb:cc:dd:ee:01
[2026-06-27 16:38:28] LEARNED aa:bb:cc:dd:ee:01 -> g0_s0:1
[2026-06-27 16:38:28] Unknown Unicast -> aa:bb:cc:dd:ee:02
[2026-06-27 16:38:28] LEARNED aa:bb:cc:dd:ee:02 -> g0_s0:2
[2026-06-27 16:38:28] Unknown Unicast -> aa:bb:cc:dd:ee:03
[2026-06-27 16:38:28] LEARNED aa:bb:cc:dd:ee:03 -> g0_s0:3
[2026-06-27 16:38:28] Unknown Unicast -> aa:bb:cc:dd:ee:04
[2026-06-27 16:38:28] LEARNED aa:bb:cc:dd:ee:04 -> g0_s0:4
[2026-06-27 16:38:28] Unknown Unicast -> aa:bb:cc:dd:ee:05
[2026-06-27 16:38:28] LEARNED aa:bb:cc:dd:ee:05 -> g0_s0:1
[2026-06-27 16:38:28] Unknown Unicast -> aa:bb:cc:dd:ee:06
[2026-06-27 16:38:28] LEARNED aa:bb:cc:dd:ee:06 -> g0_s0:2
[2026-06-27 16:38:28] Unknown Unicast -> aa:bb:cc:dd:ee:07
[2026-06-27 16:38:29] LEARNED aa:bb:cc:dd:ee:07 -> g0_s0:3
[2026-06-27 16:38:29] Unknown Unicast -> aa:bb:cc:dd:ee:08
[2026-06-27 16:38:29] LEARNED aa:bb:cc:dd:ee:08 -> g0_s0:4
[2026-06-27 16:38:29] Cycle Complete | Entries=8 Learned=40 Updated=0 Expired=32 Evicted=0
[2026-06-27 16:38:34] Cycle Complete | Entries=8 Learned=40 Updated=0 Expired=32 Evicted=0
[2026-06-27 16:38:38] Cycle Complete | Entries=8 Learned=40 Updated=0 Expired=32 Evicted=0
[2026-06-27 16:38:43] Cycle Complete | Entries=8 Learned=40 Updated=0 Expired=32 Evicted=0
[2026-06-27 16:38:48] Cycle Complete | Entries=8 Learned=40 Updated=0 Expired=32 Evicted=0
[2026-06-27 16:38:53] Cycle Complete | Entries=8 Learned=40 Updated=0 Expired=32 Evicted=0
[2026-06-27 16:38:58] Cycle Complete | Entries=8 Learned=40 Updated=0 Expired=32 Evicted=0
[2026-06-27 16:39:03] Cycle Complete | Entries=8 Learned=40 Updated=0 Expired=32 Evicted=0
[2026-06-27 16:39:07] Cycle Complete | Entries=8 Learned=40 Updated=0 Expired=32 Evicted=0
[2026-06-27 16:39:12] Cycle Complete | Entries=8 Learned=40 Updated=0 Expired=32 Evicted=0
[2026-06-27 16:39:17] Cycle Complete | Entries=8 Learned=40 Updated=0 Expired=32 Evicted=0
[2026-06-27 16:39:22] TTL Expired -> aa:bb:cc:dd:ee:01
[2026-06-27 16:39:22] TTL Expired -> aa:bb:cc:dd:ee:02
[2026-06-27 16:39:22] TTL Expired -> aa:bb:cc:dd:ee:03
[2026-06-27 16:39:22] TTL Expired -> aa:bb:cc:dd:ee:04
[2026-06-27 16:39:22] TTL Expired -> aa:bb:cc:dd:ee:05
[2026-06-27 16:39:22] TTL Expired -> aa:bb:cc:dd:ee:06
[2026-06-27 16:39:22] TTL Expired -> aa:bb:cc:dd:ee:07
[2026-06-27 16:39:22] TTL Expired -> aa:bb:cc:dd:ee:08
[2026-06-27 16:39:22] Unknown Unicast -> aa:bb:cc:dd:ee:01
[2026-06-27 16:39:22] LEARNED aa:bb:cc:dd:ee:01 -> g0_s0:1
[2026-06-27 16:39:22] Unknown Unicast -> aa:bb:cc:dd:ee:02
[2026-06-27 16:39:22] LEARNED aa:bb:cc:dd:ee:02 -> g0_s0:2
[2026-06-27 16:39:22] Unknown Unicast -> aa:bb:cc:dd:ee:03
[2026-06-27 16:39:22] LEARNED aa:bb:cc:dd:ee:03 -> g0_s0:3
[2026-06-27 16:39:22] Unknown Unicast -> aa:bb:cc:dd:ee:04
[2026-06-27 16:39:22] LEARNED aa:bb:cc:dd:ee:04 -> g0_s0:4
[2026-06-27 16:39:22] Unknown Unicast -> aa:bb:cc:dd:ee:05
[2026-06-27 16:39:22] LEARNED aa:bb:cc:dd:ee:05 -> g0_s0:1
[2026-06-27 16:39:22] Unknown Unicast -> aa:bb:cc:dd:ee:06
[2026-06-27 16:39:22] LEARNED aa:bb:cc:dd:ee:06 -> g0_s0:2
[2026-06-27 16:39:22] Unknown Unicast -> aa:bb:cc:dd:ee:07
[2026-06-27 16:39:22] LEARNED aa:bb:cc:dd:ee:07 -> g0_s0:3
[2026-06-27 16:39:22] Unknown Unicast -> aa:bb:cc:dd:ee:08
[2026-06-27 16:39:22] LEARNED aa:bb:cc:dd:ee:08 -> g0_s0:4
[2026-06-27 16:39:22] Cycle Complete | Entries=8 Learned=48 Updated=0 Expired=40 Evicted=0
[2026-06-27 16:39:28] Cycle Complete | Entries=8 Learned=48 Updated=0 Expired=40 Evicted=0
[2026-06-27 16:39:33] Cycle Complete | Entries=8 Learned=48 Updated=0 Expired=40 Evicted=0
[2026-06-27 16:39:38] Cycle Complete | Entries=8 Learned=48 Updated=0 Expired=40 Evicted=0
[2026-06-27 16:39:42] Cycle Complete | Entries=8 Learned=48 Updated=0 Expired=40 Evicted=0
[2026-06-27 16:39:47] Cycle Complete | Entries=8 Learned=48 Updated=0 Expired=40 Evicted=0
[2026-06-27 16:39:52] Cycle Complete | Entries=8 Learned=48 Updated=0 Expired=40 Evicted=0
[2026-06-27 16:39:57] Cycle Complete | Entries=8 Learned=48 Updated=0 Expired=40 Evicted=0
[2026-06-27 16:40:02] Cycle Complete | Entries=8 Learned=48 Updated=0 Expired=40 Evicted=0
[2026-06-27 16:40:07] Cycle Complete | Entries=8 Learned=48 Updated=0 Expired=40 Evicted=0
[2026-06-27 16:40:11] Cycle Complete | Entries=8 Learned=48 Updated=0 Expired=40 Evicted=0
[2026-06-27 16:40:16] TTL Expired -> aa:bb:cc:dd:ee:01
[2026-06-27 16:40:16] TTL Expired -> aa:bb:cc:dd:ee:02
[2026-06-27 16:40:16] TTL Expired -> aa:bb:cc:dd:ee:03
[2026-06-27 16:40:16] TTL Expired -> aa:bb:cc:dd:ee:04
[2026-06-27 16:40:16] TTL Expired -> aa:bb:cc:dd:ee:05
[2026-06-27 16:40:16] TTL Expired -> aa:bb:cc:dd:ee:06
[2026-06-27 16:40:16] TTL Expired -> aa:bb:cc:dd:ee:07
[2026-06-27 16:40:16] TTL Expired -> aa:bb:cc:dd:ee:08
[2026-06-27 16:40:16] Unknown Unicast -> aa:bb:cc:dd:ee:01
[2026-06-27 16:40:16] LEARNED aa:bb:cc:dd:ee:01 -> g0_s0:1
[2026-06-27 16:40:16] Unknown Unicast -> aa:bb:cc:dd:ee:02
[2026-06-27 16:40:16] LEARNED aa:bb:cc:dd:ee:02 -> g0_s0:2
[2026-06-27 16:40:16] Unknown Unicast -> aa:bb:cc:dd:ee:03
[2026-06-27 16:40:16] LEARNED aa:bb:cc:dd:ee:03 -> g0_s0:3
[2026-06-27 16:40:16] Unknown Unicast -> aa:bb:cc:dd:ee:04
[2026-06-27 16:40:16] LEARNED aa:bb:cc:dd:ee:04 -> g0_s0:4
[2026-06-27 16:40:16] Unknown Unicast -> aa:bb:cc:dd:ee:05
[2026-06-27 16:40:16] LEARNED aa:bb:cc:dd:ee:05 -> g0_s0:1
[2026-06-27 16:40:16] Unknown Unicast -> aa:bb:cc:dd:ee:06
[2026-06-27 16:40:16] LEARNED aa:bb:cc:dd:ee:06 -> g0_s0:2
[2026-06-27 16:40:16] Unknown Unicast -> aa:bb:cc:dd:ee:07
[2026-06-27 16:40:16] LEARNED aa:bb:cc:dd:ee:07 -> g0_s0:3
[2026-06-27 16:40:16] Unknown Unicast -> aa:bb:cc:dd:ee:08
[2026-06-27 16:40:16] LEARNED aa:bb:cc:dd:ee:08 -> g0_s0:4
[2026-06-27 16:40:16] Cycle Complete | Entries=8 Learned=56 Updated=0 Expired=48 Evicted=0
[2026-06-27 16:40:21] Cycle Complete | Entries=8 Learned=56 Updated=0 Expired=48 Evicted=0
[2026-06-27 16:40:26] Cycle Complete | Entries=8 Learned=56 Updated=0 Expired=48 Evicted=0
[2026-06-27 16:40:32] Cycle Complete | Entries=8 Learned=56 Updated=0 Expired=48 Evicted=0
[2026-06-27 16:40:37] Cycle Complete | Entries=8 Learned=56 Updated=0 Expired=48 Evicted=0
[2026-06-27 16:40:42] Cycle Complete | Entries=8 Learned=56 Updated=0 Expired=48 Evicted=0
[2026-06-27 16:40:45] Cycle Complete | Entries=8 Learned=56 Updated=0 Expired=48 Evicted=0
[2026-06-27 16:40:50] Cycle Complete | Entries=8 Learned=56 Updated=0 Expired=48 Evicted=0
[2026-06-27 16:40:55] Cycle Complete | Entries=8 Learned=56 Updated=0 Expired=48 Evicted=0
[2026-06-27 16:41:00] Cycle Complete | Entries=8 Learned=56 Updated=0 Expired=48 Evicted=0
[2026-06-27 16:41:06] Cycle Complete | Entries=8 Learned=56 Updated=0 Expired=48 Evicted=0
[2026-06-27 16:41:11] TTL Expired -> aa:bb:cc:dd:ee:01
[2026-06-27 16:41:11] TTL Expired -> aa:bb:cc:dd:ee:02
[2026-06-27 16:41:11] TTL Expired -> aa:bb:cc:dd:ee:03
[2026-06-27 16:41:11] TTL Expired -> aa:bb:cc:dd:ee:04
[2026-06-27 16:41:11] TTL Expired -> aa:bb:cc:dd:ee:05
[2026-06-27 16:41:11] TTL Expired -> aa:bb:cc:dd:ee:06
[2026-06-27 16:41:11] TTL Expired -> aa:bb:cc:dd:ee:07
[2026-06-27 16:41:11] TTL Expired -> aa:bb:cc:dd:ee:08
[2026-06-27 16:41:11] Unknown Unicast -> aa:bb:cc:dd:ee:01
[2026-06-27 16:41:11] LEARNED aa:bb:cc:dd:ee:01 -> g0_s0:1
[2026-06-27 16:41:11] Unknown Unicast -> aa:bb:cc:dd:ee:02
[2026-06-27 16:41:11] LEARNED aa:bb:cc:dd:ee:02 -> g0_s0:2
[2026-06-27 16:41:11] Unknown Unicast -> aa:bb:cc:dd:ee:03
[2026-06-27 16:41:11] LEARNED aa:bb:cc:dd:ee:03 -> g0_s0:3
[2026-06-27 16:41:11] Unknown Unicast -> aa:bb:cc:dd:ee:04
[2026-06-27 16:41:11] LEARNED aa:bb:cc:dd:ee:04 -> g0_s0:4
[2026-06-27 16:41:11] Unknown Unicast -> aa:bb:cc:dd:ee:05
[2026-06-27 16:41:11] LEARNED aa:bb:cc:dd:ee:05 -> g0_s0:1
[2026-06-27 16:41:11] Unknown Unicast -> aa:bb:cc:dd:ee:06
[2026-06-27 16:41:11] LEARNED aa:bb:cc:dd:ee:06 -> g0_s0:2
[2026-06-27 16:41:11] Unknown Unicast -> aa:bb:cc:dd:ee:07
[2026-06-27 16:41:11] LEARNED aa:bb:cc:dd:ee:07 -> g0_s0:3
[2026-06-27 16:41:11] Unknown Unicast -> aa:bb:cc:dd:ee:08
[2026-06-27 16:41:11] LEARNED aa:bb:cc:dd:ee:08 -> g0_s0:4
[2026-06-27 16:41:11] Cycle Complete | Entries=8 Learned=64 Updated=0 Expired=56 Evicted=0
[2026-06-27 16:41:15] Cycle Complete | Entries=8 Learned=64 Updated=0 Expired=56 Evicted=0
[2026-06-27 16:41:20] Cycle Complete | Entries=8 Learned=64 Updated=0 Expired=56 Evicted=0
[2026-06-27 16:41:25] Cycle Complete | Entries=8 Learned=64 Updated=0 Expired=56 Evicted=0
[2026-06-27 16:41:30] Cycle Complete | Entries=8 Learned=64 Updated=0 Expired=56 Evicted=0
[2026-06-27 16:41:35] Cycle Complete | Entries=8 Learned=64 Updated=0 Expired=56 Evicted=0
[2026-06-27 16:41:40] Cycle Complete | Entries=8 Learned=64 Updated=0 Expired=56 Evicted=0
[2026-06-27 16:53:12] Baseline snapshot created (0 entries)
[2026-06-27 16:53:12] Unknown Unicast -> aa:bb:cc:dd:ee:01
[2026-06-27 16:53:12] LEARNED aa:bb:cc:dd:ee:01 -> g0_s0:1
[2026-06-27 16:53:12] Unknown Unicast -> aa:bb:cc:dd:ee:02
[2026-06-27 16:53:12] LEARNED aa:bb:cc:dd:ee:02 -> g0_s1:2
[2026-06-27 16:53:12] Unknown Unicast -> aa:bb:cc:dd:ee:03
[2026-06-27 16:53:12] LEARNED aa:bb:cc:dd:ee:03 -> g0_s0:3
[2026-06-27 16:53:12] Unknown Unicast -> aa:bb:cc:dd:ee:04
[2026-06-27 16:53:12] LEARNED aa:bb:cc:dd:ee:04 -> g1_s0:1
[2026-06-27 16:53:12] Unknown Unicast -> aa:bb:cc:dd:ee:05
[2026-06-27 16:53:12] LEARNED aa:bb:cc:dd:ee:05 -> g0_s1:4
[2026-06-27 16:53:12] Unknown Unicast -> aa:bb:cc:dd:ee:06
[2026-06-27 16:53:12] LEARNED aa:bb:cc:dd:ee:06 -> g1_s0:2
[2026-06-27 16:53:12] Unknown Unicast -> aa:bb:cc:dd:ee:07
[2026-06-27 16:53:12] LEARNED aa:bb:cc:dd:ee:07 -> g1_s1:3
[2026-06-27 16:53:12] Unknown Unicast -> aa:bb:cc:dd:ee:08
[2026-06-27 16:53:12] LEARNED aa:bb:cc:dd:ee:08 -> g1_s1:4
[2026-06-27 16:53:12] Cycle Complete | Entries=8 Learned=8 Updated=0 Expired=0 Evicted=0
[2026-06-27 16:53:16] Cycle Complete | Entries=8 Learned=8 Updated=8 Expired=0 Evicted=0
[2026-06-27 16:53:21] Cycle Complete | Entries=8 Learned=8 Updated=16 Expired=0 Evicted=0
[2026-06-27 16:53:26] Cycle Complete | Entries=8 Learned=8 Updated=24 Expired=0 Evicted=0
[2026-06-27 16:53:31] Cycle Complete | Entries=8 Learned=8 Updated=32 Expired=0 Evicted=0
[2026-06-27 16:53:36] Cycle Complete | Entries=8 Learned=8 Updated=40 Expired=0 Evicted=0
[2026-06-27 16:53:41] Cycle Complete | Entries=8 Learned=8 Updated=48 Expired=0 Evicted=0
[2026-06-27 16:53:46] TTL Expired -> aa:bb:cc:dd:ee:01
[2026-06-27 16:53:46] TTL Expired -> aa:bb:cc:dd:ee:02
[2026-06-27 16:53:46] Unknown Unicast -> aa:bb:cc:dd:ee:01
[2026-06-27 16:53:46] LEARNED aa:bb:cc:dd:ee:01 -> g0_s0:1
[2026-06-27 16:53:46] Unknown Unicast -> aa:bb:cc:dd:ee:02
[2026-06-27 16:53:46] LEARNED aa:bb:cc:dd:ee:02 -> g0_s1:2
[2026-06-27 16:53:46] Cycle Complete | Entries=8 Learned=10 Updated=54 Expired=2 Evicted=0
[2026-06-27 16:53:50] Cycle Complete | Entries=8 Learned=10 Updated=62 Expired=2 Evicted=0
[2026-06-27 16:53:55] TTL Expired -> aa:bb:cc:dd:ee:03
[2026-06-27 16:53:55] TTL Expired -> aa:bb:cc:dd:ee:04
[2026-06-27 16:53:55] Unknown Unicast -> aa:bb:cc:dd:ee:03
[2026-06-27 16:53:55] LEARNED aa:bb:cc:dd:ee:03 -> g0_s0:3
[2026-06-27 16:53:55] Unknown Unicast -> aa:bb:cc:dd:ee:04
[2026-06-27 16:53:55] LEARNED aa:bb:cc:dd:ee:04 -> g1_s0:1
[2026-06-27 16:53:55] Cycle Complete | Entries=8 Learned=12 Updated=68 Expired=4 Evicted=0
[2026-06-27 16:54:00] Cycle Complete | Entries=8 Learned=12 Updated=76 Expired=4 Evicted=0
[2026-06-27 16:54:05] TTL Expired -> aa:bb:cc:dd:ee:05
[2026-06-27 16:54:05] TTL Expired -> aa:bb:cc:dd:ee:06
[2026-06-27 16:54:05] Unknown Unicast -> aa:bb:cc:dd:ee:05
[2026-06-27 16:54:05] LEARNED aa:bb:cc:dd:ee:05 -> g0_s1:4
[2026-06-27 16:54:05] Unknown Unicast -> aa:bb:cc:dd:ee:06
[2026-06-27 16:54:05] LEARNED aa:bb:cc:dd:ee:06 -> g1_s0:2
[2026-06-27 16:54:05] Cycle Complete | Entries=8 Learned=14 Updated=82 Expired=6 Evicted=0
[2026-06-27 16:54:10] Cycle Complete | Entries=8 Learned=14 Updated=90 Expired=6 Evicted=0
[2026-06-27 16:54:15] TTL Expired -> aa:bb:cc:dd:ee:07
[2026-06-27 16:54:15] TTL Expired -> aa:bb:cc:dd:ee:08
[2026-06-27 16:54:16] Unknown Unicast -> aa:bb:cc:dd:ee:07
[2026-06-27 16:54:16] LEARNED aa:bb:cc:dd:ee:07 -> g1_s1:3
[2026-06-27 16:54:16] Unknown Unicast -> aa:bb:cc:dd:ee:08
[2026-06-27 16:54:16] LEARNED aa:bb:cc:dd:ee:08 -> g1_s1:4
[2026-06-27 16:54:16] Cycle Complete | Entries=8 Learned=16 Updated=96 Expired=8 Evicted=0
[2026-06-27 16:54:19] TTL Expired -> aa:bb:cc:dd:ee:01
[2026-06-27 16:54:19] TTL Expired -> aa:bb:cc:dd:ee:02
[2026-06-27 16:54:19] Unknown Unicast -> aa:bb:cc:dd:ee:01
[2026-06-27 16:54:19] LEARNED aa:bb:cc:dd:ee:01 -> g0_s0:1
[2026-06-27 16:54:19] Unknown Unicast -> aa:bb:cc:dd:ee:02
[2026-06-27 16:54:19] LEARNED aa:bb:cc:dd:ee:02 -> g0_s1:2
[2026-06-27 16:54:19] Cycle Complete | Entries=8 Learned=18 Updated=102 Expired=10 Evicted=0
[2026-06-27 16:54:25] Cycle Complete | Entries=8 Learned=18 Updated=110 Expired=10 Evicted=0
[2026-06-27 16:54:30] Cycle Complete | Entries=8 Learned=18 Updated=118 Expired=10 Evicted=0
[2026-06-27 16:54:35] Cycle Complete | Entries=8 Learned=18 Updated=126 Expired=10 Evicted=0
[2026-06-27 16:54:40] TTL Expired -> aa:bb:cc:dd:ee:03
[2026-06-27 16:54:40] TTL Expired -> aa:bb:cc:dd:ee:04
[2026-06-27 16:54:40] Unknown Unicast -> aa:bb:cc:dd:ee:03
[2026-06-27 16:54:40] LEARNED aa:bb:cc:dd:ee:03 -> g0_s0:3
[2026-06-27 16:54:40] Unknown Unicast -> aa:bb:cc:dd:ee:04
[2026-06-27 16:54:40] LEARNED aa:bb:cc:dd:ee:04 -> g1_s0:1
[2026-06-27 16:54:40] Cycle Complete | Entries=8 Learned=20 Updated=132 Expired=12 Evicted=0
[2026-06-27 16:54:45] Cycle Complete | Entries=8 Learned=20 Updated=140 Expired=12 Evicted=0
[2026-06-27 16:54:50] Cycle Complete | Entries=8 Learned=20 Updated=148 Expired=12 Evicted=0
[2026-06-27 16:54:54] TTL Expired -> aa:bb:cc:dd:ee:01
[2026-06-27 16:54:54] TTL Expired -> aa:bb:cc:dd:ee:02
[2026-06-27 16:54:54] Unknown Unicast -> aa:bb:cc:dd:ee:01
[2026-06-27 16:54:54] LEARNED aa:bb:cc:dd:ee:01 -> g0_s0:1
[2026-06-27 16:54:54] Unknown Unicast -> aa:bb:cc:dd:ee:02
[2026-06-27 16:54:54] LEARNED aa:bb:cc:dd:ee:02 -> g0_s1:2
[2026-06-27 16:54:54] Cycle Complete | Entries=8 Learned=22 Updated=154 Expired=14 Evicted=0
[2026-06-27 16:54:59] TTL Expired -> aa:bb:cc:dd:ee:05
[2026-06-27 16:54:59] TTL Expired -> aa:bb:cc:dd:ee:06
[2026-06-27 16:54:59] Unknown Unicast -> aa:bb:cc:dd:ee:05
[2026-06-27 16:54:59] LEARNED aa:bb:cc:dd:ee:05 -> g0_s1:4
[2026-06-27 16:54:59] Unknown Unicast -> aa:bb:cc:dd:ee:06
[2026-06-27 16:54:59] LEARNED aa:bb:cc:dd:ee:06 -> g1_s0:2
[2026-06-27 16:54:59] Cycle Complete | Entries=8 Learned=24 Updated=160 Expired=16 Evicted=0
[2026-06-27 16:55:04] Cycle Complete | Entries=8 Learned=24 Updated=168 Expired=16 Evicted=0
[2026-06-27 16:55:09] Cycle Complete | Entries=8 Learned=24 Updated=176 Expired=16 Evicted=0
[2026-06-27 16:55:14] Cycle Complete | Entries=8 Learned=24 Updated=184 Expired=16 Evicted=0
[2026-06-27 16:55:19] TTL Expired -> aa:bb:cc:dd:ee:07
[2026-06-27 16:55:19] TTL Expired -> aa:bb:cc:dd:ee:08
[2026-06-27 16:55:19] Unknown Unicast -> aa:bb:cc:dd:ee:07
[2026-06-27 16:55:19] LEARNED aa:bb:cc:dd:ee:07 -> g1_s1:3
[2026-06-27 16:55:19] Unknown Unicast -> aa:bb:cc:dd:ee:08
[2026-06-27 16:55:19] LEARNED aa:bb:cc:dd:ee:08 -> g1_s1:4
[2026-06-27 16:55:19] Cycle Complete | Entries=8 Learned=26 Updated=190 Expired=18 Evicted=0
[2026-06-27 16:55:23] TTL Expired -> aa:bb:cc:dd:ee:03
[2026-06-27 16:55:23] TTL Expired -> aa:bb:cc:dd:ee:04
[2026-06-27 16:55:23] Unknown Unicast -> aa:bb:cc:dd:ee:03
[2026-06-27 16:55:23] LEARNED aa:bb:cc:dd:ee:03 -> g0_s0:3
[2026-06-27 16:55:23] Unknown Unicast -> aa:bb:cc:dd:ee:04
[2026-06-27 16:55:23] LEARNED aa:bb:cc:dd:ee:04 -> g1_s0:1
[2026-06-27 16:55:23] Cycle Complete | Entries=8 Learned=28 Updated=196 Expired=20 Evicted=0
[2026-06-27 16:55:28] TTL Expired -> aa:bb:cc:dd:ee:01
[2026-06-27 16:55:28] TTL Expired -> aa:bb:cc:dd:ee:02
[2026-06-27 16:55:28] Unknown Unicast -> aa:bb:cc:dd:ee:01
[2026-06-27 16:55:28] LEARNED aa:bb:cc:dd:ee:01 -> g0_s0:1
[2026-06-27 16:55:28] Unknown Unicast -> aa:bb:cc:dd:ee:02
[2026-06-27 16:55:28] LEARNED aa:bb:cc:dd:ee:02 -> g0_s1:2
[2026-06-27 16:55:28] Cycle Complete | Entries=8 Learned=30 Updated=202 Expired=22 Evicted=0
[2026-06-27 16:55:33] Cycle Complete | Entries=8 Learned=30 Updated=210 Expired=22 Evicted=0
[2026-06-27 17:00:22] Baseline snapshot created (0 entries)
[2026-06-27 17:00:22] Unknown Unicast -> aa:bb:cc:dd:ee:01
[2026-06-27 17:00:22] LEARNED aa:bb:cc:dd:ee:01 -> g0_s0:1
[2026-06-27 17:00:22] Unknown Unicast -> aa:bb:cc:dd:ee:02
[2026-06-27 17:00:22] LEARNED aa:bb:cc:dd:ee:02 -> g0_s1:2
[2026-06-27 17:00:22] Unknown Unicast -> aa:bb:cc:dd:ee:03
[2026-06-27 17:00:22] LEARNED aa:bb:cc:dd:ee:03 -> g0_s0:3
[2026-06-27 17:00:22] Unknown Unicast -> aa:bb:cc:dd:ee:04
[2026-06-27 17:00:22] LEARNED aa:bb:cc:dd:ee:04 -> g1_s0:1
[2026-06-27 17:00:22] Unknown Unicast -> aa:bb:cc:dd:ee:05
[2026-06-27 17:00:22] LEARNED aa:bb:cc:dd:ee:05 -> g0_s1:4
[2026-06-27 17:00:22] Unknown Unicast -> aa:bb:cc:dd:ee:06
[2026-06-27 17:00:22] LEARNED aa:bb:cc:dd:ee:06 -> g1_s0:2
[2026-06-27 17:00:22] Unknown Unicast -> aa:bb:cc:dd:ee:07
[2026-06-27 17:00:22] LEARNED aa:bb:cc:dd:ee:07 -> g1_s1:3
[2026-06-27 17:00:22] Unknown Unicast -> aa:bb:cc:dd:ee:08
[2026-06-27 17:00:22] LEARNED aa:bb:cc:dd:ee:08 -> g1_s1:4
[2026-06-27 17:00:22] Cycle Complete | Entries=8 Learned=8 Updated=0 Expired=0 Evicted=0
[2026-06-27 17:00:27] Cycle Complete | Entries=8 Learned=8 Updated=8 Expired=0 Evicted=0
[2026-06-27 17:00:32] Cycle Complete | Entries=8 Learned=8 Updated=16 Expired=0 Evicted=0
[2026-06-27 17:00:36] Cycle Complete | Entries=8 Learned=8 Updated=24 Expired=0 Evicted=0
[2026-06-27 17:00:41] Cycle Complete | Entries=8 Learned=8 Updated=32 Expired=0 Evicted=0
[2026-06-27 17:00:42] Baseline snapshot created (0 entries)
[2026-06-27 17:00:42] Unknown Unicast -> aa:bb:cc:dd:ee:01
[2026-06-27 17:00:42] LEARNED aa:bb:cc:dd:ee:01 -> g0_s0:1
[2026-06-27 17:00:42] Unknown Unicast -> aa:bb:cc:dd:ee:02
[2026-06-27 17:00:42] LEARNED aa:bb:cc:dd:ee:02 -> g0_s1:2
[2026-06-27 17:00:42] Unknown Unicast -> aa:bb:cc:dd:ee:03
[2026-06-27 17:00:42] LEARNED aa:bb:cc:dd:ee:03 -> g0_s0:3
[2026-06-27 17:00:42] Unknown Unicast -> aa:bb:cc:dd:ee:04
[2026-06-27 17:00:42] LEARNED aa:bb:cc:dd:ee:04 -> g1_s0:1
[2026-06-27 17:00:42] Unknown Unicast -> aa:bb:cc:dd:ee:05
[2026-06-27 17:00:42] LEARNED aa:bb:cc:dd:ee:05 -> g0_s1:4
[2026-06-27 17:00:42] Unknown Unicast -> aa:bb:cc:dd:ee:06
[2026-06-27 17:00:42] LEARNED aa:bb:cc:dd:ee:06 -> g1_s0:2
[2026-06-27 17:00:42] Unknown Unicast -> aa:bb:cc:dd:ee:07
[2026-06-27 17:00:42] LEARNED aa:bb:cc:dd:ee:07 -> g1_s1:3
[2026-06-27 17:00:42] Unknown Unicast -> aa:bb:cc:dd:ee:08
[2026-06-27 17:00:42] LEARNED aa:bb:cc:dd:ee:08 -> g1_s1:4
[2026-06-27 17:00:42] Cycle Complete | Entries=8 Learned=8 Updated=0 Expired=0 Evicted=0
[2026-06-27 17:00:46] Cycle Complete | Entries=8 Learned=8 Updated=40 Expired=0 Evicted=0
[2026-06-27 17:00:51] Cycle Complete | Entries=8 Learned=8 Updated=48 Expired=0 Evicted=0
[2026-06-27 17:00:56] TTL Expired -> aa:bb:cc:dd:ee:01
[2026-06-27 17:00:56] TTL Expired -> aa:bb:cc:dd:ee:02
[2026-06-27 17:00:56] Unknown Unicast -> aa:bb:cc:dd:ee:01
[2026-06-27 17:00:56] LEARNED aa:bb:cc:dd:ee:01 -> g0_s0:1
[2026-06-27 17:00:56] Unknown Unicast -> aa:bb:cc:dd:ee:02
[2026-06-27 17:00:56] LEARNED aa:bb:cc:dd:ee:02 -> g0_s1:2
[2026-06-27 17:00:56] Cycle Complete | Entries=8 Learned=10 Updated=54 Expired=2 Evicted=0
[2026-06-27 17:01:01] Cycle Complete | Entries=8 Learned=10 Updated=62 Expired=2 Evicted=0
[2026-06-27 17:01:05] TTL Expired -> aa:bb:cc:dd:ee:03
[2026-06-27 17:01:05] TTL Expired -> aa:bb:cc:dd:ee:04
[2026-06-27 17:01:05] Unknown Unicast -> aa:bb:cc:dd:ee:03
[2026-06-27 17:01:05] LEARNED aa:bb:cc:dd:ee:03 -> g0_s0:3
[2026-06-27 17:01:05] Unknown Unicast -> aa:bb:cc:dd:ee:04
[2026-06-27 17:01:05] LEARNED aa:bb:cc:dd:ee:04 -> g1_s0:1
[2026-06-27 17:01:05] Cycle Complete | Entries=8 Learned=12 Updated=68 Expired=4 Evicted=0
[2026-06-27 17:01:10] Cycle Complete | Entries=8 Learned=12 Updated=76 Expired=4 Evicted=0
[2026-06-27 17:01:15] TTL Expired -> aa:bb:cc:dd:ee:05
[2026-06-27 17:01:15] TTL Expired -> aa:bb:cc:dd:ee:06
[2026-06-27 17:01:15] Unknown Unicast -> aa:bb:cc:dd:ee:05
[2026-06-27 17:01:15] LEARNED aa:bb:cc:dd:ee:05 -> g0_s1:4
[2026-06-27 17:01:15] Unknown Unicast -> aa:bb:cc:dd:ee:06
[2026-06-27 17:01:15] LEARNED aa:bb:cc:dd:ee:06 -> g1_s0:2
[2026-06-27 17:01:15] Cycle Complete | Entries=8 Learned=14 Updated=82 Expired=6 Evicted=0
[2026-06-27 17:01:21] Cycle Complete | Entries=8 Learned=14 Updated=90 Expired=6 Evicted=0
[2026-06-27 17:01:26] TTL Expired -> aa:bb:cc:dd:ee:07
[2026-06-27 17:01:26] TTL Expired -> aa:bb:cc:dd:ee:08
[2026-06-27 17:01:26] Unknown Unicast -> aa:bb:cc:dd:ee:07
[2026-06-27 17:01:26] LEARNED aa:bb:cc:dd:ee:07 -> g1_s1:3
[2026-06-27 17:01:26] Unknown Unicast -> aa:bb:cc:dd:ee:08
[2026-06-27 17:01:26] LEARNED aa:bb:cc:dd:ee:08 -> g1_s1:4
[2026-06-27 17:01:26] Cycle Complete | Entries=8 Learned=16 Updated=96 Expired=8 Evicted=0
[2026-06-27 17:01:31] TTL Expired -> aa:bb:cc:dd:ee:01
[2026-06-27 17:01:31] TTL Expired -> aa:bb:cc:dd:ee:02
[2026-06-27 17:01:31] Unknown Unicast -> aa:bb:cc:dd:ee:01
[2026-06-27 17:01:31] LEARNED aa:bb:cc:dd:ee:01 -> g0_s0:1
[2026-06-27 17:01:31] Unknown Unicast -> aa:bb:cc:dd:ee:02
[2026-06-27 17:01:31] LEARNED aa:bb:cc:dd:ee:02 -> g0_s1:2
[2026-06-27 17:01:31] Cycle Complete | Entries=8 Learned=18 Updated=102 Expired=10 Evicted=0
[2026-06-27 17:01:35] Cycle Complete | Entries=8 Learned=18 Updated=110 Expired=10 Evicted=0
[2026-06-27 17:01:40] Cycle Complete | Entries=8 Learned=18 Updated=118 Expired=10 Evicted=0
[2026-06-27 17:01:45] Cycle Complete | Entries=8 Learned=18 Updated=126 Expired=10 Evicted=0
[2026-06-27 17:01:50] TTL Expired -> aa:bb:cc:dd:ee:03
[2026-06-27 17:01:50] TTL Expired -> aa:bb:cc:dd:ee:04
[2026-06-27 17:01:50] Unknown Unicast -> aa:bb:cc:dd:ee:03
[2026-06-27 17:01:50] LEARNED aa:bb:cc:dd:ee:03 -> g0_s0:3
[2026-06-27 17:01:50] Unknown Unicast -> aa:bb:cc:dd:ee:04
[2026-06-27 17:01:50] LEARNED aa:bb:cc:dd:ee:04 -> g1_s0:1
[2026-06-27 17:01:50] Cycle Complete | Entries=8 Learned=20 Updated=132 Expired=12 Evicted=0
[2026-06-27 17:01:55] Cycle Complete | Entries=8 Learned=20 Updated=140 Expired=12 Evicted=0
[2026-06-27 17:02:00] Cycle Complete | Entries=8 Learned=20 Updated=148 Expired=12 Evicted=0
[2026-06-27 17:02:05] TTL Expired -> aa:bb:cc:dd:ee:01
[2026-06-27 17:02:05] TTL Expired -> aa:bb:cc:dd:ee:02
[2026-06-27 17:02:05] Unknown Unicast -> aa:bb:cc:dd:ee:01
[2026-06-27 17:02:05] LEARNED aa:bb:cc:dd:ee:01 -> g0_s0:1
[2026-06-27 17:02:05] Unknown Unicast -> aa:bb:cc:dd:ee:02
[2026-06-27 17:02:05] LEARNED aa:bb:cc:dd:ee:02 -> g0_s1:2
[2026-06-27 17:02:05] Cycle Complete | Entries=8 Learned=22 Updated=154 Expired=14 Evicted=0
[2026-06-27 17:02:09] TTL Expired -> aa:bb:cc:dd:ee:05
[2026-06-27 17:02:09] TTL Expired -> aa:bb:cc:dd:ee:06
[2026-06-27 17:02:09] Unknown Unicast -> aa:bb:cc:dd:ee:05
[2026-06-27 17:02:09] LEARNED aa:bb:cc:dd:ee:05 -> g0_s1:4
[2026-06-27 17:02:09] Unknown Unicast -> aa:bb:cc:dd:ee:06
[2026-06-27 17:02:09] LEARNED aa:bb:cc:dd:ee:06 -> g1_s0:2
[2026-06-27 17:02:09] Cycle Complete | Entries=8 Learned=24 Updated=160 Expired=16 Evicted=0
[2026-06-27 17:02:14] Cycle Complete | Entries=8 Learned=24 Updated=168 Expired=16 Evicted=0
[2026-06-27 17:02:19] Cycle Complete | Entries=8 Learned=24 Updated=176 Expired=16 Evicted=0
[2026-06-27 17:02:24] Cycle Complete | Entries=8 Learned=24 Updated=184 Expired=16 Evicted=0
[2026-06-27 17:02:29] TTL Expired -> aa:bb:cc:dd:ee:07
[2026-06-27 17:02:29] TTL Expired -> aa:bb:cc:dd:ee:08
[2026-06-27 17:02:29] Unknown Unicast -> aa:bb:cc:dd:ee:07
[2026-06-27 17:02:29] LEARNED aa:bb:cc:dd:ee:07 -> g1_s1:3
[2026-06-27 17:02:29] Unknown Unicast -> aa:bb:cc:dd:ee:08
[2026-06-27 17:02:29] LEARNED aa:bb:cc:dd:ee:08 -> g1_s1:4
[2026-06-27 17:02:29] Cycle Complete | Entries=8 Learned=26 Updated=190 Expired=18 Evicted=0
[2026-06-27 17:02:34] TTL Expired -> aa:bb:cc:dd:ee:03
[2026-06-27 17:02:34] TTL Expired -> aa:bb:cc:dd:ee:04
[2026-06-27 17:02:34] Unknown Unicast -> aa:bb:cc:dd:ee:03
[2026-06-27 17:02:34] LEARNED aa:bb:cc:dd:ee:03 -> g0_s0:3
[2026-06-27 17:02:34] Unknown Unicast -> aa:bb:cc:dd:ee:04
[2026-06-27 17:02:34] LEARNED aa:bb:cc:dd:ee:04 -> g1_s0:1
[2026-06-27 17:02:34] Cycle Complete | Entries=8 Learned=28 Updated=196 Expired=20 Evicted=0
[2026-06-27 17:02:38] TTL Expired -> aa:bb:cc:dd:ee:01
[2026-06-27 17:02:38] TTL Expired -> aa:bb:cc:dd:ee:02
[2026-06-27 17:02:38] Unknown Unicast -> aa:bb:cc:dd:ee:01
[2026-06-27 17:02:38] LEARNED aa:bb:cc:dd:ee:01 -> g0_s0:1
[2026-06-27 17:02:38] Unknown Unicast -> aa:bb:cc:dd:ee:02
[2026-06-27 17:02:38] LEARNED aa:bb:cc:dd:ee:02 -> g0_s1:2
[2026-06-27 17:02:38] Cycle Complete | Entries=8 Learned=30 Updated=202 Expired=22 Evicted=0
[2026-06-27 17:02:43] Cycle Complete | Entries=8 Learned=30 Updated=210 Expired=22 Evicted=0
[2026-06-27 17:02:48] Cycle Complete | Entries=8 Learned=30 Updated=218 Expired=22 Evicted=0
[2026-06-27 17:02:54] Baseline snapshot created (0 entries)
[2026-06-27 17:02:54] Unknown Unicast -> aa:bb:cc:dd:ee:01
[2026-06-27 17:02:54] LEARNED aa:bb:cc:dd:ee:01 -> g0_s0:1
[2026-06-27 17:02:54] Unknown Unicast -> aa:bb:cc:dd:ee:02
[2026-06-27 17:02:54] LEARNED aa:bb:cc:dd:ee:02 -> g0_s1:2
[2026-06-27 17:02:54] Unknown Unicast -> aa:bb:cc:dd:ee:03
[2026-06-27 17:02:54] LEARNED aa:bb:cc:dd:ee:03 -> g0_s0:3
[2026-06-27 17:02:54] Unknown Unicast -> aa:bb:cc:dd:ee:04
[2026-06-27 17:02:54] LEARNED aa:bb:cc:dd:ee:04 -> g1_s0:1
[2026-06-27 17:02:54] Unknown Unicast -> aa:bb:cc:dd:ee:05
[2026-06-27 17:02:54] LEARNED aa:bb:cc:dd:ee:05 -> g0_s1:4
[2026-06-27 17:02:54] Unknown Unicast -> aa:bb:cc:dd:ee:06
[2026-06-27 17:02:54] LEARNED aa:bb:cc:dd:ee:06 -> g1_s0:2
[2026-06-27 17:02:54] Unknown Unicast -> aa:bb:cc:dd:ee:07
[2026-06-27 17:02:54] LEARNED aa:bb:cc:dd:ee:07 -> g1_s1:3
[2026-06-27 17:02:54] Unknown Unicast -> aa:bb:cc:dd:ee:08
[2026-06-27 17:02:54] LEARNED aa:bb:cc:dd:ee:08 -> g1_s1:4
[2026-06-27 17:02:54] Cycle Complete | Entries=8 Learned=8 Updated=0 Expired=0 Evicted=0
[2026-06-27 17:02:59] Cycle Complete | Entries=8 Learned=8 Updated=8 Expired=0 Evicted=0
[2026-06-27 17:03:04] Cycle Complete | Entries=8 Learned=8 Updated=16 Expired=0 Evicted=0
[2026-06-27 17:07:19] Baseline snapshot created (0 entries)
[2026-06-27 17:07:19] Unknown Unicast -> aa:bb:cc:dd:ee:01
[2026-06-27 17:07:19] LEARNED aa:bb:cc:dd:ee:01 -> g0_s0:1
[2026-06-27 17:07:19] Unknown Unicast -> aa:bb:cc:dd:ee:02
[2026-06-27 17:07:19] LEARNED aa:bb:cc:dd:ee:02 -> g0_s1:2
[2026-06-27 17:07:19] Unknown Unicast -> aa:bb:cc:dd:ee:03
[2026-06-27 17:07:19] LEARNED aa:bb:cc:dd:ee:03 -> g0_s0:3
[2026-06-27 17:07:19] Unknown Unicast -> aa:bb:cc:dd:ee:04
[2026-06-27 17:07:19] LEARNED aa:bb:cc:dd:ee:04 -> g1_s0:1
[2026-06-27 17:07:19] Unknown Unicast -> aa:bb:cc:dd:ee:05
[2026-06-27 17:07:19] LEARNED aa:bb:cc:dd:ee:05 -> g0_s1:4
[2026-06-27 17:07:19] Unknown Unicast -> aa:bb:cc:dd:ee:06
[2026-06-27 17:07:20] LEARNED aa:bb:cc:dd:ee:06 -> g1_s0:2
[2026-06-27 17:07:20] Unknown Unicast -> aa:bb:cc:dd:ee:07
[2026-06-27 17:07:20] LEARNED aa:bb:cc:dd:ee:07 -> g1_s1:3
[2026-06-27 17:07:20] Unknown Unicast -> aa:bb:cc:dd:ee:08
[2026-06-27 17:07:20] LEARNED aa:bb:cc:dd:ee:08 -> g1_s1:4
[2026-06-27 17:07:20] Cycle Complete | Entries=8 Learned=8 Updated=0 Expired=0 Evicted=0
[2026-06-27 17:07:25] Cycle Complete | Entries=8 Learned=8 Updated=8 Expired=0 Evicted=0
[2026-06-27 17:07:30] Cycle Complete | Entries=8 Learned=8 Updated=16 Expired=0 Evicted=0
[2026-06-27 17:07:35] Cycle Complete | Entries=8 Learned=8 Updated=24 Expired=0 Evicted=0
[2026-06-27 17:07:40] Cycle Complete | Entries=8 Learned=8 Updated=32 Expired=0 Evicted=0
[2026-06-27 17:07:45] Cycle Complete | Entries=8 Learned=8 Updated=40 Expired=0 Evicted=0
[2026-06-27 17:07:49] Cycle Complete | Entries=8 Learned=8 Updated=48 Expired=0 Evicted=0
[2026-06-27 17:07:54] TTL Expired -> aa:bb:cc:dd:ee:01
[2026-06-27 17:07:54] TTL Expired -> aa:bb:cc:dd:ee:02
[2026-06-27 17:07:54] Unknown Unicast -> aa:bb:cc:dd:ee:01
[2026-06-27 17:07:54] LEARNED aa:bb:cc:dd:ee:01 -> g0_s0:1
[2026-06-27 17:07:54] Unknown Unicast -> aa:bb:cc:dd:ee:02
[2026-06-27 17:07:54] LEARNED aa:bb:cc:dd:ee:02 -> g0_s1:2
[2026-06-27 17:07:54] Cycle Complete | Entries=8 Learned=10 Updated=54 Expired=2 Evicted=0
[2026-06-27 17:07:59] Cycle Complete | Entries=8 Learned=10 Updated=62 Expired=2 Evicted=0
[2026-06-27 17:08:04] TTL Expired -> aa:bb:cc:dd:ee:03
[2026-06-27 17:08:04] TTL Expired -> aa:bb:cc:dd:ee:04
[2026-06-27 17:08:04] Unknown Unicast -> aa:bb:cc:dd:ee:03
[2026-06-27 17:08:04] LEARNED aa:bb:cc:dd:ee:03 -> g0_s0:3
[2026-06-27 17:08:04] Unknown Unicast -> aa:bb:cc:dd:ee:04
[2026-06-27 17:08:04] LEARNED aa:bb:cc:dd:ee:04 -> g1_s0:1
[2026-06-27 17:08:04] Cycle Complete | Entries=8 Learned=12 Updated=68 Expired=4 Evicted=0
[2026-06-27 17:08:09] Cycle Complete | Entries=8 Learned=12 Updated=76 Expired=4 Evicted=0
[2026-06-27 17:08:14] TTL Expired -> aa:bb:cc:dd:ee:05
[2026-06-27 17:08:14] TTL Expired -> aa:bb:cc:dd:ee:06
[2026-06-27 17:08:14] Unknown Unicast -> aa:bb:cc:dd:ee:05
[2026-06-27 17:08:14] LEARNED aa:bb:cc:dd:ee:05 -> g0_s1:4
[2026-06-27 17:08:14] Unknown Unicast -> aa:bb:cc:dd:ee:06
[2026-06-27 17:08:14] LEARNED aa:bb:cc:dd:ee:06 -> g1_s0:2
[2026-06-27 17:08:14] Cycle Complete | Entries=8 Learned=14 Updated=82 Expired=6 Evicted=0
[2026-06-27 17:08:20] TTL Expired -> aa:bb:cc:dd:ee:07
[2026-06-27 17:08:20] Unknown Unicast -> aa:bb:cc:dd:ee:07
[2026-06-27 17:08:20] LEARNED aa:bb:cc:dd:ee:07 -> g1_s1:3
[2026-06-27 17:08:20] Cycle Complete | Entries=8 Learned=15 Updated=89 Expired=7 Evicted=0
[2026-06-27 17:08:23] TTL Expired -> aa:bb:cc:dd:ee:08
[2026-06-27 17:08:23] Unknown Unicast -> aa:bb:cc:dd:ee:08
[2026-06-27 17:08:23] LEARNED aa:bb:cc:dd:ee:08 -> g1_s1:4
[2026-06-27 17:08:23] Cycle Complete | Entries=8 Learned=16 Updated=96 Expired=8 Evicted=0
[2026-06-27 17:08:29] TTL Expired -> aa:bb:cc:dd:ee:01
[2026-06-27 17:08:29] TTL Expired -> aa:bb:cc:dd:ee:02
[2026-06-27 17:08:29] Unknown Unicast -> aa:bb:cc:dd:ee:01
[2026-06-27 17:08:29] LEARNED aa:bb:cc:dd:ee:01 -> g0_s0:1
[2026-06-27 17:08:29] Unknown Unicast -> aa:bb:cc:dd:ee:02
[2026-06-27 17:08:29] LEARNED aa:bb:cc:dd:ee:02 -> g0_s1:2
[2026-06-27 17:08:29] Cycle Complete | Entries=8 Learned=18 Updated=102 Expired=10 Evicted=0
[2026-06-27 17:08:34] Cycle Complete | Entries=8 Learned=18 Updated=110 Expired=10 Evicted=0
[2026-06-27 17:08:39] Cycle Complete | Entries=8 Learned=18 Updated=118 Expired=10 Evicted=0
[2026-06-27 17:08:44] Cycle Complete | Entries=8 Learned=18 Updated=126 Expired=10 Evicted=0
[2026-06-27 17:08:49] TTL Expired -> aa:bb:cc:dd:ee:03
[2026-06-27 17:08:49] TTL Expired -> aa:bb:cc:dd:ee:04
[2026-06-27 17:08:49] Unknown Unicast -> aa:bb:cc:dd:ee:03
[2026-06-27 17:08:49] LEARNED aa:bb:cc:dd:ee:03 -> g0_s0:3
[2026-06-27 17:08:49] Unknown Unicast -> aa:bb:cc:dd:ee:04
[2026-06-27 17:08:49] LEARNED aa:bb:cc:dd:ee:04 -> g1_s0:1
[2026-06-27 17:08:49] Cycle Complete | Entries=8 Learned=20 Updated=132 Expired=12 Evicted=0
[2026-06-27 17:08:53] Cycle Complete | Entries=8 Learned=20 Updated=140 Expired=12 Evicted=0
[2026-06-27 17:08:58] Cycle Complete | Entries=8 Learned=20 Updated=148 Expired=12 Evicted=0
[2026-06-27 17:09:09] Baseline snapshot created (0 entries)
[2026-06-27 17:09:09] Unknown Unicast -> aa:bb:cc:dd:ee:01
[2026-06-27 17:09:09] LEARNED aa:bb:cc:dd:ee:01 -> g0_s0:1
[2026-06-27 17:09:09] Unknown Unicast -> aa:bb:cc:dd:ee:02
[2026-06-27 17:09:09] LEARNED aa:bb:cc:dd:ee:02 -> g0_s1:2
[2026-06-27 17:09:09] Unknown Unicast -> aa:bb:cc:dd:ee:03
[2026-06-27 17:09:09] LEARNED aa:bb:cc:dd:ee:03 -> g0_s0:3
[2026-06-27 17:09:09] Unknown Unicast -> aa:bb:cc:dd:ee:04
[2026-06-27 17:09:09] LEARNED aa:bb:cc:dd:ee:04 -> g1_s0:1
[2026-06-27 17:09:09] Unknown Unicast -> aa:bb:cc:dd:ee:05
[2026-06-27 17:09:09] LEARNED aa:bb:cc:dd:ee:05 -> g0_s1:4
[2026-06-27 17:09:09] Unknown Unicast -> aa:bb:cc:dd:ee:06
[2026-06-27 17:09:09] LEARNED aa:bb:cc:dd:ee:06 -> g1_s0:2
[2026-06-27 17:09:09] Unknown Unicast -> aa:bb:cc:dd:ee:07
[2026-06-27 17:09:09] LEARNED aa:bb:cc:dd:ee:07 -> g1_s1:3
[2026-06-27 17:09:09] Unknown Unicast -> aa:bb:cc:dd:ee:08
[2026-06-27 17:09:09] LEARNED aa:bb:cc:dd:ee:08 -> g1_s1:4
[2026-06-27 17:09:09] Cycle Complete | Entries=8 Learned=8 Updated=0 Expired=0 Evicted=0
[2026-06-27 17:09:14] Cycle Complete | Entries=8 Learned=8 Updated=8 Expired=0 Evicted=0
[2026-06-27 17:09:19] Cycle Complete | Entries=8 Learned=8 Updated=16 Expired=0 Evicted=0
[2026-06-27 17:09:23] Cycle Complete | Entries=8 Learned=8 Updated=24 Expired=0 Evicted=0
[2026-06-27 17:10:31] Baseline snapshot created (10 entries)
[2026-06-27 17:10:31] LEARNED 8a:b1:cd:d7:81:d7 -> g0_s0:2
[2026-06-27 17:10:31] LEARNED c2:23:9b:34:6e:f4 -> g0_s0:1
[2026-06-27 17:10:31] LEARNED c6:43:9f:3c:7f:ff -> g0_s0:3
[2026-06-27 17:10:31] LEARNED 4a:c8:5d:2b:9b:7d -> g0_s1:2
[2026-06-27 17:10:31] LEARNED 46:fb:63:d0:25:0b -> g0_s1:1
[2026-06-27 17:10:31] LEARNED 4e:d4:0c:a7:71:8f -> g1_s0:4
[2026-06-27 17:10:31] LEARNED 46:be:5a:1a:aa:d3 -> g1_s0:2
[2026-06-27 17:10:31] LEARNED 52:72:8a:9b:b8:b7 -> g1_s0:3
[2026-06-27 17:10:31] LEARNED 66:9e:5b:a9:66:56 -> g1_s0:1
[2026-06-27 17:10:31] LEARNED 0a:bb:bd:6a:a8:ef -> g1_s1:2
[2026-06-27 17:10:31] LEARNED 7a:20:d8:22:9d:6d -> g2_s0:3
[2026-06-27 17:10:31] LEARNED e2:80:af:ae:2e:58 -> g2_s0:2
[2026-06-27 17:10:31] LEARNED a6:0a:54:83:05:66 -> g2_s1:2
[2026-06-27 17:10:31] LEARNED 62:fb:6e:37:c3:af -> g2_s1:1
[2026-06-27 17:10:31] Unknown Unicast -> aa:bb:cc:dd:ee:01
[2026-06-27 17:10:31] LEARNED aa:bb:cc:dd:ee:01 -> g0_s0:1
[2026-06-27 17:10:31] Unknown Unicast -> aa:bb:cc:dd:ee:02
[2026-06-27 17:10:31] LEARNED aa:bb:cc:dd:ee:02 -> g0_s1:2
[2026-06-27 17:10:31] Unknown Unicast -> aa:bb:cc:dd:ee:03
[2026-06-27 17:10:31] LEARNED aa:bb:cc:dd:ee:03 -> g0_s0:3
[2026-06-27 17:10:31] Unknown Unicast -> aa:bb:cc:dd:ee:04
[2026-06-27 17:10:31] LEARNED aa:bb:cc:dd:ee:04 -> g1_s0:1
[2026-06-27 17:10:31] Unknown Unicast -> aa:bb:cc:dd:ee:05
[2026-06-27 17:10:31] LEARNED aa:bb:cc:dd:ee:05 -> g0_s1:4
[2026-06-27 17:10:31] Unknown Unicast -> aa:bb:cc:dd:ee:06
[2026-06-27 17:10:31] LEARNED aa:bb:cc:dd:ee:06 -> g1_s0:2
[2026-06-27 17:10:31] Unknown Unicast -> aa:bb:cc:dd:ee:07
[2026-06-27 17:10:31] LEARNED aa:bb:cc:dd:ee:07 -> g1_s1:3
[2026-06-27 17:10:31] Unknown Unicast -> aa:bb:cc:dd:ee:08
[2026-06-27 17:10:32] LEARNED aa:bb:cc:dd:ee:08 -> g1_s1:4
[2026-06-27 17:10:32] Cycle Complete | Entries=22 Learned=22 Updated=0 Expired=0 Evicted=0
[2026-06-27 17:10:37] MAC FLAP 66:9e:5b:a9:66:56 g1_s0:1 -> g1_s1:2
[2026-06-27 17:10:37] MAC FLAP c2:23:9b:34:6e:f4 g0_s0:1 -> g1_s1:2
[2026-06-27 17:10:37] MAC FLAP 46:fb:63:d0:25:0b g0_s1:1 -> g1_s1:2
[2026-06-27 17:10:37] MAC FLAP 62:fb:6e:37:c3:af g2_s1:1 -> g1_s1:2
[2026-06-27 17:10:37] LEARNED 36:92:26:62:94:5f -> g1_s1:2
[2026-06-27 17:10:37] LEARNED 46:55:8b:1d:53:4b -> g1_s1:1
[2026-06-27 17:10:37] Cycle Complete | Entries=24 Learned=24 Updated=4 Expired=0 Evicted=0
[2026-06-27 17:10:42] MAC FLAP 8a:b1:cd:d7:81:d7 g0_s0:2 -> g1_s1:2
[2026-06-27 17:10:42] MAC FLAP 4e:d4:0c:a7:71:8f g1_s0:4 -> g1_s1:2
[2026-06-27 17:10:42] MAC FLAP 52:72:8a:9b:b8:b7 g1_s0:3 -> g1_s1:2
[2026-06-27 17:10:42] MAC FLAP e2:80:af:ae:2e:58 g2_s0:2 -> g1_s1:2
[2026-06-27 17:10:42] TTL Expired -> 8a:b1:cd:d7:81:d7
[2026-06-27 17:10:42] TTL Expired -> c2:23:9b:34:6e:f4
[2026-06-27 17:10:42] TTL Expired -> 46:fb:63:d0:25:0b
[2026-06-27 17:10:42] TTL Expired -> 4e:d4:0c:a7:71:8f
[2026-06-27 17:10:42] TTL Expired -> 52:72:8a:9b:b8:b7
[2026-06-27 17:10:42] TTL Expired -> 66:9e:5b:a9:66:56
[2026-06-27 17:10:42] TTL Expired -> e2:80:af:ae:2e:58
[2026-06-27 17:10:42] TTL Expired -> 62:fb:6e:37:c3:af
[2026-06-27 17:10:42] Cycle Complete | Entries=16 Learned=24 Updated=15 Expired=8 Evicted=0
[2026-06-29 08:27:51] Baseline snapshot created (15 entries)
[2026-06-29 08:27:51] LEARNED 9e:ae:6a:24:b9:0d -> g0_s0:2
[2026-06-29 08:27:51] LEARNED be:33:3a:b3:fc:01 -> g0_s0:3
[2026-06-29 08:27:51] MAC FLAP be:33:3a:b3:fc:01 g0_s0:3 -> g0_s1:2
[2026-06-29 08:27:51] LEARNED 6a:ab:01:9d:30:57 -> g1_s0:2
[2026-06-29 08:27:51] LEARNED 22:dd:7c:75:c8:7d -> g1_s0:4
[2026-06-29 08:27:51] LEARNED 22:a8:3a:00:da:3f -> g1_s0:3
[2026-06-29 08:27:51] LEARNED ee:80:65:ee:c9:00 -> g1_s0:4
[2026-06-29 08:27:51] LEARNED 26:5b:e7:d3:ad:e0 -> g1_s0:1
[2026-06-29 08:27:51] LEARNED 46:ce:c7:9c:b7:b5 -> g1_s0:3
[2026-06-29 08:27:51] LEARNED 1e:94:80:79:54:8f -> g1_s0:3
[2026-06-29 08:27:51] LEARNED 8e:c9:ef:13:26:22 -> g1_s0:2
[2026-06-29 08:27:51] LEARNED 7e:cc:8a:eb:f5:f4 -> g1_s0:4
[2026-06-29 08:27:51] LEARNED b2:44:90:f8:90:cc -> g1_s0:4
[2026-06-29 08:27:51] MAC FLAP 9e:ae:6a:24:b9:0d g0_s0:2 -> g1_s0:3
[2026-06-29 08:27:51] MAC FLAP 9e:ae:6a:24:b9:0d g1_s0:3 -> g1_s1:2
[2026-06-29 08:27:51] MAC FLAP 9e:ae:6a:24:b9:0d g1_s1:2 -> g2_s0:3
[2026-06-29 08:27:51] MAC FLAP 9e:ae:6a:24:b9:0d g2_s0:3 -> g2_s1:2
[2026-06-29 08:27:51] Unknown Unicast -> aa:bb:cc:dd:ee:01
[2026-06-29 08:27:51] LEARNED aa:bb:cc:dd:ee:01 -> g0_s0:1
[2026-06-29 08:27:51] Unknown Unicast -> aa:bb:cc:dd:ee:02
[2026-06-29 08:27:52] LEARNED aa:bb:cc:dd:ee:02 -> g0_s1:2
[2026-06-29 08:27:52] Unknown Unicast -> aa:bb:cc:dd:ee:03
[2026-06-29 08:27:52] LEARNED aa:bb:cc:dd:ee:03 -> g0_s0:3
[2026-06-29 08:27:52] Unknown Unicast -> aa:bb:cc:dd:ee:04
[2026-06-29 08:27:52] LEARNED aa:bb:cc:dd:ee:04 -> g1_s0:1
[2026-06-29 08:27:52] Unknown Unicast -> aa:bb:cc:dd:ee:05
[2026-06-29 08:27:52] LEARNED aa:bb:cc:dd:ee:05 -> g0_s1:4
[2026-06-29 08:27:52] Unknown Unicast -> aa:bb:cc:dd:ee:06
[2026-06-29 08:27:52] LEARNED aa:bb:cc:dd:ee:06 -> g1_s0:2
[2026-06-29 08:27:52] Unknown Unicast -> aa:bb:cc:dd:ee:07
[2026-06-29 08:27:52] LEARNED aa:bb:cc:dd:ee:07 -> g1_s1:3
[2026-06-29 08:27:52] Unknown Unicast -> aa:bb:cc:dd:ee:08
[2026-06-29 08:27:52] LEARNED aa:bb:cc:dd:ee:08 -> g1_s1:4
[2026-06-29 08:27:52] Cycle Complete | Entries=20 Learned=20 Updated=5 Expired=0 Evicted=0
[2026-06-29 08:27:57] MAC FLAP 22:dd:7c:75:c8:7d g1_s0:4 -> g0_s0:3
[2026-06-29 08:27:57] MAC FLAP 22:dd:7c:75:c8:7d g0_s0:3 -> g0_s1:2
[2026-06-29 08:27:57] MAC FLAP 9e:ae:6a:24:b9:0d g2_s1:2 -> g1_s0:3
[2026-06-29 08:27:57] MAC FLAP 22:dd:7c:75:c8:7d g0_s1:2 -> g1_s0:4
[2026-06-29 08:27:57] MAC FLAP 22:dd:7c:75:c8:7d g1_s0:4 -> g1_s1:2
[2026-06-29 08:27:57] Cycle Complete | Entries=20 Learned=20 Updated=19 Expired=0 Evicted=0
[2026-06-29 08:28:02] MAC FLAP 22:dd:7c:75:c8:7d g1_s1:2 -> g1_s0:4
[2026-06-29 08:28:02] TTL Expired -> 9e:ae:6a:24:b9:0d
[2026-06-29 08:28:02] TTL Expired -> be:33:3a:b3:fc:01
[2026-06-29 08:28:02] TTL Expired -> 22:dd:7c:75:c8:7d
[2026-06-29 08:28:02] Cycle Complete | Entries=17 Learned=20 Updated=30 Expired=3 Evicted=0
[2026-06-29 08:28:06] MAC FLAP 1e:94:80:79:54:8f g1_s0:3 -> g0_s0:1
[2026-06-29 08:28:06] MAC FLAP 26:5b:e7:d3:ad:e0 g1_s0:1 -> g0_s0:3
[2026-06-29 08:28:06] MAC FLAP 7e:cc:8a:eb:f5:f4 g1_s0:4 -> g0_s0:3
[2026-06-29 08:28:06] MAC FLAP 46:ce:c7:9c:b7:b5 g1_s0:3 -> g0_s0:2
[2026-06-29 08:28:06] LEARNED fe:06:75:4e:80:6f -> g0_s1:2
[2026-06-29 08:28:06] MAC FLAP 1e:94:80:79:54:8f g0_s0:1 -> g0_s1:2
[2026-06-29 08:28:06] MAC FLAP 26:5b:e7:d3:ad:e0 g0_s0:3 -> g0_s1:2
[2026-06-29 08:28:06] MAC FLAP 7e:cc:8a:eb:f5:f4 g0_s0:3 -> g0_s1:2
[2026-06-29 08:28:06] MAC FLAP 46:ce:c7:9c:b7:b5 g0_s0:2 -> g0_s1:1
[2026-06-29 08:28:06] LEARNED 9e:ae:6a:24:b9:0d -> g1_s0:3
[2026-06-29 08:28:06] LEARNED 22:dd:7c:75:c8:7d -> g1_s0:4
[2026-06-29 08:28:06] MAC FLAP 26:5b:e7:d3:ad:e0 g0_s1:2 -> g1_s0:1
[2026-06-29 08:28:06] MAC FLAP 1e:94:80:79:54:8f g0_s1:2 -> g1_s0:3
[2026-06-29 08:28:06] MAC FLAP 7e:cc:8a:eb:f5:f4 g0_s1:2 -> g1_s0:4
[2026-06-29 08:28:06] MAC FLAP 46:ce:c7:9c:b7:b5 g0_s1:1 -> g1_s0:3
[2026-06-29 08:28:06] MAC FLAP 26:5b:e7:d3:ad:e0 g1_s0:1 -> g1_s1:2
[2026-06-29 08:28:06] MAC FLAP 22:a8:3a:00:da:3f g1_s0:3 -> g1_s1:2
[2026-06-29 08:28:06] MAC FLAP 1e:94:80:79:54:8f g1_s0:3 -> g1_s1:2
[2026-06-29 08:28:06] MAC FLAP 7e:cc:8a:eb:f5:f4 g1_s0:4 -> g1_s1:2
[2026-06-29 08:28:06] MAC FLAP 46:ce:c7:9c:b7:b5 g1_s0:3 -> g1_s1:2
[2026-06-29 08:28:06] MAC FLAP 26:5b:e7:d3:ad:e0 g1_s1:2 -> g2_s0:3
[2026-06-29 08:28:06] MAC FLAP 22:a8:3a:00:da:3f g1_s1:2 -> g2_s0:3
[2026-06-29 08:28:06] MAC FLAP 1e:94:80:79:54:8f g1_s1:2 -> g2_s0:3
[2026-06-29 08:28:06] MAC FLAP 7e:cc:8a:eb:f5:f4 g1_s1:2 -> g2_s0:1
[2026-06-29 08:28:06] MAC FLAP 46:ce:c7:9c:b7:b5 g1_s1:2 -> g2_s0:3
[2026-06-29 08:28:06] MAC FLAP 26:5b:e7:d3:ad:e0 g2_s0:3 -> g2_s1:2
[2026-06-29 08:28:06] MAC FLAP 22:a8:3a:00:da:3f g2_s0:3 -> g2_s1:2
[2026-06-29 08:28:06] MAC FLAP 1e:94:80:79:54:8f g2_s0:3 -> g2_s1:2
[2026-06-29 08:28:06] MAC FLAP 7e:cc:8a:eb:f5:f4 g2_s0:1 -> g2_s1:2
[2026-06-29 08:28:06] MAC FLAP 46:ce:c7:9c:b7:b5 g2_s0:3 -> g2_s1:2
[2026-06-29 08:28:06] LEARNED 5e:1c:b1:5b:91:a7 -> g2_s1:2
[2026-06-29 08:28:06] TTL Expired -> 6a:ab:01:9d:30:57
[2026-06-29 08:28:06] TTL Expired -> 22:a8:3a:00:da:3f
[2026-06-29 08:28:06] TTL Expired -> ee:80:65:ee:c9:00
[2026-06-29 08:28:06] TTL Expired -> 26:5b:e7:d3:ad:e0
[2026-06-29 08:28:06] TTL Expired -> 46:ce:c7:9c:b7:b5
[2026-06-29 08:28:06] TTL Expired -> 1e:94:80:79:54:8f
[2026-06-29 08:28:06] TTL Expired -> 8e:c9:ef:13:26:22
[2026-06-29 08:28:06] TTL Expired -> 7e:cc:8a:eb:f5:f4
[2026-06-29 08:28:06] TTL Expired -> b2:44:90:f8:90:cc
[2026-06-29 08:28:06] Cycle Complete | Entries=12 Learned=24 Updated=62 Expired=12 Evicted=0
[2026-06-29 08:28:11] LEARNED 1e:94:80:79:54:8f -> g0_s0:1
[2026-06-29 08:28:11] LEARNED 26:5b:e7:d3:ad:e0 -> g0_s0:3
[2026-06-29 08:28:11] LEARNED 7e:cc:8a:eb:f5:f4 -> g0_s0:3
[2026-06-29 08:28:12] LEARNED 46:ce:c7:9c:b7:b5 -> g0_s0:2
[2026-06-29 08:28:12] MAC FLAP 1e:94:80:79:54:8f g0_s0:1 -> g0_s1:2
[2026-06-29 08:28:12] MAC FLAP 26:5b:e7:d3:ad:e0 g0_s0:3 -> g0_s1:2
[2026-06-29 08:28:12] MAC FLAP 7e:cc:8a:eb:f5:f4 g0_s0:3 -> g0_s1:2
[2026-06-29 08:28:12] MAC FLAP 46:ce:c7:9c:b7:b5 g0_s0:2 -> g0_s1:1
[2026-06-29 08:28:12] LEARNED 8e:c9:ef:13:26:22 -> g1_s0:2
[2026-06-29 08:28:12] LEARNED 6a:ab:01:9d:30:57 -> g1_s0:2
[2026-06-29 08:28:12] LEARNED b2:44:90:f8:90:cc -> g1_s0:4
[2026-06-29 08:28:12] LEARNED ee:80:65:ee:c9:00 -> g1_s0:4
[2026-06-29 08:28:12] MAC FLAP 26:5b:e7:d3:ad:e0 g0_s1:2 -> g1_s0:1
[2026-06-29 08:28:12] LEARNED 22:a8:3a:00:da:3f -> g1_s0:3
[2026-06-29 08:28:12] MAC FLAP 1e:94:80:79:54:8f g0_s1:2 -> g1_s0:3
[2026-06-29 08:28:12] MAC FLAP 7e:cc:8a:eb:f5:f4 g0_s1:2 -> g1_s0:4
[2026-06-29 08:28:12] MAC FLAP 46:ce:c7:9c:b7:b5 g0_s1:1 -> g1_s0:3
[2026-06-29 08:28:12] MAC FLAP 26:5b:e7:d3:ad:e0 g1_s0:1 -> g1_s1:2
[2026-06-29 08:28:12] MAC FLAP 22:a8:3a:00:da:3f g1_s0:3 -> g1_s1:2
[2026-06-29 08:28:12] MAC FLAP 1e:94:80:79:54:8f g1_s0:3 -> g1_s1:2
[2026-06-29 08:28:12] MAC FLAP 7e:cc:8a:eb:f5:f4 g1_s0:4 -> g1_s1:2
[2026-06-29 08:28:12] MAC FLAP 46:ce:c7:9c:b7:b5 g1_s0:3 -> g1_s1:2
[2026-06-29 08:28:12] MAC FLAP 26:5b:e7:d3:ad:e0 g1_s1:2 -> g2_s0:3
[2026-06-29 08:28:12] MAC FLAP 22:a8:3a:00:da:3f g1_s1:2 -> g2_s0:3
[2026-06-29 08:28:12] MAC FLAP 1e:94:80:79:54:8f g1_s1:2 -> g2_s0:3
[2026-06-29 08:28:12] MAC FLAP 7e:cc:8a:eb:f5:f4 g1_s1:2 -> g2_s0:1
[2026-06-29 08:28:12] MAC FLAP 46:ce:c7:9c:b7:b5 g1_s1:2 -> g2_s0:3
[2026-06-29 08:28:12] LEARNED 6e:97:58:33:88:30 -> g2_s0:3
[2026-06-29 08:28:12] MAC FLAP 26:5b:e7:d3:ad:e0 g2_s0:3 -> g2_s1:2
[2026-06-29 08:28:12] MAC FLAP 22:a8:3a:00:da:3f g2_s0:3 -> g2_s1:2
[2026-06-29 08:28:12] MAC FLAP 1e:94:80:79:54:8f g2_s0:3 -> g2_s1:2
[2026-06-29 08:28:12] MAC FLAP 7e:cc:8a:eb:f5:f4 g2_s0:1 -> g2_s1:2
[2026-06-29 08:28:12] MAC FLAP 46:ce:c7:9c:b7:b5 g2_s0:3 -> g2_s1:2
[2026-06-29 08:28:12] MAC FLAP 6e:97:58:33:88:30 g2_s0:3 -> g2_s1:2
[2026-06-29 08:28:12] Cycle Complete | Entries=22 Learned=34 Updated=90 Expired=12 Evicted=0
[2026-06-29 08:28:17] MAC FLAP 1e:94:80:79:54:8f g2_s1:2 -> g0_s0:1
[2026-06-29 08:28:17] MAC FLAP 26:5b:e7:d3:ad:e0 g2_s1:2 -> g0_s0:3
[2026-06-29 08:28:17] MAC FLAP 7e:cc:8a:eb:f5:f4 g2_s1:2 -> g0_s0:3
[2026-06-29 08:28:17] MAC FLAP 46:ce:c7:9c:b7:b5 g2_s1:2 -> g0_s0:2
[2026-06-29 08:28:17] MAC FLAP 1e:94:80:79:54:8f g0_s0:1 -> g0_s1:2
[2026-06-29 08:28:17] MAC FLAP 26:5b:e7:d3:ad:e0 g0_s0:3 -> g0_s1:2
[2026-06-29 08:28:17] MAC FLAP 7e:cc:8a:eb:f5:f4 g0_s0:3 -> g0_s1:2
[2026-06-29 08:28:17] MAC FLAP 46:ce:c7:9c:b7:b5 g0_s0:2 -> g0_s1:1
[2026-06-29 08:28:17] MAC FLAP 26:5b:e7:d3:ad:e0 g0_s1:2 -> g1_s0:1
[2026-06-29 08:28:17] MAC FLAP 22:a8:3a:00:da:3f g2_s1:2 -> g1_s0:3
[2026-06-29 08:28:17] MAC FLAP 1e:94:80:79:54:8f g0_s1:2 -> g1_s0:3
[2026-06-29 08:28:17] MAC FLAP 7e:cc:8a:eb:f5:f4 g0_s1:2 -> g1_s0:4
[2026-06-29 08:28:17] MAC FLAP 46:ce:c7:9c:b7:b5 g0_s1:1 -> g1_s0:3
[2026-06-29 08:28:17] MAC FLAP 26:5b:e7:d3:ad:e0 g1_s0:1 -> g1_s1:2
[2026-06-29 08:28:17] MAC FLAP 22:a8:3a:00:da:3f g1_s0:3 -> g1_s1:2
[2026-06-29 08:28:17] MAC FLAP 1e:94:80:79:54:8f g1_s0:3 -> g1_s1:2
[2026-06-29 08:28:17] MAC FLAP 7e:cc:8a:eb:f5:f4 g1_s0:4 -> g1_s1:2
[2026-06-29 08:28:17] MAC FLAP 46:ce:c7:9c:b7:b5 g1_s0:3 -> g1_s1:2
[2026-06-29 08:28:17] MAC FLAP 26:5b:e7:d3:ad:e0 g1_s1:2 -> g2_s0:3
[2026-06-29 08:28:18] MAC FLAP 22:a8:3a:00:da:3f g1_s1:2 -> g2_s0:3
[2026-06-29 08:28:18] MAC FLAP 1e:94:80:79:54:8f g1_s1:2 -> g2_s0:3
[2026-06-29 08:28:18] MAC FLAP 7e:cc:8a:eb:f5:f4 g1_s1:2 -> g2_s0:1
[2026-06-29 08:28:18] MAC FLAP 46:ce:c7:9c:b7:b5 g1_s1:2 -> g2_s0:3
[2026-06-29 08:28:18] MAC FLAP 6e:97:58:33:88:30 g2_s1:2 -> g2_s0:3
[2026-06-29 08:28:18] MAC FLAP 26:5b:e7:d3:ad:e0 g2_s0:3 -> g2_s1:2
[2026-06-29 08:28:18] MAC FLAP 22:a8:3a:00:da:3f g2_s0:3 -> g2_s1:2
[2026-06-29 08:28:18] MAC FLAP 1e:94:80:79:54:8f g2_s0:3 -> g2_s1:2
[2026-06-29 08:28:18] MAC FLAP 7e:cc:8a:eb:f5:f4 g2_s0:1 -> g2_s1:2
[2026-06-29 08:28:18] MAC FLAP 46:ce:c7:9c:b7:b5 g2_s0:3 -> g2_s1:2
[2026-06-29 08:28:18] MAC FLAP 6e:97:58:33:88:30 g2_s0:3 -> g2_s1:2
[2026-06-29 08:28:18] Cycle Complete | Entries=22 Learned=34 Updated=128 Expired=12 Evicted=0
[2026-06-29 08:28:23] MAC FLAP 1e:94:80:79:54:8f g2_s1:2 -> g0_s0:1
[2026-06-29 08:28:23] MAC FLAP 26:5b:e7:d3:ad:e0 g2_s1:2 -> g0_s0:3
[2026-06-29 08:28:23] MAC FLAP 7e:cc:8a:eb:f5:f4 g2_s1:2 -> g0_s0:3
[2026-06-29 08:28:23] MAC FLAP 46:ce:c7:9c:b7:b5 g2_s1:2 -> g0_s0:2
[2026-06-29 08:28:23] MAC FLAP 1e:94:80:79:54:8f g0_s0:1 -> g0_s1:2
[2026-06-29 08:28:23] MAC FLAP 26:5b:e7:d3:ad:e0 g0_s0:3 -> g0_s1:2
[2026-06-29 08:28:23] MAC FLAP 7e:cc:8a:eb:f5:f4 g0_s0:3 -> g0_s1:2
[2026-06-29 08:28:23] MAC FLAP 46:ce:c7:9c:b7:b5 g0_s0:2 -> g0_s1:1
[2026-06-29 08:28:23] MAC FLAP 26:5b:e7:d3:ad:e0 g0_s1:2 -> g1_s0:1
[2026-06-29 08:28:23] MAC FLAP 22:a8:3a:00:da:3f g2_s1:2 -> g1_s0:3
[2026-06-29 08:28:23] MAC FLAP 1e:94:80:79:54:8f g0_s1:2 -> g1_s0:3
[2026-06-29 08:28:23] MAC FLAP 7e:cc:8a:eb:f5:f4 g0_s1:2 -> g1_s0:4
[2026-06-29 08:28:23] MAC FLAP 46:ce:c7:9c:b7:b5 g0_s1:1 -> g1_s0:3
[2026-06-29 08:28:23] MAC FLAP 26:5b:e7:d3:ad:e0 g1_s0:1 -> g1_s1:2
[2026-06-29 08:28:23] MAC FLAP 22:a8:3a:00:da:3f g1_s0:3 -> g1_s1:2
[2026-06-29 08:28:23] MAC FLAP 1e:94:80:79:54:8f g1_s0:3 -> g1_s1:2
[2026-06-29 08:28:23] MAC FLAP 7e:cc:8a:eb:f5:f4 g1_s0:4 -> g1_s1:2
[2026-06-29 08:28:23] MAC FLAP 46:ce:c7:9c:b7:b5 g1_s0:3 -> g1_s1:2
[2026-06-29 08:28:23] MAC FLAP 26:5b:e7:d3:ad:e0 g1_s1:2 -> g2_s0:3
[2026-06-29 08:28:23] MAC FLAP 22:a8:3a:00:da:3f g1_s1:2 -> g2_s0:3
[2026-06-29 08:28:23] MAC FLAP 1e:94:80:79:54:8f g1_s1:2 -> g2_s0:3
[2026-06-29 08:28:23] MAC FLAP 7e:cc:8a:eb:f5:f4 g1_s1:2 -> g2_s0:1
[2026-06-29 08:28:23] MAC FLAP 46:ce:c7:9c:b7:b5 g1_s1:2 -> g2_s0:3
[2026-06-29 08:28:23] MAC FLAP 6e:97:58:33:88:30 g2_s1:2 -> g2_s0:3
[2026-06-29 08:28:23] MAC FLAP 26:5b:e7:d3:ad:e0 g2_s0:3 -> g2_s1:2
[2026-06-29 08:28:23] MAC FLAP 22:a8:3a:00:da:3f g2_s0:3 -> g2_s1:2
[2026-06-29 08:28:23] MAC FLAP 1e:94:80:79:54:8f g2_s0:3 -> g2_s1:2
[2026-06-29 08:28:23] MAC FLAP 7e:cc:8a:eb:f5:f4 g2_s0:1 -> g2_s1:2
[2026-06-29 08:28:23] MAC FLAP 46:ce:c7:9c:b7:b5 g2_s0:3 -> g2_s1:2
[2026-06-29 08:28:23] MAC FLAP 6e:97:58:33:88:30 g2_s0:3 -> g2_s1:2
[2026-06-29 08:28:23] TTL Expired -> aa:bb:cc:dd:ee:01
[2026-06-29 08:28:23] TTL Expired -> aa:bb:cc:dd:ee:02
[2026-06-29 08:28:23] TTL Expired -> fe:06:75:4e:80:6f
[2026-06-29 08:28:23] TTL Expired -> 9e:ae:6a:24:b9:0d
[2026-06-29 08:28:23] TTL Expired -> 22:dd:7c:75:c8:7d
[2026-06-29 08:28:23] TTL Expired -> 5e:1c:b1:5b:91:a7
[2026-06-29 08:28:23] TTL Expired -> 1e:94:80:79:54:8f
[2026-06-29 08:28:23] TTL Expired -> 26:5b:e7:d3:ad:e0
[2026-06-29 08:28:23] TTL Expired -> 7e:cc:8a:eb:f5:f4
[2026-06-29 08:28:23] TTL Expired -> 46:ce:c7:9c:b7:b5
[2026-06-29 08:28:23] TTL Expired -> 22:a8:3a:00:da:3f
[2026-06-29 08:28:23] TTL Expired -> 6e:97:58:33:88:30
[2026-06-29 08:28:23] Unknown Unicast -> aa:bb:cc:dd:ee:01
[2026-06-29 08:28:23] LEARNED aa:bb:cc:dd:ee:01 -> g0_s0:1
[2026-06-29 08:28:23] Unknown Unicast -> aa:bb:cc:dd:ee:02
[2026-06-29 08:28:23] LEARNED aa:bb:cc:dd:ee:02 -> g0_s1:2
[2026-06-29 08:28:24] Cycle Complete | Entries=12 Learned=36 Updated=166 Expired=24 Evicted=0
