[2026-06-30 03:15:42] Baseline snapshot created (9 entries)
[2026-06-30 03:15:42] LEARNED 4a:32:6b:58:20:c8 -> g0_s0:3
[2026-06-30 03:15:42] LEARNED 66:f0:ff:2a:20:3f -> g0_s0:1
[2026-06-30 03:15:42] LEARNED ba:c3:22:ad:d0:11 -> g0_s0:2
[2026-06-30 03:15:42] LEARNED 32:1e:08:42:b6:c7 -> g0_s1:2
[2026-06-30 03:15:42] LEARNED 62:ba:9a:50:a8:a5 -> g0_s1:1
[2026-06-30 03:15:42] LEARNED aa:53:f5:7c:60:19 -> g1_s0:3
[2026-06-30 03:15:42] LEARNED da:6e:6e:23:12:10 -> g1_s0:4
[2026-06-30 03:15:42] LEARNED ba:9c:75:85:91:f8 -> g1_s0:2
[2026-06-30 03:15:42] LEARNED 96:1e:a6:b6:3b:cf -> g1_s1:2
[2026-06-30 03:15:42] LEARNED be:d1:5c:32:88:31 -> g2_s0:2
[2026-06-30 03:15:42] LEARNED 12:98:e4:e1:6f:c4 -> g2_s0:3
[2026-06-30 03:15:42] LEARNED a2:a6:18:99:70:e7 -> g2_s1:2
[2026-06-30 03:15:42] Unknown Unicast -> aa:bb:cc:dd:ee:01
[2026-06-30 03:15:42] LEARNED aa:bb:cc:dd:ee:01 -> g0_s0:1
[2026-06-30 03:15:42] Unknown Unicast -> aa:bb:cc:dd:ee:02
[2026-06-30 03:15:42] LEARNED aa:bb:cc:dd:ee:02 -> g0_s1:2
[2026-06-30 03:15:42] Unknown Unicast -> aa:bb:cc:dd:ee:03
[2026-06-30 03:15:42] LEARNED aa:bb:cc:dd:ee:03 -> g0_s0:3
[2026-06-30 03:15:42] Unknown Unicast -> aa:bb:cc:dd:ee:04
[2026-06-30 03:15:42] LEARNED aa:bb:cc:dd:ee:04 -> g1_s0:1
[2026-06-30 03:15:42] Unknown Unicast -> aa:bb:cc:dd:ee:05
[2026-06-30 03:15:42] LEARNED aa:bb:cc:dd:ee:05 -> g0_s1:4
[2026-06-30 03:15:42] Unknown Unicast -> aa:bb:cc:dd:ee:06
[2026-06-30 03:15:42] LEARNED aa:bb:cc:dd:ee:06 -> g1_s0:2
[2026-06-30 03:15:42] Unknown Unicast -> aa:bb:cc:dd:ee:07
[2026-06-30 03:15:42] LEARNED aa:bb:cc:dd:ee:07 -> g1_s1:3
[2026-06-30 03:15:42] Unknown Unicast -> aa:bb:cc:dd:ee:08
[2026-06-30 03:15:42] LEARNED aa:bb:cc:dd:ee:08 -> g1_s1:4
[2026-06-30 03:15:42] Cycle Complete | Entries=20 Learned=20 Updated=0 Expired=0 Evicted=0
[2026-06-30 03:15:47] MAC FLAP 62:ba:9a:50:a8:a5 g0_s1:1 -> g0_s0:2
[2026-06-30 03:15:47] LEARNED 2a:27:d2:1f:21:3d -> g0_s0:3
[2026-06-30 03:15:47] LEARNED 02:6f:53:d2:17:0a -> g0_s0:3
[2026-06-30 03:15:47] LEARNED c6:82:9c:68:dd:09 -> g0_s0:3
[2026-06-30 03:15:48] LEARNED be:b9:ef:69:de:88 -> g0_s0:3
[2026-06-30 03:15:48] MAC FLAP 62:ba:9a:50:a8:a5 g0_s0:2 -> g2_s1:2
[2026-06-30 03:15:48] MAC FLAP 2a:27:d2:1f:21:3d g0_s0:3 -> g2_s1:1
[2026-06-30 03:15:48] MAC FLAP 02:6f:53:d2:17:0a g0_s0:3 -> g2_s1:2
[2026-06-30 03:15:48] MAC FLAP c6:82:9c:68:dd:09 g0_s0:3 -> g2_s1:2
[2026-06-30 03:15:48] MAC FLAP be:b9:ef:69:de:88 g0_s0:3 -> g2_s1:2
[2026-06-30 03:15:48] MAC FLAP 66:f0:ff:2a:20:3f g0_s0:1 -> g2_s1:2
[2026-06-30 03:15:48] Cycle Complete | Entries=24 Learned=24 Updated=8 Expired=0 Evicted=0
[2026-06-30 03:15:53] MAC FLAP be:d1:5c:32:88:31 g2_s0:2 -> g0_s0:3
[2026-06-30 03:15:53] MAC FLAP da:6e:6e:23:12:10 g1_s0:4 -> g0_s0:3
[2026-06-30 03:15:53] MAC FLAP ba:9c:75:85:91:f8 g1_s0:2 -> g0_s0:3
[2026-06-30 03:15:53] MAC FLAP c6:82:9c:68:dd:09 g2_s1:2 -> g0_s0:3
[2026-06-30 03:15:53] MAC FLAP be:b9:ef:69:de:88 g2_s1:2 -> g0_s0:3
[2026-06-30 03:15:53] MAC FLAP 02:6f:53:d2:17:0a g2_s1:2 -> g0_s0:3
[2026-06-30 03:15:53] MAC FLAP 66:f0:ff:2a:20:3f g2_s1:2 -> g0_s0:1
[2026-06-30 03:15:53] MAC FLAP 62:ba:9a:50:a8:a5 g2_s1:2 -> g0_s0:2
[2026-06-30 03:15:53] MAC FLAP 2a:27:d2:1f:21:3d g2_s1:1 -> g0_s0:3
[2026-06-30 03:15:53] MAC FLAP 02:6f:53:d2:17:0a g0_s0:3 -> g0_s1:2
[2026-06-30 03:15:53] MAC FLAP be:b9:ef:69:de:88 g0_s0:3 -> g0_s1:2
[2026-06-30 03:15:53] MAC FLAP c6:82:9c:68:dd:09 g0_s0:3 -> g0_s1:2
[2026-06-30 03:15:53] MAC FLAP 62:ba:9a:50:a8:a5 g0_s0:2 -> g0_s1:1
[2026-06-30 03:15:53] MAC FLAP 2a:27:d2:1f:21:3d g0_s0:3 -> g0_s1:2
[2026-06-30 03:15:53] MAC FLAP 02:6f:53:d2:17:0a g0_s1:2 -> g1_s0:1
[2026-06-30 03:15:53] MAC FLAP 2a:27:d2:1f:21:3d g0_s1:2 -> g1_s0:4
[2026-06-30 03:15:53] MAC FLAP 66:f0:ff:2a:20:3f g0_s0:1 -> g1_s0:3
[2026-06-30 03:15:53] MAC FLAP be:b9:ef:69:de:88 g0_s1:2 -> g1_s0:4
[2026-06-30 03:15:53] MAC FLAP 62:ba:9a:50:a8:a5 g0_s1:1 -> g1_s0:3
[2026-06-30 03:15:53] MAC FLAP c6:82:9c:68:dd:09 g0_s1:2 -> g1_s0:2
[2026-06-30 03:15:53] MAC FLAP 02:6f:53:d2:17:0a g1_s0:1 -> g1_s1:2
[2026-06-30 03:15:53] MAC FLAP be:b9:ef:69:de:88 g1_s0:4 -> g1_s1:2
[2026-06-30 03:15:53] MAC FLAP 66:f0:ff:2a:20:3f g1_s0:3 -> g1_s1:2
[2026-06-30 03:15:53] MAC FLAP 2a:27:d2:1f:21:3d g1_s0:4 -> g1_s1:2
[2026-06-30 03:15:53] MAC FLAP 62:ba:9a:50:a8:a5 g1_s0:3 -> g1_s1:2
[2026-06-30 03:15:53] MAC FLAP c6:82:9c:68:dd:09 g1_s0:2 -> g1_s1:1
[2026-06-30 03:15:53] MAC FLAP c6:82:9c:68:dd:09 g1_s1:1 -> g2_s0:3
[2026-06-30 03:15:53] MAC FLAP 02:6f:53:d2:17:0a g1_s1:2 -> g2_s0:3
[2026-06-30 03:15:53] MAC FLAP 2a:27:d2:1f:21:3d g1_s1:2 -> g2_s0:2
[2026-06-30 03:15:53] MAC FLAP be:b9:ef:69:de:88 g1_s1:2 -> g2_s0:1
[2026-06-30 03:15:53] MAC FLAP 66:f0:ff:2a:20:3f g1_s1:2 -> g2_s0:3
[2026-06-30 03:15:53] MAC FLAP 62:ba:9a:50:a8:a5 g1_s1:2 -> g2_s0:3
[2026-06-30 03:15:53] MAC FLAP be:b9:ef:69:de:88 g2_s0:1 -> g2_s1:2
[2026-06-30 03:15:53] MAC FLAP 62:ba:9a:50:a8:a5 g2_s0:3 -> g2_s1:2
[2026-06-30 03:15:53] MAC FLAP c6:82:9c:68:dd:09 g2_s0:3 -> g2_s1:2
[2026-06-30 03:15:53] MAC FLAP 02:6f:53:d2:17:0a g2_s0:3 -> g2_s1:2
[2026-06-30 03:15:53] MAC FLAP 2a:27:d2:1f:21:3d g2_s0:2 -> g2_s1:1
[2026-06-30 03:15:53] MAC FLAP 66:f0:ff:2a:20:3f g2_s0:3 -> g2_s1:2
[2026-06-30 03:15:53] TTL Expired -> 66:f0:ff:2a:20:3f
[2026-06-30 03:15:53] TTL Expired -> 62:ba:9a:50:a8:a5
[2026-06-30 03:15:53] TTL Expired -> da:6e:6e:23:12:10
[2026-06-30 03:15:53] TTL Expired -> ba:9c:75:85:91:f8
[2026-06-30 03:15:53] TTL Expired -> be:d1:5c:32:88:31
[2026-06-30 03:15:53] Cycle Complete | Entries=19 Learned=24 Updated=48 Expired=5 Evicted=0
[2026-06-30 03:15:58] LEARNED be:d1:5c:32:88:31 -> g0_s0:3
[2026-06-30 03:15:58] LEARNED da:6e:6e:23:12:10 -> g0_s0:3
[2026-06-30 03:15:58] LEARNED ba:9c:75:85:91:f8 -> g0_s0:3
[2026-06-30 03:15:58] MAC FLAP c6:82:9c:68:dd:09 g2_s1:2 -> g0_s0:3
[2026-06-30 03:15:58] MAC FLAP be:b9:ef:69:de:88 g2_s1:2 -> g0_s0:3
[2026-06-30 03:15:58] MAC FLAP 02:6f:53:d2:17:0a g2_s1:2 -> g0_s0:3
[2026-06-30 03:15:58] LEARNED 66:f0:ff:2a:20:3f -> g0_s0:1
[2026-06-30 03:15:58] LEARNED 62:ba:9a:50:a8:a5 -> g0_s0:2
[2026-06-30 03:15:59] MAC FLAP 2a:27:d2:1f:21:3d g2_s1:1 -> g0_s0:3
[2026-06-30 03:15:59] TTL Expired -> 4a:32:6b:58:20:c8
[2026-06-30 03:15:59] TTL Expired -> ba:c3:22:ad:d0:11
[2026-06-30 03:15:59] TTL Expired -> 32:1e:08:42:b6:c7
[2026-06-30 03:15:59] TTL Expired -> aa:53:f5:7c:60:19
[2026-06-30 03:15:59] TTL Expired -> 96:1e:a6:b6:3b:cf
[2026-06-30 03:15:59] TTL Expired -> 12:98:e4:e1:6f:c4
[2026-06-30 03:15:59] TTL Expired -> a2:a6:18:99:70:e7
[2026-06-30 03:15:59] TTL Expired -> 2a:27:d2:1f:21:3d
[2026-06-30 03:15:59] TTL Expired -> 02:6f:53:d2:17:0a
[2026-06-30 03:15:59] TTL Expired -> c6:82:9c:68:dd:09
[2026-06-30 03:15:59] TTL Expired -> be:b9:ef:69:de:88
[2026-06-30 03:15:59] Cycle Complete | Entries=13 Learned=29 Updated=54 Expired=16 Evicted=0
[2026-06-30 03:16:04] LEARNED ba:c3:22:ad:d0:11 -> g0_s0:2
[2026-06-30 03:16:04] LEARNED 4a:32:6b:58:20:c8 -> g0_s0:3
[2026-06-30 03:16:04] LEARNED c6:82:9c:68:dd:09 -> g0_s0:3
[2026-06-30 03:16:04] LEARNED be:b9:ef:69:de:88 -> g0_s0:3
[2026-06-30 03:16:04] LEARNED 02:6f:53:d2:17:0a -> g0_s0:3
[2026-06-30 03:16:04] LEARNED 2a:27:d2:1f:21:3d -> g0_s0:3
[2026-06-30 03:16:04] Cycle Complete | Entries=19 Learned=35 Updated=59 Expired=16 Evicted=0
[2026-06-30 03:16:09] Cycle Complete | Entries=19 Learned=35 Updated=70 Expired=16 Evicted=0
[2026-06-30 03:16:14] TTL Expired -> aa:bb:cc:dd:ee:01
[2026-06-30 03:16:14] TTL Expired -> aa:bb:cc:dd:ee:02
[2026-06-30 03:16:14] TTL Expired -> be:d1:5c:32:88:31
[2026-06-30 03:16:14] TTL Expired -> da:6e:6e:23:12:10
[2026-06-30 03:16:14] TTL Expired -> ba:9c:75:85:91:f8
[2026-06-30 03:16:14] TTL Expired -> 66:f0:ff:2a:20:3f
[2026-06-30 03:16:14] TTL Expired -> 62:ba:9a:50:a8:a5
[2026-06-30 03:16:14] Unknown Unicast -> aa:bb:cc:dd:ee:01
[2026-06-30 03:16:14] LEARNED aa:bb:cc:dd:ee:01 -> g0_s0:1
[2026-06-30 03:16:14] Unknown Unicast -> aa:bb:cc:dd:ee:02
[2026-06-30 03:16:14] LEARNED aa:bb:cc:dd:ee:02 -> g0_s1:2
[2026-06-30 03:16:14] Cycle Complete | Entries=14 Learned=37 Updated=81 Expired=23 Evicted=0
[2026-06-30 03:16:19] LEARNED 66:f0:ff:2a:20:3f -> g0_s0:1
[2026-06-30 03:16:19] LEARNED 62:ba:9a:50:a8:a5 -> g0_s0:2
[2026-06-30 03:16:19] LEARNED be:d1:5c:32:88:31 -> g0_s0:3
[2026-06-30 03:16:19] LEARNED ba:9c:75:85:91:f8 -> g0_s0:3
[2026-06-30 03:16:19] LEARNED da:6e:6e:23:12:10 -> g0_s0:3
[2026-06-30 03:16:19] LEARNED 32:1e:08:42:b6:c7 -> g0_s1:2
[2026-06-30 03:16:19] MAC FLAP 02:6f:53:d2:17:0a g0_s0:3 -> g0_s1:2
[2026-06-30 03:16:19] MAC FLAP ba:9c:75:85:91:f8 g0_s0:3 -> g0_s1:2
[2026-06-30 03:16:19] MAC FLAP da:6e:6e:23:12:10 g0_s0:3 -> g0_s1:2
[2026-06-30 03:16:19] MAC FLAP be:b9:ef:69:de:88 g0_s0:3 -> g0_s1:2
[2026-06-30 03:16:19] MAC FLAP 02:6f:53:d2:17:0a g0_s1:2 -> g1_s0:1
[2026-06-30 03:16:19] MAC FLAP da:6e:6e:23:12:10 g0_s1:2 -> g1_s0:4
[2026-06-30 03:16:19] MAC FLAP ba:9c:75:85:91:f8 g0_s1:2 -> g1_s0:2
[2026-06-30 03:16:20] MAC FLAP be:b9:ef:69:de:88 g0_s1:2 -> g1_s0:4
[2026-06-30 03:16:20] MAC FLAP 02:6f:53:d2:17:0a g1_s0:1 -> g1_s1:2
[2026-06-30 03:16:20] MAC FLAP be:b9:ef:69:de:88 g1_s0:4 -> g1_s1:2
[2026-06-30 03:16:20] MAC FLAP da:6e:6e:23:12:10 g1_s0:4 -> g1_s1:2
[2026-06-30 03:16:20] MAC FLAP be:b9:ef:69:de:88 g1_s1:2 -> g2_s0:1
[2026-06-30 03:16:20] MAC FLAP 02:6f:53:d2:17:0a g1_s1:2 -> g2_s0:3
[2026-06-30 03:16:20] MAC FLAP ba:9c:75:85:91:f8 g1_s0:2 -> g2_s0:3
[2026-06-30 03:16:20] MAC FLAP be:b9:ef:69:de:88 g2_s0:1 -> g2_s1:2
[2026-06-30 03:16:20] MAC FLAP 02:6f:53:d2:17:0a g2_s0:3 -> g2_s1:2
[2026-06-30 03:16:20] MAC FLAP ba:9c:75:85:91:f8 g2_s0:3 -> g2_s1:2
[2026-06-30 03:16:20] TTL Expired -> ba:c3:22:ad:d0:11
[2026-06-30 03:16:20] TTL Expired -> 4a:32:6b:58:20:c8
[2026-06-30 03:16:20] TTL Expired -> c6:82:9c:68:dd:09
[2026-06-30 03:16:20] TTL Expired -> be:b9:ef:69:de:88
[2026-06-30 03:16:20] TTL Expired -> 02:6f:53:d2:17:0a
[2026-06-30 03:16:20] TTL Expired -> 2a:27:d2:1f:21:3d
[2026-06-30 03:16:20] Cycle Complete | Entries=14 Learned=43 Updated=104 Expired=29 Evicted=0
[2026-06-30 03:16:25] LEARNED c6:82:9c:68:dd:09 -> g0_s0:3
[2026-06-30 03:16:25] LEARNED 02:6f:53:d2:17:0a -> g0_s0:3
[2026-06-30 03:16:25] LEARNED be:b9:ef:69:de:88 -> g0_s0:3
[2026-06-30 03:16:25] LEARNED ba:c3:22:ad:d0:11 -> g0_s0:2
[2026-06-30 03:16:25] MAC FLAP da:6e:6e:23:12:10 g1_s1:2 -> g0_s0:3
[2026-06-30 03:16:25] MAC FLAP ba:9c:75:85:91:f8 g2_s1:2 -> g0_s0:3
[2026-06-30 03:16:25] LEARNED 4a:32:6b:58:20:c8 -> g0_s0:3
[2026-06-30 03:16:25] LEARNED 2a:27:d2:1f:21:3d -> g0_s0:3
[2026-06-30 03:16:25] MAC FLAP 2a:27:d2:1f:21:3d g0_s0:3 -> g0_s1:2
[2026-06-30 03:16:25] MAC FLAP 2a:27:d2:1f:21:3d g0_s1:2 -> g1_s0:4
[2026-06-30 03:16:25] LEARNED 96:1e:a6:b6:3b:cf -> g1_s1:2
[2026-06-30 03:16:25] MAC FLAP 2a:27:d2:1f:21:3d g1_s0:4 -> g1_s1:2
[2026-06-30 03:16:25] MAC FLAP 2a:27:d2:1f:21:3d g1_s1:2 -> g2_s0:2
[2026-06-30 03:16:25] MAC FLAP 2a:27:d2:1f:21:3d g2_s0:2 -> g2_s1:1
[2026-06-30 03:16:25] TTL Expired -> aa:bb:cc:dd:ee:03
[2026-06-30 03:16:25] TTL Expired -> aa:bb:cc:dd:ee:04
[2026-06-30 03:16:25] Unknown Unicast -> aa:bb:cc:dd:ee:03
[2026-06-30 03:16:25] LEARNED aa:bb:cc:dd:ee:03 -> g0_s0:3
[2026-06-30 03:16:25] Unknown Unicast -> aa:bb:cc:dd:ee:04
[2026-06-30 03:16:25] LEARNED aa:bb:cc:dd:ee:04 -> g1_s0:1
[2026-06-30 03:16:25] Cycle Complete | Entries=21 Learned=52 Updated=114 Expired=31 Evicted=0
[2026-06-30 03:55:14] Baseline snapshot created (29 entries)
[2026-06-30 03:55:15] LEARNED be:d1:5c:32:88:31 -> g0_s0:3
[2026-06-30 03:55:15] LEARNED 62:ba:9a:50:a8:a5 -> g0_s0:2
[2026-06-30 03:55:15] LEARNED 2a:27:d2:1f:21:3d -> g0_s0:3
[2026-06-30 03:55:15] LEARNED 66:f0:ff:2a:20:3f -> g0_s0:1
[2026-06-30 03:55:15] LEARNED 02:6f:53:d2:17:0a -> g0_s0:3
[2026-06-30 03:55:15] LEARNED c6:82:9c:68:dd:09 -> g0_s0:3
[2026-06-30 03:55:15] LEARNED ba:9c:75:85:91:f8 -> g0_s0:3
[2026-06-30 03:55:15] MAC FLAP 62:ba:9a:50:a8:a5 g0_s0:2 -> g0_s1:1
[2026-06-30 03:55:15] MAC FLAP be:d1:5c:32:88:31 g0_s0:3 -> g0_s1:2
[2026-06-30 03:55:15] MAC FLAP 2a:27:d2:1f:21:3d g0_s0:3 -> g0_s1:2
[2026-06-30 03:55:15] LEARNED 32:1e:08:42:b6:c7 -> g0_s1:2
[2026-06-30 03:55:15] MAC FLAP 66:f0:ff:2a:20:3f g0_s0:1 -> g0_s1:2
[2026-06-30 03:55:15] MAC FLAP 02:6f:53:d2:17:0a g0_s0:3 -> g0_s1:2
[2026-06-30 03:55:15] MAC FLAP ba:9c:75:85:91:f8 g0_s0:3 -> g0_s1:2
[2026-06-30 03:55:15] MAC FLAP c6:82:9c:68:dd:09 g0_s0:3 -> g0_s1:2
[2026-06-30 03:55:15] MAC FLAP be:d1:5c:32:88:31 g0_s1:2 -> g1_s0:4
[2026-06-30 03:55:15] MAC FLAP 2a:27:d2:1f:21:3d g0_s1:2 -> g1_s0:4
[2026-06-30 03:55:15] MAC FLAP 62:ba:9a:50:a8:a5 g0_s1:1 -> g1_s0:3
[2026-06-30 03:55:15] MAC FLAP 02:6f:53:d2:17:0a g0_s1:2 -> g1_s0:1
[2026-06-30 03:55:15] MAC FLAP ba:9c:75:85:91:f8 g0_s1:2 -> g1_s0:2
[2026-06-30 03:55:15] MAC FLAP c6:82:9c:68:dd:09 g0_s1:2 -> g1_s0:2
[2026-06-30 03:55:15] MAC FLAP 66:f0:ff:2a:20:3f g0_s1:2 -> g1_s0:3
[2026-06-30 03:55:15] LEARNED 96:1e:a6:b6:3b:cf -> g1_s1:2
[2026-06-30 03:55:15] MAC FLAP be:d1:5c:32:88:31 g1_s0:4 -> g1_s1:2
[2026-06-30 03:55:15] MAC FLAP 62:ba:9a:50:a8:a5 g1_s0:3 -> g1_s1:2
[2026-06-30 03:55:15] MAC FLAP 2a:27:d2:1f:21:3d g1_s0:4 -> g1_s1:2
[2026-06-30 03:55:15] MAC FLAP c6:82:9c:68:dd:09 g1_s0:2 -> g1_s1:1
[2026-06-30 03:55:15] MAC FLAP 02:6f:53:d2:17:0a g1_s0:1 -> g1_s1:2
[2026-06-30 03:55:15] MAC FLAP 66:f0:ff:2a:20:3f g1_s0:3 -> g1_s1:2
[2026-06-30 03:55:15] MAC FLAP be:d1:5c:32:88:31 g1_s1:2 -> g2_s0:2
[2026-06-30 03:55:15] MAC FLAP 2a:27:d2:1f:21:3d g1_s1:2 -> g2_s0:2
[2026-06-30 03:55:15] MAC FLAP 62:ba:9a:50:a8:a5 g1_s1:2 -> g2_s0:3
[2026-06-30 03:55:15] MAC FLAP 02:6f:53:d2:17:0a g1_s1:2 -> g2_s0:3
[2026-06-30 03:55:15] MAC FLAP c6:82:9c:68:dd:09 g1_s1:1 -> g2_s0:3
[2026-06-30 03:55:15] MAC FLAP ba:9c:75:85:91:f8 g1_s0:2 -> g2_s0:3
[2026-06-30 03:55:15] MAC FLAP 66:f0:ff:2a:20:3f g1_s1:2 -> g2_s0:3
[2026-06-30 03:55:15] MAC FLAP 2a:27:d2:1f:21:3d g2_s0:2 -> g2_s1:1
[2026-06-30 03:55:15] MAC FLAP 62:ba:9a:50:a8:a5 g2_s0:3 -> g2_s1:2
[2026-06-30 03:55:15] MAC FLAP 02:6f:53:d2:17:0a g2_s0:3 -> g2_s1:2
[2026-06-30 03:55:15] MAC FLAP ba:9c:75:85:91:f8 g2_s0:3 -> g2_s1:2
[2026-06-30 03:55:15] MAC FLAP c6:82:9c:68:dd:09 g2_s0:3 -> g2_s1:2
[2026-06-30 03:55:15] MAC FLAP 66:f0:ff:2a:20:3f g2_s0:3 -> g2_s1:2
[2026-06-30 03:55:15] Evicted -> 62:ba:9a:50:a8:a5
[2026-06-30 03:55:15] Unknown Unicast -> aa:bb:cc:dd:ee:01
[2026-06-30 03:55:15] LEARNED aa:bb:cc:dd:ee:01 -> g0_s0:1
[2026-06-30 03:55:15] Unknown Unicast -> aa:bb:cc:dd:ee:02
[2026-06-30 03:55:15] LEARNED aa:bb:cc:dd:ee:02 -> g0_s1:2
[2026-06-30 03:55:15] Unknown Unicast -> aa:bb:cc:dd:ee:03
[2026-06-30 03:55:15] LEARNED aa:bb:cc:dd:ee:03 -> g0_s0:3
[2026-06-30 03:55:15] Unknown Unicast -> aa:bb:cc:dd:ee:04
[2026-06-30 03:55:15] LEARNED aa:bb:cc:dd:ee:04 -> g1_s0:1
[2026-06-30 03:55:15] Unknown Unicast -> aa:bb:cc:dd:ee:05
[2026-06-30 03:55:15] LEARNED aa:bb:cc:dd:ee:05 -> g0_s1:4
[2026-06-30 03:55:15] Unknown Unicast -> aa:bb:cc:dd:ee:06
[2026-06-30 03:55:15] LEARNED aa:bb:cc:dd:ee:06 -> g1_s0:2
[2026-06-30 03:55:15] Unknown Unicast -> aa:bb:cc:dd:ee:07
[2026-06-30 03:55:16] LEARNED aa:bb:cc:dd:ee:07 -> g1_s1:3
[2026-06-30 03:55:16] Unknown Unicast -> aa:bb:cc:dd:ee:08
[2026-06-30 03:55:16] LEARNED aa:bb:cc:dd:ee:08 -> g1_s1:4
[2026-06-30 03:55:16] Cycle Complete | Entries=16 Learned=17 Updated=33 Expired=0 Evicted=1
[2026-06-30 03:55:21] MAC FLAP be:d1:5c:32:88:31 g2_s0:2 -> g0_s0:3
[2026-06-30 03:55:21] LEARNED 62:ba:9a:50:a8:a5 -> g0_s0:2
[2026-06-30 03:55:21] MAC FLAP 2a:27:d2:1f:21:3d g2_s1:1 -> g0_s0:3
[2026-06-30 03:55:21] MAC FLAP 66:f0:ff:2a:20:3f g2_s1:2 -> g0_s0:1
[2026-06-30 03:55:21] MAC FLAP 02:6f:53:d2:17:0a g2_s1:2 -> g0_s0:3
[2026-06-30 03:55:21] MAC FLAP c6:82:9c:68:dd:09 g2_s1:2 -> g0_s0:3
[2026-06-30 03:55:21] MAC FLAP ba:9c:75:85:91:f8 g2_s1:2 -> g0_s0:3
[2026-06-30 03:55:21] MAC FLAP 62:ba:9a:50:a8:a5 g0_s0:2 -> g0_s1:1
[2026-06-30 03:55:21] MAC FLAP be:d1:5c:32:88:31 g0_s0:3 -> g0_s1:2
[2026-06-30 03:55:21] MAC FLAP 2a:27:d2:1f:21:3d g0_s0:3 -> g0_s1:2
[2026-06-30 03:55:21] MAC FLAP 66:f0:ff:2a:20:3f g0_s0:1 -> g0_s1:2
[2026-06-30 03:55:21] MAC FLAP 02:6f:53:d2:17:0a g0_s0:3 -> g0_s1:2
[2026-06-30 03:55:21] MAC FLAP ba:9c:75:85:91:f8 g0_s0:3 -> g0_s1:2
[2026-06-30 03:55:21] MAC FLAP c6:82:9c:68:dd:09 g0_s0:3 -> g0_s1:2
[2026-06-30 03:55:21] MAC FLAP be:d1:5c:32:88:31 g0_s1:2 -> g1_s0:4
[2026-06-30 03:55:21] MAC FLAP 2a:27:d2:1f:21:3d g0_s1:2 -> g1_s0:4
[2026-06-30 03:55:21] MAC FLAP 62:ba:9a:50:a8:a5 g0_s1:1 -> g1_s0:3
[2026-06-30 03:55:21] MAC FLAP 02:6f:53:d2:17:0a g0_s1:2 -> g1_s0:1
[2026-06-30 03:55:21] MAC FLAP ba:9c:75:85:91:f8 g0_s1:2 -> g1_s0:2
[2026-06-30 03:55:21] MAC FLAP c6:82:9c:68:dd:09 g0_s1:2 -> g1_s0:2
[2026-06-30 03:55:21] MAC FLAP 66:f0:ff:2a:20:3f g0_s1:2 -> g1_s0:3
[2026-06-30 03:55:21] MAC FLAP be:d1:5c:32:88:31 g1_s0:4 -> g1_s1:2
[2026-06-30 03:55:21] MAC FLAP 62:ba:9a:50:a8:a5 g1_s0:3 -> g1_s1:2
[2026-06-30 03:55:21] MAC FLAP 2a:27:d2:1f:21:3d g1_s0:4 -> g1_s1:2
[2026-06-30 03:55:21] MAC FLAP c6:82:9c:68:dd:09 g1_s0:2 -> g1_s1:1
[2026-06-30 03:55:21] MAC FLAP 02:6f:53:d2:17:0a g1_s0:1 -> g1_s1:2
[2026-06-30 03:55:21] MAC FLAP 66:f0:ff:2a:20:3f g1_s0:3 -> g1_s1:2
[2026-06-30 03:55:21] MAC FLAP be:d1:5c:32:88:31 g1_s1:2 -> g2_s0:2
[2026-06-30 03:55:21] MAC FLAP 2a:27:d2:1f:21:3d g1_s1:2 -> g2_s0:2
[2026-06-30 03:55:21] MAC FLAP 62:ba:9a:50:a8:a5 g1_s1:2 -> g2_s0:3
[2026-06-30 03:55:21] MAC FLAP 02:6f:53:d2:17:0a g1_s1:2 -> g2_s0:3
[2026-06-30 03:55:21] MAC FLAP c6:82:9c:68:dd:09 g1_s1:1 -> g2_s0:3
[2026-06-30 03:55:21] MAC FLAP ba:9c:75:85:91:f8 g1_s0:2 -> g2_s0:3
[2026-06-30 03:55:21] MAC FLAP 66:f0:ff:2a:20:3f g1_s1:2 -> g2_s0:3
[2026-06-30 03:55:21] MAC FLAP 2a:27:d2:1f:21:3d g2_s0:2 -> g2_s1:1
[2026-06-30 03:55:21] MAC FLAP 62:ba:9a:50:a8:a5 g2_s0:3 -> g2_s1:2
[2026-06-30 03:55:21] MAC FLAP 02:6f:53:d2:17:0a g2_s0:3 -> g2_s1:2
[2026-06-30 03:55:21] MAC FLAP ba:9c:75:85:91:f8 g2_s0:3 -> g2_s1:2
[2026-06-30 03:55:21] MAC FLAP c6:82:9c:68:dd:09 g2_s0:3 -> g2_s1:2
[2026-06-30 03:55:21] MAC FLAP 66:f0:ff:2a:20:3f g2_s0:3 -> g2_s1:2
[2026-06-30 03:55:21] Evicted -> 2a:27:d2:1f:21:3d
[2026-06-30 03:55:21] Evicted -> 66:f0:ff:2a:20:3f
[2026-06-30 03:55:21] Evicted -> 02:6f:53:d2:17:0a
[2026-06-30 03:55:21] Evicted -> c6:82:9c:68:dd:09
[2026-06-30 03:55:21] Evicted -> be:d1:5c:32:88:31
[2026-06-30 03:55:21] Evicted -> ba:9c:75:85:91:f8
[2026-06-30 03:55:21] Evicted -> 62:ba:9a:50:a8:a5
[2026-06-30 03:55:21] Evicted -> 32:1e:08:42:b6:c7
[2026-06-30 03:55:21] Evicted -> 96:1e:a6:b6:3b:cf
[2026-06-30 03:55:21] Cycle Complete | Entries=8 Learned=18 Updated=74 Expired=0 Evicted=10
[2026-06-30 03:55:27] LEARNED be:d1:5c:32:88:31 -> g0_s0:3
[2026-06-30 03:55:27] LEARNED 62:ba:9a:50:a8:a5 -> g0_s0:2
[2026-06-30 03:55:27] LEARNED 2a:27:d2:1f:21:3d -> g0_s0:3
[2026-06-30 03:55:27] LEARNED 66:f0:ff:2a:20:3f -> g0_s0:1
[2026-06-30 03:55:27] LEARNED 02:6f:53:d2:17:0a -> g0_s0:3
[2026-06-30 03:55:27] LEARNED c6:82:9c:68:dd:09 -> g0_s0:3
[2026-06-30 03:55:27] LEARNED ba:9c:75:85:91:f8 -> g0_s0:3
[2026-06-30 03:55:27] MAC FLAP 62:ba:9a:50:a8:a5 g0_s0:2 -> g0_s1:1
[2026-06-30 03:55:27] MAC FLAP be:d1:5c:32:88:31 g0_s0:3 -> g0_s1:2
[2026-06-30 03:55:27] MAC FLAP 2a:27:d2:1f:21:3d g0_s0:3 -> g0_s1:2
[2026-06-30 03:55:27] LEARNED 32:1e:08:42:b6:c7 -> g0_s1:2
[2026-06-30 03:55:27] MAC FLAP 66:f0:ff:2a:20:3f g0_s0:1 -> g0_s1:2
[2026-06-30 03:55:27] MAC FLAP 02:6f:53:d2:17:0a g0_s0:3 -> g0_s1:2
[2026-06-30 03:55:27] MAC FLAP ba:9c:75:85:91:f8 g0_s0:3 -> g0_s1:2
[2026-06-30 03:55:27] MAC FLAP c6:82:9c:68:dd:09 g0_s0:3 -> g0_s1:2
[2026-06-30 03:55:27] MAC FLAP be:d1:5c:32:88:31 g0_s1:2 -> g1_s0:4
[2026-06-30 03:55:27] MAC FLAP 2a:27:d2:1f:21:3d g0_s1:2 -> g1_s0:4
[2026-06-30 03:55:27] MAC FLAP 62:ba:9a:50:a8:a5 g0_s1:1 -> g1_s0:3
[2026-06-30 03:55:27] MAC FLAP 02:6f:53:d2:17:0a g0_s1:2 -> g1_s0:1
[2026-06-30 03:55:27] MAC FLAP ba:9c:75:85:91:f8 g0_s1:2 -> g1_s0:2
[2026-06-30 03:55:27] MAC FLAP c6:82:9c:68:dd:09 g0_s1:2 -> g1_s0:2
[2026-06-30 03:55:27] MAC FLAP 66:f0:ff:2a:20:3f g0_s1:2 -> g1_s0:3
[2026-06-30 03:55:27] LEARNED 96:1e:a6:b6:3b:cf -> g1_s1:2
[2026-06-30 03:55:27] MAC FLAP be:d1:5c:32:88:31 g1_s0:4 -> g1_s1:2
[2026-06-30 03:55:27] MAC FLAP 62:ba:9a:50:a8:a5 g1_s0:3 -> g1_s1:2
[2026-06-30 03:55:27] MAC FLAP 2a:27:d2:1f:21:3d g1_s0:4 -> g1_s1:2
[2026-06-30 03:55:27] MAC FLAP c6:82:9c:68:dd:09 g1_s0:2 -> g1_s1:1
[2026-06-30 03:55:27] MAC FLAP 02:6f:53:d2:17:0a g1_s0:1 -> g1_s1:2
[2026-06-30 03:55:27] MAC FLAP 66:f0:ff:2a:20:3f g1_s0:3 -> g1_s1:2
[2026-06-30 03:55:27] MAC FLAP be:d1:5c:32:88:31 g1_s1:2 -> g2_s0:2
[2026-06-30 03:55:27] MAC FLAP 2a:27:d2:1f:21:3d g1_s1:2 -> g2_s0:2
[2026-06-30 03:55:27] MAC FLAP 62:ba:9a:50:a8:a5 g1_s1:2 -> g2_s0:3
[2026-06-30 03:55:27] MAC FLAP 02:6f:53:d2:17:0a g1_s1:2 -> g2_s0:3
[2026-06-30 03:55:27] MAC FLAP c6:82:9c:68:dd:09 g1_s1:1 -> g2_s0:3
[2026-06-30 03:55:27] MAC FLAP ba:9c:75:85:91:f8 g1_s0:2 -> g2_s0:3
[2026-06-30 03:55:27] MAC FLAP 66:f0:ff:2a:20:3f g1_s1:2 -> g2_s0:3
[2026-06-30 03:55:27] MAC FLAP 2a:27:d2:1f:21:3d g2_s0:2 -> g2_s1:1
[2026-06-30 03:55:27] MAC FLAP 62:ba:9a:50:a8:a5 g2_s0:3 -> g2_s1:2
[2026-06-30 03:55:27] MAC FLAP 02:6f:53:d2:17:0a g2_s0:3 -> g2_s1:2
[2026-06-30 03:55:27] MAC FLAP ba:9c:75:85:91:f8 g2_s0:3 -> g2_s1:2
[2026-06-30 03:55:27] MAC FLAP c6:82:9c:68:dd:09 g2_s0:3 -> g2_s1:2
[2026-06-30 03:55:27] MAC FLAP 66:f0:ff:2a:20:3f g2_s0:3 -> g2_s1:2
[2026-06-30 03:55:27] TTL Expired -> aa:bb:cc:dd:ee:01
[2026-06-30 03:55:27] TTL Expired -> aa:bb:cc:dd:ee:02
[2026-06-30 03:55:27] TTL Expired -> aa:bb:cc:dd:ee:03
[2026-06-30 03:55:27] TTL Expired -> aa:bb:cc:dd:ee:04
[2026-06-30 03:55:27] TTL Expired -> aa:bb:cc:dd:ee:05
[2026-06-30 03:55:27] TTL Expired -> aa:bb:cc:dd:ee:06
[2026-06-30 03:55:27] TTL Expired -> aa:bb:cc:dd:ee:07
[2026-06-30 03:55:27] TTL Expired -> aa:bb:cc:dd:ee:08
[2026-06-30 03:55:27] Evicted -> 62:ba:9a:50:a8:a5
[2026-06-30 03:55:27] Unknown Unicast -> aa:bb:cc:dd:ee:01
[2026-06-30 03:55:27] LEARNED aa:bb:cc:dd:ee:01 -> g0_s0:1
[2026-06-30 03:55:27] Unknown Unicast -> aa:bb:cc:dd:ee:02
[2026-06-30 03:55:27] LEARNED aa:bb:cc:dd:ee:02 -> g0_s1:2
[2026-06-30 03:55:27] Unknown Unicast -> aa:bb:cc:dd:ee:03
[2026-06-30 03:55:27] LEARNED aa:bb:cc:dd:ee:03 -> g0_s0:3
[2026-06-30 03:55:27] Unknown Unicast -> aa:bb:cc:dd:ee:04
[2026-06-30 03:55:27] LEARNED aa:bb:cc:dd:ee:04 -> g1_s0:1
[2026-06-30 03:55:28] Unknown Unicast -> aa:bb:cc:dd:ee:05
[2026-06-30 03:55:28] LEARNED aa:bb:cc:dd:ee:05 -> g0_s1:4
[2026-06-30 03:55:28] Unknown Unicast -> aa:bb:cc:dd:ee:06
[2026-06-30 03:55:28] LEARNED aa:bb:cc:dd:ee:06 -> g1_s0:2
[2026-06-30 03:55:28] Unknown Unicast -> aa:bb:cc:dd:ee:07
[2026-06-30 03:55:28] LEARNED aa:bb:cc:dd:ee:07 -> g1_s1:3
[2026-06-30 03:55:28] Unknown Unicast -> aa:bb:cc:dd:ee:08
[2026-06-30 03:55:28] LEARNED aa:bb:cc:dd:ee:08 -> g1_s1:4
[2026-06-30 03:55:28] Cycle Complete | Entries=16 Learned=35 Updated=107 Expired=8 Evicted=11
[2026-06-30 03:55:33] MAC FLAP be:d1:5c:32:88:31 g2_s0:2 -> g0_s0:3
[2026-06-30 03:55:33] LEARNED 62:ba:9a:50:a8:a5 -> g0_s0:2
[2026-06-30 03:55:33] MAC FLAP 2a:27:d2:1f:21:3d g2_s1:1 -> g0_s0:3
[2026-06-30 03:55:33] MAC FLAP 66:f0:ff:2a:20:3f g2_s1:2 -> g0_s0:1
[2026-06-30 03:55:33] MAC FLAP 02:6f:53:d2:17:0a g2_s1:2 -> g0_s0:3
[2026-06-30 03:55:33] MAC FLAP c6:82:9c:68:dd:09 g2_s1:2 -> g0_s0:3
[2026-06-30 03:55:33] MAC FLAP ba:9c:75:85:91:f8 g2_s1:2 -> g0_s0:3
[2026-06-30 03:55:33] MAC FLAP 62:ba:9a:50:a8:a5 g0_s0:2 -> g0_s1:1
[2026-06-30 03:55:33] MAC FLAP be:d1:5c:32:88:31 g0_s0:3 -> g0_s1:2
[2026-06-30 03:55:33] MAC FLAP 2a:27:d2:1f:21:3d g0_s0:3 -> g0_s1:2
[2026-06-30 03:55:33] MAC FLAP 66:f0:ff:2a:20:3f g0_s0:1 -> g0_s1:2
[2026-06-30 03:55:33] MAC FLAP 02:6f:53:d2:17:0a g0_s0:3 -> g0_s1:2
[2026-06-30 03:55:33] MAC FLAP ba:9c:75:85:91:f8 g0_s0:3 -> g0_s1:2
[2026-06-30 03:55:33] MAC FLAP c6:82:9c:68:dd:09 g0_s0:3 -> g0_s1:2
[2026-06-30 03:55:33] MAC FLAP be:d1:5c:32:88:31 g0_s1:2 -> g1_s0:4
[2026-06-30 03:55:33] MAC FLAP 2a:27:d2:1f:21:3d g0_s1:2 -> g1_s0:4
[2026-06-30 03:55:33] MAC FLAP 62:ba:9a:50:a8:a5 g0_s1:1 -> g1_s0:3
[2026-06-30 03:55:33] MAC FLAP 02:6f:53:d2:17:0a g0_s1:2 -> g1_s0:1
[2026-06-30 03:55:33] MAC FLAP ba:9c:75:85:91:f8 g0_s1:2 -> g1_s0:2
[2026-06-30 03:55:33] MAC FLAP c6:82:9c:68:dd:09 g0_s1:2 -> g1_s0:2
[2026-06-30 03:55:33] MAC FLAP 66:f0:ff:2a:20:3f g0_s1:2 -> g1_s0:3
[2026-06-30 03:55:33] MAC FLAP be:d1:5c:32:88:31 g1_s0:4 -> g1_s1:2
[2026-06-30 03:55:33] MAC FLAP 62:ba:9a:50:a8:a5 g1_s0:3 -> g1_s1:2
[2026-06-30 03:55:33] MAC FLAP 2a:27:d2:1f:21:3d g1_s0:4 -> g1_s1:2
[2026-06-30 03:55:33] MAC FLAP c6:82:9c:68:dd:09 g1_s0:2 -> g1_s1:1
[2026-06-30 03:55:33] MAC FLAP 02:6f:53:d2:17:0a g1_s0:1 -> g1_s1:2
[2026-06-30 03:55:33] MAC FLAP 66:f0:ff:2a:20:3f g1_s0:3 -> g1_s1:2
[2026-06-30 03:55:33] MAC FLAP be:d1:5c:32:88:31 g1_s1:2 -> g2_s0:2
[2026-06-30 03:55:33] MAC FLAP 2a:27:d2:1f:21:3d g1_s1:2 -> g2_s0:2
[2026-06-30 03:55:33] MAC FLAP 62:ba:9a:50:a8:a5 g1_s1:2 -> g2_s0:3
[2026-06-30 03:55:33] MAC FLAP 02:6f:53:d2:17:0a g1_s1:2 -> g2_s0:3
[2026-06-30 03:55:33] MAC FLAP c6:82:9c:68:dd:09 g1_s1:1 -> g2_s0:3
[2026-06-30 03:55:33] MAC FLAP ba:9c:75:85:91:f8 g1_s0:2 -> g2_s0:3
[2026-06-30 03:55:33] MAC FLAP 66:f0:ff:2a:20:3f g1_s1:2 -> g2_s0:3
[2026-06-30 03:55:33] MAC FLAP 2a:27:d2:1f:21:3d g2_s0:2 -> g2_s1:1
[2026-06-30 03:55:33] MAC FLAP 62:ba:9a:50:a8:a5 g2_s0:3 -> g2_s1:2
[2026-06-30 03:55:33] MAC FLAP 02:6f:53:d2:17:0a g2_s0:3 -> g2_s1:2
[2026-06-30 03:55:33] MAC FLAP ba:9c:75:85:91:f8 g2_s0:3 -> g2_s1:2
[2026-06-30 03:55:33] MAC FLAP c6:82:9c:68:dd:09 g2_s0:3 -> g2_s1:2
[2026-06-30 03:55:33] MAC FLAP 66:f0:ff:2a:20:3f g2_s0:3 -> g2_s1:2
[2026-06-30 03:55:33] Evicted -> 2a:27:d2:1f:21:3d
[2026-06-30 03:55:33] Evicted -> 66:f0:ff:2a:20:3f
[2026-06-30 03:55:33] Evicted -> 02:6f:53:d2:17:0a
[2026-06-30 03:55:33] Evicted -> c6:82:9c:68:dd:09
[2026-06-30 03:55:33] Evicted -> be:d1:5c:32:88:31
[2026-06-30 03:55:34] Evicted -> ba:9c:75:85:91:f8
[2026-06-30 03:55:34] Evicted -> 62:ba:9a:50:a8:a5
[2026-06-30 03:55:34] Evicted -> 32:1e:08:42:b6:c7
[2026-06-30 03:55:34] Evicted -> 96:1e:a6:b6:3b:cf
[2026-06-30 03:55:34] Cycle Complete | Entries=8 Learned=36 Updated=148 Expired=8 Evicted=20
[2026-06-30 03:55:39] LEARNED be:d1:5c:32:88:31 -> g0_s0:3
[2026-06-30 03:55:39] LEARNED 62:ba:9a:50:a8:a5 -> g0_s0:2
[2026-06-30 03:55:39] LEARNED 2a:27:d2:1f:21:3d -> g0_s0:3
[2026-06-30 03:55:39] LEARNED 66:f0:ff:2a:20:3f -> g0_s0:1
[2026-06-30 03:55:39] LEARNED 02:6f:53:d2:17:0a -> g0_s0:3
[2026-06-30 03:55:39] LEARNED c6:82:9c:68:dd:09 -> g0_s0:3
[2026-06-30 03:55:39] LEARNED ba:9c:75:85:91:f8 -> g0_s0:3
[2026-06-30 03:55:39] MAC FLAP 62:ba:9a:50:a8:a5 g0_s0:2 -> g0_s1:1
[2026-06-30 03:55:39] MAC FLAP be:d1:5c:32:88:31 g0_s0:3 -> g0_s1:2
[2026-06-30 03:55:39] MAC FLAP 2a:27:d2:1f:21:3d g0_s0:3 -> g0_s1:2
[2026-06-30 03:55:39] LEARNED 32:1e:08:42:b6:c7 -> g0_s1:2
[2026-06-30 03:55:39] MAC FLAP 66:f0:ff:2a:20:3f g0_s0:1 -> g0_s1:2
[2026-06-30 03:55:39] MAC FLAP 02:6f:53:d2:17:0a g0_s0:3 -> g0_s1:2
[2026-06-30 03:55:39] MAC FLAP ba:9c:75:85:91:f8 g0_s0:3 -> g0_s1:2
[2026-06-30 03:55:39] MAC FLAP c6:82:9c:68:dd:09 g0_s0:3 -> g0_s1:2
[2026-06-30 03:55:39] MAC FLAP be:d1:5c:32:88:31 g0_s1:2 -> g1_s0:4
[2026-06-30 03:55:39] MAC FLAP 2a:27:d2:1f:21:3d g0_s1:2 -> g1_s0:4
[2026-06-30 03:55:39] MAC FLAP 62:ba:9a:50:a8:a5 g0_s1:1 -> g1_s0:3
[2026-06-30 03:55:39] MAC FLAP 02:6f:53:d2:17:0a g0_s1:2 -> g1_s0:1
[2026-06-30 03:55:39] MAC FLAP ba:9c:75:85:91:f8 g0_s1:2 -> g1_s0:2
[2026-06-30 03:55:39] MAC FLAP c6:82:9c:68:dd:09 g0_s1:2 -> g1_s0:2
[2026-06-30 03:55:39] MAC FLAP 66:f0:ff:2a:20:3f g0_s1:2 -> g1_s0:3
[2026-06-30 03:55:39] LEARNED 96:1e:a6:b6:3b:cf -> g1_s1:2
[2026-06-30 03:55:39] MAC FLAP be:d1:5c:32:88:31 g1_s0:4 -> g1_s1:2
[2026-06-30 03:55:39] MAC FLAP 62:ba:9a:50:a8:a5 g1_s0:3 -> g1_s1:2
[2026-06-30 03:55:39] MAC FLAP 2a:27:d2:1f:21:3d g1_s0:4 -> g1_s1:2
[2026-06-30 03:55:39] MAC FLAP c6:82:9c:68:dd:09 g1_s0:2 -> g1_s1:1
[2026-06-30 03:55:39] MAC FLAP 02:6f:53:d2:17:0a g1_s0:1 -> g1_s1:2
[2026-06-30 03:55:39] MAC FLAP 66:f0:ff:2a:20:3f g1_s0:3 -> g1_s1:2
[2026-06-30 03:55:39] MAC FLAP be:d1:5c:32:88:31 g1_s1:2 -> g2_s0:2
[2026-06-30 03:55:39] MAC FLAP 2a:27:d2:1f:21:3d g1_s1:2 -> g2_s0:2
[2026-06-30 03:55:39] MAC FLAP 62:ba:9a:50:a8:a5 g1_s1:2 -> g2_s0:3
[2026-06-30 03:55:39] MAC FLAP 02:6f:53:d2:17:0a g1_s1:2 -> g2_s0:3
[2026-06-30 03:55:39] MAC FLAP c6:82:9c:68:dd:09 g1_s1:1 -> g2_s0:3
[2026-06-30 03:55:39] MAC FLAP ba:9c:75:85:91:f8 g1_s0:2 -> g2_s0:3
[2026-06-30 03:55:39] MAC FLAP 66:f0:ff:2a:20:3f g1_s1:2 -> g2_s0:3
[2026-06-30 03:55:39] MAC FLAP 2a:27:d2:1f:21:3d g2_s0:2 -> g2_s1:1
[2026-06-30 03:55:39] MAC FLAP 62:ba:9a:50:a8:a5 g2_s0:3 -> g2_s1:2
[2026-06-30 03:55:39] MAC FLAP 02:6f:53:d2:17:0a g2_s0:3 -> g2_s1:2
[2026-06-30 03:55:39] MAC FLAP ba:9c:75:85:91:f8 g2_s0:3 -> g2_s1:2
[2026-06-30 03:55:39] MAC FLAP c6:82:9c:68:dd:09 g2_s0:3 -> g2_s1:2
[2026-06-30 03:55:39] MAC FLAP 66:f0:ff:2a:20:3f g2_s0:3 -> g2_s1:2
[2026-06-30 03:55:39] TTL Expired -> aa:bb:cc:dd:ee:01
[2026-06-30 03:55:39] TTL Expired -> aa:bb:cc:dd:ee:02
[2026-06-30 03:55:39] TTL Expired -> aa:bb:cc:dd:ee:03
[2026-06-30 03:55:39] TTL Expired -> aa:bb:cc:dd:ee:04
[2026-06-30 03:55:39] TTL Expired -> aa:bb:cc:dd:ee:05
[2026-06-30 03:55:39] TTL Expired -> aa:bb:cc:dd:ee:06
[2026-06-30 03:55:39] TTL Expired -> aa:bb:cc:dd:ee:07
[2026-06-30 03:55:39] TTL Expired -> aa:bb:cc:dd:ee:08
[2026-06-30 03:55:39] Evicted -> 62:ba:9a:50:a8:a5
[2026-06-30 03:55:39] Unknown Unicast -> aa:bb:cc:dd:ee:01
[2026-06-30 03:55:40] LEARNED aa:bb:cc:dd:ee:01 -> g0_s0:1
[2026-06-30 03:55:40] Unknown Unicast -> aa:bb:cc:dd:ee:02
[2026-06-30 03:55:40] LEARNED aa:bb:cc:dd:ee:02 -> g0_s1:2
[2026-06-30 03:55:40] Unknown Unicast -> aa:bb:cc:dd:ee:03
[2026-06-30 03:55:40] LEARNED aa:bb:cc:dd:ee:03 -> g0_s0:3
[2026-06-30 03:55:40] Unknown Unicast -> aa:bb:cc:dd:ee:04
[2026-06-30 03:55:40] LEARNED aa:bb:cc:dd:ee:04 -> g1_s0:1
[2026-06-30 03:55:40] Unknown Unicast -> aa:bb:cc:dd:ee:05
[2026-06-30 03:55:40] LEARNED aa:bb:cc:dd:ee:05 -> g0_s1:4
[2026-06-30 03:55:40] Unknown Unicast -> aa:bb:cc:dd:ee:06
[2026-06-30 03:55:40] LEARNED aa:bb:cc:dd:ee:06 -> g1_s0:2
[2026-06-30 03:55:40] Unknown Unicast -> aa:bb:cc:dd:ee:07
[2026-06-30 03:55:40] LEARNED aa:bb:cc:dd:ee:07 -> g1_s1:3
[2026-06-30 03:55:40] Unknown Unicast -> aa:bb:cc:dd:ee:08
[2026-06-30 03:55:40] LEARNED aa:bb:cc:dd:ee:08 -> g1_s1:4
[2026-06-30 03:55:40] Cycle Complete | Entries=16 Learned=53 Updated=181 Expired=16 Evicted=21
[2026-06-30 03:55:45] MAC FLAP be:d1:5c:32:88:31 g2_s0:2 -> g0_s0:3
[2026-06-30 03:55:45] LEARNED 62:ba:9a:50:a8:a5 -> g0_s0:2
[2026-06-30 03:55:45] MAC FLAP 2a:27:d2:1f:21:3d g2_s1:1 -> g0_s0:3
[2026-06-30 03:55:45] MAC FLAP 66:f0:ff:2a:20:3f g2_s1:2 -> g0_s0:1
[2026-06-30 03:55:45] MAC FLAP 02:6f:53:d2:17:0a g2_s1:2 -> g0_s0:3
[2026-06-30 03:55:45] MAC FLAP c6:82:9c:68:dd:09 g2_s1:2 -> g0_s0:3
[2026-06-30 03:55:45] MAC FLAP ba:9c:75:85:91:f8 g2_s1:2 -> g0_s0:3
[2026-06-30 03:55:45] MAC FLAP 62:ba:9a:50:a8:a5 g0_s0:2 -> g0_s1:1
[2026-06-30 03:55:45] MAC FLAP be:d1:5c:32:88:31 g0_s0:3 -> g0_s1:2
[2026-06-30 03:55:45] MAC FLAP 2a:27:d2:1f:21:3d g0_s0:3 -> g0_s1:2
[2026-06-30 03:55:45] MAC FLAP 66:f0:ff:2a:20:3f g0_s0:1 -> g0_s1:2
[2026-06-30 03:55:45] MAC FLAP 02:6f:53:d2:17:0a g0_s0:3 -> g0_s1:2
[2026-06-30 03:55:45] MAC FLAP ba:9c:75:85:91:f8 g0_s0:3 -> g0_s1:2
[2026-06-30 03:55:45] MAC FLAP c6:82:9c:68:dd:09 g0_s0:3 -> g0_s1:2
[2026-06-30 03:55:45] MAC FLAP be:d1:5c:32:88:31 g0_s1:2 -> g1_s0:4
[2026-06-30 03:55:45] MAC FLAP 2a:27:d2:1f:21:3d g0_s1:2 -> g1_s0:4
[2026-06-30 03:55:45] MAC FLAP 62:ba:9a:50:a8:a5 g0_s1:1 -> g1_s0:3
[2026-06-30 03:55:45] MAC FLAP 02:6f:53:d2:17:0a g0_s1:2 -> g1_s0:1
[2026-06-30 03:55:45] MAC FLAP ba:9c:75:85:91:f8 g0_s1:2 -> g1_s0:2
[2026-06-30 03:55:45] MAC FLAP c6:82:9c:68:dd:09 g0_s1:2 -> g1_s0:2
[2026-06-30 03:55:45] MAC FLAP 66:f0:ff:2a:20:3f g0_s1:2 -> g1_s0:3
[2026-06-30 03:55:45] MAC FLAP be:d1:5c:32:88:31 g1_s0:4 -> g1_s1:2
[2026-06-30 03:55:45] MAC FLAP 62:ba:9a:50:a8:a5 g1_s0:3 -> g1_s1:2
[2026-06-30 03:55:45] MAC FLAP 2a:27:d2:1f:21:3d g1_s0:4 -> g1_s1:2
[2026-06-30 03:55:45] MAC FLAP c6:82:9c:68:dd:09 g1_s0:2 -> g1_s1:1
[2026-06-30 03:55:45] MAC FLAP 02:6f:53:d2:17:0a g1_s0:1 -> g1_s1:2
[2026-06-30 03:55:45] MAC FLAP 66:f0:ff:2a:20:3f g1_s0:3 -> g1_s1:2
[2026-06-30 03:55:45] MAC FLAP be:d1:5c:32:88:31 g1_s1:2 -> g2_s0:2
[2026-06-30 03:55:45] MAC FLAP 2a:27:d2:1f:21:3d g1_s1:2 -> g2_s0:2
[2026-06-30 03:55:45] MAC FLAP 62:ba:9a:50:a8:a5 g1_s1:2 -> g2_s0:3
[2026-06-30 03:55:45] MAC FLAP 02:6f:53:d2:17:0a g1_s1:2 -> g2_s0:3
[2026-06-30 03:55:45] MAC FLAP c6:82:9c:68:dd:09 g1_s1:1 -> g2_s0:3
[2026-06-30 03:55:45] MAC FLAP ba:9c:75:85:91:f8 g1_s0:2 -> g2_s0:3
[2026-06-30 03:55:45] MAC FLAP 66:f0:ff:2a:20:3f g1_s1:2 -> g2_s0:3
[2026-06-30 03:55:45] MAC FLAP 2a:27:d2:1f:21:3d g2_s0:2 -> g2_s1:1
[2026-06-30 03:55:45] MAC FLAP 62:ba:9a:50:a8:a5 g2_s0:3 -> g2_s1:2
[2026-06-30 03:55:46] MAC FLAP 02:6f:53:d2:17:0a g2_s0:3 -> g2_s1:2
[2026-06-30 03:55:46] MAC FLAP ba:9c:75:85:91:f8 g2_s0:3 -> g2_s1:2
[2026-06-30 03:55:46] MAC FLAP c6:82:9c:68:dd:09 g2_s0:3 -> g2_s1:2
[2026-06-30 03:55:46] MAC FLAP 66:f0:ff:2a:20:3f g2_s0:3 -> g2_s1:2
[2026-06-30 03:55:46] Evicted -> 2a:27:d2:1f:21:3d
[2026-06-30 03:55:46] Evicted -> 66:f0:ff:2a:20:3f
[2026-06-30 03:55:46] Evicted -> 02:6f:53:d2:17:0a
[2026-06-30 03:55:46] Evicted -> c6:82:9c:68:dd:09
[2026-06-30 03:55:46] Evicted -> be:d1:5c:32:88:31
[2026-06-30 03:55:46] Evicted -> ba:9c:75:85:91:f8
[2026-06-30 03:55:46] Evicted -> 62:ba:9a:50:a8:a5
[2026-06-30 03:55:46] Evicted -> 32:1e:08:42:b6:c7
[2026-06-30 03:55:46] Evicted -> 96:1e:a6:b6:3b:cf
[2026-06-30 03:55:46] Cycle Complete | Entries=8 Learned=54 Updated=222 Expired=16 Evicted=30
[2026-06-30 03:55:51] LEARNED be:d1:5c:32:88:31 -> g0_s0:3
[2026-06-30 03:55:51] LEARNED 62:ba:9a:50:a8:a5 -> g0_s0:2
[2026-06-30 03:55:51] LEARNED 2a:27:d2:1f:21:3d -> g0_s0:3
[2026-06-30 03:55:51] LEARNED 66:f0:ff:2a:20:3f -> g0_s0:1
[2026-06-30 03:55:51] LEARNED 02:6f:53:d2:17:0a -> g0_s0:3
[2026-06-30 03:55:51] LEARNED c6:82:9c:68:dd:09 -> g0_s0:3
[2026-06-30 03:55:51] LEARNED ba:9c:75:85:91:f8 -> g0_s0:3
[2026-06-30 03:55:51] MAC FLAP 62:ba:9a:50:a8:a5 g0_s0:2 -> g0_s1:1
[2026-06-30 03:55:51] MAC FLAP be:d1:5c:32:88:31 g0_s0:3 -> g0_s1:2
[2026-06-30 03:55:51] MAC FLAP 2a:27:d2:1f:21:3d g0_s0:3 -> g0_s1:2
[2026-06-30 03:55:51] LEARNED 32:1e:08:42:b6:c7 -> g0_s1:2
[2026-06-30 03:55:51] MAC FLAP 66:f0:ff:2a:20:3f g0_s0:1 -> g0_s1:2
[2026-06-30 03:55:51] MAC FLAP 02:6f:53:d2:17:0a g0_s0:3 -> g0_s1:2
[2026-06-30 03:55:51] MAC FLAP ba:9c:75:85:91:f8 g0_s0:3 -> g0_s1:2
[2026-06-30 03:55:51] MAC FLAP c6:82:9c:68:dd:09 g0_s0:3 -> g0_s1:2
[2026-06-30 03:55:51] MAC FLAP be:d1:5c:32:88:31 g0_s1:2 -> g1_s0:4
[2026-06-30 03:55:51] MAC FLAP 2a:27:d2:1f:21:3d g0_s1:2 -> g1_s0:4
[2026-06-30 03:55:51] MAC FLAP 62:ba:9a:50:a8:a5 g0_s1:1 -> g1_s0:3
[2026-06-30 03:55:51] MAC FLAP 02:6f:53:d2:17:0a g0_s1:2 -> g1_s0:1
[2026-06-30 03:55:51] MAC FLAP ba:9c:75:85:91:f8 g0_s1:2 -> g1_s0:2
[2026-06-30 03:55:51] MAC FLAP c6:82:9c:68:dd:09 g0_s1:2 -> g1_s0:2
[2026-06-30 03:55:51] MAC FLAP 66:f0:ff:2a:20:3f g0_s1:2 -> g1_s0:3
[2026-06-30 03:55:51] LEARNED 96:1e:a6:b6:3b:cf -> g1_s1:2
[2026-06-30 03:55:51] MAC FLAP be:d1:5c:32:88:31 g1_s0:4 -> g1_s1:2
[2026-06-30 03:55:51] MAC FLAP 62:ba:9a:50:a8:a5 g1_s0:3 -> g1_s1:2
[2026-06-30 03:55:51] MAC FLAP 2a:27:d2:1f:21:3d g1_s0:4 -> g1_s1:2
[2026-06-30 03:55:51] MAC FLAP c6:82:9c:68:dd:09 g1_s0:2 -> g1_s1:1
[2026-06-30 03:55:51] MAC FLAP 02:6f:53:d2:17:0a g1_s0:1 -> g1_s1:2
[2026-06-30 03:55:51] MAC FLAP 66:f0:ff:2a:20:3f g1_s0:3 -> g1_s1:2
[2026-06-30 03:55:51] MAC FLAP be:d1:5c:32:88:31 g1_s1:2 -> g2_s0:2
[2026-06-30 03:55:51] MAC FLAP 2a:27:d2:1f:21:3d g1_s1:2 -> g2_s0:2
[2026-06-30 03:55:51] MAC FLAP 62:ba:9a:50:a8:a5 g1_s1:2 -> g2_s0:3
[2026-06-30 03:55:51] MAC FLAP 02:6f:53:d2:17:0a g1_s1:2 -> g2_s0:3
[2026-06-30 03:55:51] MAC FLAP c6:82:9c:68:dd:09 g1_s1:1 -> g2_s0:3
[2026-06-30 03:55:51] MAC FLAP ba:9c:75:85:91:f8 g1_s0:2 -> g2_s0:3
[2026-06-30 03:55:51] MAC FLAP 66:f0:ff:2a:20:3f g1_s1:2 -> g2_s0:3
[2026-06-30 03:55:51] MAC FLAP 2a:27:d2:1f:21:3d g2_s0:2 -> g2_s1:1
[2026-06-30 03:55:51] MAC FLAP 62:ba:9a:50:a8:a5 g2_s0:3 -> g2_s1:2
[2026-06-30 03:55:51] MAC FLAP 02:6f:53:d2:17:0a g2_s0:3 -> g2_s1:2
[2026-06-30 03:55:51] MAC FLAP ba:9c:75:85:91:f8 g2_s0:3 -> g2_s1:2
[2026-06-30 03:55:51] MAC FLAP c6:82:9c:68:dd:09 g2_s0:3 -> g2_s1:2
[2026-06-30 03:55:51] MAC FLAP 66:f0:ff:2a:20:3f g2_s0:3 -> g2_s1:2
[2026-06-30 03:55:52] TTL Expired -> aa:bb:cc:dd:ee:01
[2026-06-30 03:55:52] TTL Expired -> aa:bb:cc:dd:ee:02
[2026-06-30 03:55:52] TTL Expired -> aa:bb:cc:dd:ee:03
[2026-06-30 03:55:52] TTL Expired -> aa:bb:cc:dd:ee:04
[2026-06-30 03:55:52] TTL Expired -> aa:bb:cc:dd:ee:05
[2026-06-30 03:55:52] TTL Expired -> aa:bb:cc:dd:ee:06
[2026-06-30 03:55:52] TTL Expired -> aa:bb:cc:dd:ee:07
[2026-06-30 03:55:52] TTL Expired -> aa:bb:cc:dd:ee:08
[2026-06-30 03:55:52] Evicted -> 62:ba:9a:50:a8:a5
[2026-06-30 03:55:52] Unknown Unicast -> aa:bb:cc:dd:ee:01
[2026-06-30 03:55:52] LEARNED aa:bb:cc:dd:ee:01 -> g0_s0:1
[2026-06-30 03:55:52] Unknown Unicast -> aa:bb:cc:dd:ee:02
[2026-06-30 03:55:52] LEARNED aa:bb:cc:dd:ee:02 -> g0_s1:2
[2026-06-30 03:55:52] Unknown Unicast -> aa:bb:cc:dd:ee:03
[2026-06-30 03:55:52] LEARNED aa:bb:cc:dd:ee:03 -> g0_s0:3
[2026-06-30 03:55:52] Unknown Unicast -> aa:bb:cc:dd:ee:04
[2026-06-30 03:55:52] LEARNED aa:bb:cc:dd:ee:04 -> g1_s0:1
[2026-06-30 03:55:52] Unknown Unicast -> aa:bb:cc:dd:ee:05
[2026-06-30 03:55:52] LEARNED aa:bb:cc:dd:ee:05 -> g0_s1:4
[2026-06-30 03:55:52] Unknown Unicast -> aa:bb:cc:dd:ee:06
[2026-06-30 03:55:52] LEARNED aa:bb:cc:dd:ee:06 -> g1_s0:2
[2026-06-30 03:55:52] Unknown Unicast -> aa:bb:cc:dd:ee:07
[2026-06-30 03:55:52] LEARNED aa:bb:cc:dd:ee:07 -> g1_s1:3
[2026-06-30 03:55:52] Unknown Unicast -> aa:bb:cc:dd:ee:08
[2026-06-30 03:55:52] LEARNED aa:bb:cc:dd:ee:08 -> g1_s1:4
[2026-06-30 03:55:52] Cycle Complete | Entries=16 Learned=71 Updated=255 Expired=24 Evicted=31
[2026-06-30 03:55:57] MAC FLAP be:d1:5c:32:88:31 g2_s0:2 -> g0_s0:3
[2026-06-30 03:55:57] LEARNED 62:ba:9a:50:a8:a5 -> g0_s0:2
[2026-06-30 03:55:57] MAC FLAP 2a:27:d2:1f:21:3d g2_s1:1 -> g0_s0:3
[2026-06-30 03:55:57] MAC FLAP 66:f0:ff:2a:20:3f g2_s1:2 -> g0_s0:1
[2026-06-30 03:55:57] MAC FLAP 02:6f:53:d2:17:0a g2_s1:2 -> g0_s0:3
[2026-06-30 03:55:57] MAC FLAP c6:82:9c:68:dd:09 g2_s1:2 -> g0_s0:3
[2026-06-30 03:55:57] MAC FLAP ba:9c:75:85:91:f8 g2_s1:2 -> g0_s0:3
[2026-06-30 03:55:57] MAC FLAP 62:ba:9a:50:a8:a5 g0_s0:2 -> g0_s1:1
[2026-06-30 03:55:57] MAC FLAP be:d1:5c:32:88:31 g0_s0:3 -> g0_s1:2
[2026-06-30 03:55:57] MAC FLAP 2a:27:d2:1f:21:3d g0_s0:3 -> g0_s1:2
[2026-06-30 03:55:57] MAC FLAP 66:f0:ff:2a:20:3f g0_s0:1 -> g0_s1:2
[2026-06-30 03:55:57] MAC FLAP 02:6f:53:d2:17:0a g0_s0:3 -> g0_s1:2
[2026-06-30 03:55:57] MAC FLAP ba:9c:75:85:91:f8 g0_s0:3 -> g0_s1:2
[2026-06-30 03:55:57] MAC FLAP c6:82:9c:68:dd:09 g0_s0:3 -> g0_s1:2
[2026-06-30 03:55:57] MAC FLAP be:d1:5c:32:88:31 g0_s1:2 -> g1_s0:4
[2026-06-30 03:55:57] MAC FLAP 2a:27:d2:1f:21:3d g0_s1:2 -> g1_s0:4
[2026-06-30 03:55:57] MAC FLAP 62:ba:9a:50:a8:a5 g0_s1:1 -> g1_s0:3
[2026-06-30 03:55:57] MAC FLAP 02:6f:53:d2:17:0a g0_s1:2 -> g1_s0:1
[2026-06-30 03:55:57] MAC FLAP ba:9c:75:85:91:f8 g0_s1:2 -> g1_s0:2
[2026-06-30 03:55:57] MAC FLAP c6:82:9c:68:dd:09 g0_s1:2 -> g1_s0:2
[2026-06-30 03:55:57] MAC FLAP 66:f0:ff:2a:20:3f g0_s1:2 -> g1_s0:3
[2026-06-30 03:55:57] MAC FLAP be:d1:5c:32:88:31 g1_s0:4 -> g1_s1:2
[2026-06-30 03:55:57] MAC FLAP 62:ba:9a:50:a8:a5 g1_s0:3 -> g1_s1:2
[2026-06-30 03:55:57] MAC FLAP 2a:27:d2:1f:21:3d g1_s0:4 -> g1_s1:2
[2026-06-30 03:55:57] MAC FLAP c6:82:9c:68:dd:09 g1_s0:2 -> g1_s1:1
[2026-06-30 03:55:57] MAC FLAP 02:6f:53:d2:17:0a g1_s0:1 -> g1_s1:2
[2026-06-30 03:55:57] MAC FLAP 66:f0:ff:2a:20:3f g1_s0:3 -> g1_s1:2
[2026-06-30 03:55:58] MAC FLAP be:d1:5c:32:88:31 g1_s1:2 -> g2_s0:2
[2026-06-30 03:55:58] MAC FLAP 2a:27:d2:1f:21:3d g1_s1:2 -> g2_s0:2
[2026-06-30 03:55:58] MAC FLAP 62:ba:9a:50:a8:a5 g1_s1:2 -> g2_s0:3
[2026-06-30 03:55:58] MAC FLAP 02:6f:53:d2:17:0a g1_s1:2 -> g2_s0:3
[2026-06-30 03:55:58] MAC FLAP c6:82:9c:68:dd:09 g1_s1:1 -> g2_s0:3
[2026-06-30 03:55:58] MAC FLAP ba:9c:75:85:91:f8 g1_s0:2 -> g2_s0:3
[2026-06-30 03:55:58] MAC FLAP 66:f0:ff:2a:20:3f g1_s1:2 -> g2_s0:3
[2026-06-30 03:55:58] MAC FLAP 2a:27:d2:1f:21:3d g2_s0:2 -> g2_s1:1
[2026-06-30 03:55:58] MAC FLAP 62:ba:9a:50:a8:a5 g2_s0:3 -> g2_s1:2
[2026-06-30 03:55:58] MAC FLAP 02:6f:53:d2:17:0a g2_s0:3 -> g2_s1:2
[2026-06-30 03:55:58] MAC FLAP ba:9c:75:85:91:f8 g2_s0:3 -> g2_s1:2
[2026-06-30 03:55:58] MAC FLAP c6:82:9c:68:dd:09 g2_s0:3 -> g2_s1:2
[2026-06-30 03:55:58] MAC FLAP 66:f0:ff:2a:20:3f g2_s0:3 -> g2_s1:2
[2026-06-30 03:55:58] Evicted -> 2a:27:d2:1f:21:3d
[2026-06-30 03:55:58] Evicted -> 66:f0:ff:2a:20:3f
[2026-06-30 03:55:58] Evicted -> 02:6f:53:d2:17:0a
[2026-06-30 03:55:58] Evicted -> c6:82:9c:68:dd:09
[2026-06-30 03:55:58] Evicted -> be:d1:5c:32:88:31
[2026-06-30 03:55:58] Evicted -> ba:9c:75:85:91:f8
[2026-06-30 03:55:58] Evicted -> 62:ba:9a:50:a8:a5
[2026-06-30 03:55:58] Evicted -> 32:1e:08:42:b6:c7
[2026-06-30 03:55:58] Evicted -> 96:1e:a6:b6:3b:cf
[2026-06-30 03:55:58] Cycle Complete | Entries=8 Learned=72 Updated=296 Expired=24 Evicted=40
[2026-06-30 03:56:06] Baseline snapshot created (33 entries)
[2026-06-30 03:56:06] LEARNED be:d1:5c:32:88:31 -> g0_s0:3
[2026-06-30 03:56:06] LEARNED 62:ba:9a:50:a8:a5 -> g0_s0:2
[2026-06-30 03:56:06] LEARNED 2a:27:d2:1f:21:3d -> g0_s0:3
[2026-06-30 03:56:06] LEARNED 66:f0:ff:2a:20:3f -> g0_s0:1
[2026-06-30 03:56:06] LEARNED 02:6f:53:d2:17:0a -> g0_s0:3
[2026-06-30 03:56:06] LEARNED c6:82:9c:68:dd:09 -> g0_s0:3
[2026-06-30 03:56:06] LEARNED ba:9c:75:85:91:f8 -> g0_s0:3
[2026-06-30 03:56:06] LEARNED be:b9:ef:69:de:88 -> g0_s0:3
[2026-06-30 03:56:06] MAC FLAP 62:ba:9a:50:a8:a5 g0_s0:2 -> g0_s1:1
[2026-06-30 03:56:06] MAC FLAP be:d1:5c:32:88:31 g0_s0:3 -> g0_s1:2
[2026-06-30 03:56:06] MAC FLAP 2a:27:d2:1f:21:3d g0_s0:3 -> g0_s1:2
[2026-06-30 03:56:06] LEARNED 32:1e:08:42:b6:c7 -> g0_s1:2
[2026-06-30 03:56:06] MAC FLAP 66:f0:ff:2a:20:3f g0_s0:1 -> g0_s1:2
[2026-06-30 03:56:06] MAC FLAP 02:6f:53:d2:17:0a g0_s0:3 -> g0_s1:2
[2026-06-30 03:56:06] MAC FLAP ba:9c:75:85:91:f8 g0_s0:3 -> g0_s1:2
[2026-06-30 03:56:06] MAC FLAP c6:82:9c:68:dd:09 g0_s0:3 -> g0_s1:2
[2026-06-30 03:56:06] MAC FLAP be:b9:ef:69:de:88 g0_s0:3 -> g0_s1:2
[2026-06-30 03:56:06] MAC FLAP be:d1:5c:32:88:31 g0_s1:2 -> g1_s0:4
[2026-06-30 03:56:06] MAC FLAP 2a:27:d2:1f:21:3d g0_s1:2 -> g1_s0:4
[2026-06-30 03:56:06] MAC FLAP 62:ba:9a:50:a8:a5 g0_s1:1 -> g1_s0:3
[2026-06-30 03:56:06] MAC FLAP 02:6f:53:d2:17:0a g0_s1:2 -> g1_s0:1
[2026-06-30 03:56:06] MAC FLAP ba:9c:75:85:91:f8 g0_s1:2 -> g1_s0:2
[2026-06-30 03:56:06] MAC FLAP c6:82:9c:68:dd:09 g0_s1:2 -> g1_s0:2
[2026-06-30 03:56:06] MAC FLAP 66:f0:ff:2a:20:3f g0_s1:2 -> g1_s0:3
[2026-06-30 03:56:06] MAC FLAP be:b9:ef:69:de:88 g0_s1:2 -> g1_s0:4
[2026-06-30 03:56:06] LEARNED 96:1e:a6:b6:3b:cf -> g1_s1:2
[2026-06-30 03:56:06] MAC FLAP be:d1:5c:32:88:31 g1_s0:4 -> g1_s1:2
[2026-06-30 03:56:06] MAC FLAP 62:ba:9a:50:a8:a5 g1_s0:3 -> g1_s1:2
[2026-06-30 03:56:06] MAC FLAP 2a:27:d2:1f:21:3d g1_s0:4 -> g1_s1:2
[2026-06-30 03:56:06] MAC FLAP c6:82:9c:68:dd:09 g1_s0:2 -> g1_s1:1
[2026-06-30 03:56:06] MAC FLAP 02:6f:53:d2:17:0a g1_s0:1 -> g1_s1:2
[2026-06-30 03:56:06] MAC FLAP 66:f0:ff:2a:20:3f g1_s0:3 -> g1_s1:2
[2026-06-30 03:56:06] MAC FLAP be:b9:ef:69:de:88 g1_s0:4 -> g1_s1:2
[2026-06-30 03:56:06] MAC FLAP be:d1:5c:32:88:31 g1_s1:2 -> g2_s0:2
[2026-06-30 03:56:06] MAC FLAP 2a:27:d2:1f:21:3d g1_s1:2 -> g2_s0:2
[2026-06-30 03:56:06] MAC FLAP 62:ba:9a:50:a8:a5 g1_s1:2 -> g2_s0:3
[2026-06-30 03:56:06] MAC FLAP 02:6f:53:d2:17:0a g1_s1:2 -> g2_s0:3
[2026-06-30 03:56:06] MAC FLAP c6:82:9c:68:dd:09 g1_s1:1 -> g2_s0:3
[2026-06-30 03:56:06] MAC FLAP ba:9c:75:85:91:f8 g1_s0:2 -> g2_s0:3
[2026-06-30 03:56:06] MAC FLAP 66:f0:ff:2a:20:3f g1_s1:2 -> g2_s0:3
[2026-06-30 03:56:06] MAC FLAP be:b9:ef:69:de:88 g1_s1:2 -> g2_s0:1
[2026-06-30 03:56:06] MAC FLAP 2a:27:d2:1f:21:3d g2_s0:2 -> g2_s1:1
[2026-06-30 03:56:06] MAC FLAP 62:ba:9a:50:a8:a5 g2_s0:3 -> g2_s1:2
[2026-06-30 03:56:06] MAC FLAP 02:6f:53:d2:17:0a g2_s0:3 -> g2_s1:2
[2026-06-30 03:56:07] MAC FLAP ba:9c:75:85:91:f8 g2_s0:3 -> g2_s1:2
[2026-06-30 03:56:07] MAC FLAP c6:82:9c:68:dd:09 g2_s0:3 -> g2_s1:2
[2026-06-30 03:56:07] MAC FLAP 66:f0:ff:2a:20:3f g2_s0:3 -> g2_s1:2
[2026-06-30 03:56:07] MAC FLAP be:b9:ef:69:de:88 g2_s0:1 -> g2_s1:2
[2026-06-30 03:56:07] Unknown Unicast -> aa:bb:cc:dd:ee:01
[2026-06-30 03:56:07] LEARNED aa:bb:cc:dd:ee:01 -> g0_s0:1
[2026-06-30 03:56:07] Unknown Unicast -> aa:bb:cc:dd:ee:02
[2026-06-30 03:56:07] LEARNED aa:bb:cc:dd:ee:02 -> g0_s1:2
[2026-06-30 03:56:07] Unknown Unicast -> aa:bb:cc:dd:ee:03
[2026-06-30 03:56:07] LEARNED aa:bb:cc:dd:ee:03 -> g0_s0:3
[2026-06-30 03:56:07] Unknown Unicast -> aa:bb:cc:dd:ee:04
[2026-06-30 03:56:07] LEARNED aa:bb:cc:dd:ee:04 -> g1_s0:1
[2026-06-30 03:56:07] Unknown Unicast -> aa:bb:cc:dd:ee:05
[2026-06-30 03:56:07] LEARNED aa:bb:cc:dd:ee:05 -> g0_s1:4
[2026-06-30 03:56:07] Unknown Unicast -> aa:bb:cc:dd:ee:06
[2026-06-30 03:56:07] LEARNED aa:bb:cc:dd:ee:06 -> g1_s0:2
[2026-06-30 03:56:07] Unknown Unicast -> aa:bb:cc:dd:ee:07
[2026-06-30 03:56:07] LEARNED aa:bb:cc:dd:ee:07 -> g1_s1:3
[2026-06-30 03:56:07] Unknown Unicast -> aa:bb:cc:dd:ee:08
[2026-06-30 03:56:07] LEARNED aa:bb:cc:dd:ee:08 -> g1_s1:4
[2026-06-30 03:56:07] Cycle Complete | Entries=18 Learned=18 Updated=38 Expired=0 Evicted=0
[2026-06-30 03:56:12] MAC FLAP be:d1:5c:32:88:31 g2_s0:2 -> g0_s0:3
[2026-06-30 03:56:12] MAC FLAP 62:ba:9a:50:a8:a5 g2_s1:2 -> g0_s0:2
[2026-06-30 03:56:12] MAC FLAP 2a:27:d2:1f:21:3d g2_s1:1 -> g0_s0:3
[2026-06-30 03:56:12] MAC FLAP 66:f0:ff:2a:20:3f g2_s1:2 -> g0_s0:1
[2026-06-30 03:56:12] MAC FLAP 02:6f:53:d2:17:0a g2_s1:2 -> g0_s0:3
[2026-06-30 03:56:12] MAC FLAP c6:82:9c:68:dd:09 g2_s1:2 -> g0_s0:3
[2026-06-30 03:56:12] MAC FLAP ba:9c:75:85:91:f8 g2_s1:2 -> g0_s0:3
[2026-06-30 03:56:12] MAC FLAP be:b9:ef:69:de:88 g2_s1:2 -> g0_s0:3
[2026-06-30 03:56:12] MAC FLAP 62:ba:9a:50:a8:a5 g0_s0:2 -> g0_s1:1
[2026-06-30 03:56:12] MAC FLAP be:d1:5c:32:88:31 g0_s0:3 -> g0_s1:2
[2026-06-30 03:56:12] MAC FLAP 2a:27:d2:1f:21:3d g0_s0:3 -> g0_s1:2
[2026-06-30 03:56:12] MAC FLAP 66:f0:ff:2a:20:3f g0_s0:1 -> g0_s1:2
[2026-06-30 03:56:12] MAC FLAP 02:6f:53:d2:17:0a g0_s0:3 -> g0_s1:2
[2026-06-30 03:56:12] MAC FLAP ba:9c:75:85:91:f8 g0_s0:3 -> g0_s1:2
[2026-06-30 03:56:12] MAC FLAP c6:82:9c:68:dd:09 g0_s0:3 -> g0_s1:2
[2026-06-30 03:56:12] MAC FLAP be:b9:ef:69:de:88 g0_s0:3 -> g0_s1:2
[2026-06-30 03:56:12] MAC FLAP be:d1:5c:32:88:31 g0_s1:2 -> g1_s0:4
[2026-06-30 03:56:12] MAC FLAP 2a:27:d2:1f:21:3d g0_s1:2 -> g1_s0:4
[2026-06-30 03:56:12] MAC FLAP 62:ba:9a:50:a8:a5 g0_s1:1 -> g1_s0:3
[2026-06-30 03:56:12] MAC FLAP 02:6f:53:d2:17:0a g0_s1:2 -> g1_s0:1
[2026-06-30 03:56:12] MAC FLAP ba:9c:75:85:91:f8 g0_s1:2 -> g1_s0:2
[2026-06-30 03:56:12] MAC FLAP c6:82:9c:68:dd:09 g0_s1:2 -> g1_s0:2
[2026-06-30 03:56:12] MAC FLAP 66:f0:ff:2a:20:3f g0_s1:2 -> g1_s0:3
[2026-06-30 03:56:12] MAC FLAP be:b9:ef:69:de:88 g0_s1:2 -> g1_s0:4
[2026-06-30 03:56:12] MAC FLAP be:d1:5c:32:88:31 g1_s0:4 -> g1_s1:2
[2026-06-30 03:56:12] MAC FLAP 62:ba:9a:50:a8:a5 g1_s0:3 -> g1_s1:2
[2026-06-30 03:56:12] MAC FLAP 2a:27:d2:1f:21:3d g1_s0:4 -> g1_s1:2
[2026-06-30 03:56:12] MAC FLAP c6:82:9c:68:dd:09 g1_s0:2 -> g1_s1:1
[2026-06-30 03:56:12] MAC FLAP 02:6f:53:d2:17:0a g1_s0:1 -> g1_s1:2
[2026-06-30 03:56:12] MAC FLAP 66:f0:ff:2a:20:3f g1_s0:3 -> g1_s1:2
[2026-06-30 03:56:12] MAC FLAP be:b9:ef:69:de:88 g1_s0:4 -> g1_s1:2
[2026-06-30 03:56:12] MAC FLAP be:d1:5c:32:88:31 g1_s1:2 -> g2_s0:2
[2026-06-30 03:56:12] MAC FLAP 2a:27:d2:1f:21:3d g1_s1:2 -> g2_s0:2
[2026-06-30 03:56:12] MAC FLAP 62:ba:9a:50:a8:a5 g1_s1:2 -> g2_s0:3
[2026-06-30 03:56:12] MAC FLAP 02:6f:53:d2:17:0a g1_s1:2 -> g2_s0:3
[2026-06-30 03:56:12] MAC FLAP c6:82:9c:68:dd:09 g1_s1:1 -> g2_s0:3
[2026-06-30 03:56:12] MAC FLAP ba:9c:75:85:91:f8 g1_s0:2 -> g2_s0:3
[2026-06-30 03:56:13] MAC FLAP 66:f0:ff:2a:20:3f g1_s1:2 -> g2_s0:3
[2026-06-30 03:56:13] MAC FLAP be:b9:ef:69:de:88 g1_s1:2 -> g2_s0:1
[2026-06-30 03:56:13] MAC FLAP 2a:27:d2:1f:21:3d g2_s0:2 -> g2_s1:1
[2026-06-30 03:56:13] MAC FLAP 62:ba:9a:50:a8:a5 g2_s0:3 -> g2_s1:2
[2026-06-30 03:56:13] MAC FLAP 02:6f:53:d2:17:0a g2_s0:3 -> g2_s1:2
[2026-06-30 03:56:13] MAC FLAP ba:9c:75:85:91:f8 g2_s0:3 -> g2_s1:2
[2026-06-30 03:56:13] MAC FLAP c6:82:9c:68:dd:09 g2_s0:3 -> g2_s1:2
[2026-06-30 03:56:13] MAC FLAP 66:f0:ff:2a:20:3f g2_s0:3 -> g2_s1:2
[2026-06-30 03:56:13] MAC FLAP be:b9:ef:69:de:88 g2_s0:1 -> g2_s1:2
[2026-06-30 03:56:13] Cycle Complete | Entries=18 Learned=18 Updated=86 Expired=0 Evicted=0
[2026-06-30 03:56:18] MAC FLAP be:d1:5c:32:88:31 g2_s0:2 -> g0_s0:3
[2026-06-30 03:56:18] MAC FLAP 62:ba:9a:50:a8:a5 g2_s1:2 -> g0_s0:2
[2026-06-30 03:56:18] MAC FLAP 2a:27:d2:1f:21:3d g2_s1:1 -> g0_s0:3
[2026-06-30 03:56:18] MAC FLAP 66:f0:ff:2a:20:3f g2_s1:2 -> g0_s0:1
[2026-06-30 03:56:18] MAC FLAP 02:6f:53:d2:17:0a g2_s1:2 -> g0_s0:3
[2026-06-30 03:56:18] MAC FLAP c6:82:9c:68:dd:09 g2_s1:2 -> g0_s0:3
[2026-06-30 03:56:18] MAC FLAP ba:9c:75:85:91:f8 g2_s1:2 -> g0_s0:3
[2026-06-30 03:56:18] MAC FLAP be:b9:ef:69:de:88 g2_s1:2 -> g0_s0:3
[2026-06-30 03:56:18] MAC FLAP 62:ba:9a:50:a8:a5 g0_s0:2 -> g0_s1:1
[2026-06-30 03:56:18] MAC FLAP be:d1:5c:32:88:31 g0_s0:3 -> g0_s1:2
[2026-06-30 03:56:18] MAC FLAP 2a:27:d2:1f:21:3d g0_s0:3 -> g0_s1:2
[2026-06-30 03:56:18] MAC FLAP 66:f0:ff:2a:20:3f g0_s0:1 -> g0_s1:2
[2026-06-30 03:56:18] MAC FLAP 02:6f:53:d2:17:0a g0_s0:3 -> g0_s1:2
[2026-06-30 03:56:18] MAC FLAP ba:9c:75:85:91:f8 g0_s0:3 -> g0_s1:2
[2026-06-30 03:56:18] MAC FLAP c6:82:9c:68:dd:09 g0_s0:3 -> g0_s1:2
[2026-06-30 03:56:18] MAC FLAP be:b9:ef:69:de:88 g0_s0:3 -> g0_s1:2
[2026-06-30 03:56:18] MAC FLAP be:d1:5c:32:88:31 g0_s1:2 -> g1_s0:4
[2026-06-30 03:56:18] MAC FLAP 2a:27:d2:1f:21:3d g0_s1:2 -> g1_s0:4
[2026-06-30 03:56:18] MAC FLAP 62:ba:9a:50:a8:a5 g0_s1:1 -> g1_s0:3
[2026-06-30 03:56:18] MAC FLAP 02:6f:53:d2:17:0a g0_s1:2 -> g1_s0:1
[2026-06-30 03:56:18] MAC FLAP ba:9c:75:85:91:f8 g0_s1:2 -> g1_s0:2
[2026-06-30 03:56:18] MAC FLAP c6:82:9c:68:dd:09 g0_s1:2 -> g1_s0:2
[2026-06-30 03:56:18] MAC FLAP 66:f0:ff:2a:20:3f g0_s1:2 -> g1_s0:3
[2026-06-30 03:56:18] MAC FLAP be:b9:ef:69:de:88 g0_s1:2 -> g1_s0:4
[2026-06-30 03:56:18] MAC FLAP be:d1:5c:32:88:31 g1_s0:4 -> g1_s1:2
[2026-06-30 03:56:18] MAC FLAP 62:ba:9a:50:a8:a5 g1_s0:3 -> g1_s1:2
[2026-06-30 03:56:18] MAC FLAP 2a:27:d2:1f:21:3d g1_s0:4 -> g1_s1:2
[2026-06-30 03:56:18] MAC FLAP c6:82:9c:68:dd:09 g1_s0:2 -> g1_s1:1
[2026-06-30 03:56:18] MAC FLAP 02:6f:53:d2:17:0a g1_s0:1 -> g1_s1:2
[2026-06-30 03:56:18] MAC FLAP 66:f0:ff:2a:20:3f g1_s0:3 -> g1_s1:2
[2026-06-30 03:56:18] MAC FLAP be:b9:ef:69:de:88 g1_s0:4 -> g1_s1:2
[2026-06-30 03:56:18] MAC FLAP be:d1:5c:32:88:31 g1_s1:2 -> g2_s0:2
[2026-06-30 03:56:18] MAC FLAP 2a:27:d2:1f:21:3d g1_s1:2 -> g2_s0:2
[2026-06-30 03:56:18] MAC FLAP 62:ba:9a:50:a8:a5 g1_s1:2 -> g2_s0:3
[2026-06-30 03:56:18] MAC FLAP 02:6f:53:d2:17:0a g1_s1:2 -> g2_s0:3
[2026-06-30 03:56:18] MAC FLAP c6:82:9c:68:dd:09 g1_s1:1 -> g2_s0:3
[2026-06-30 03:56:18] MAC FLAP ba:9c:75:85:91:f8 g1_s0:2 -> g2_s0:3
[2026-06-30 03:56:18] MAC FLAP 66:f0:ff:2a:20:3f g1_s1:2 -> g2_s0:3
[2026-06-30 03:56:18] MAC FLAP be:b9:ef:69:de:88 g1_s1:2 -> g2_s0:1
[2026-06-30 03:56:18] MAC FLAP 2a:27:d2:1f:21:3d g2_s0:2 -> g2_s1:1
[2026-06-30 03:56:18] MAC FLAP 62:ba:9a:50:a8:a5 g2_s0:3 -> g2_s1:2
[2026-06-30 03:56:18] MAC FLAP 02:6f:53:d2:17:0a g2_s0:3 -> g2_s1:2
[2026-06-30 03:56:18] MAC FLAP ba:9c:75:85:91:f8 g2_s0:3 -> g2_s1:2
[2026-06-30 03:56:18] MAC FLAP c6:82:9c:68:dd:09 g2_s0:3 -> g2_s1:2
[2026-06-30 03:56:18] MAC FLAP 66:f0:ff:2a:20:3f g2_s0:3 -> g2_s1:2
[2026-06-30 03:56:19] MAC FLAP be:b9:ef:69:de:88 g2_s0:1 -> g2_s1:2
[2026-06-30 03:56:19] TTL Expired -> be:d1:5c:32:88:31
[2026-06-30 03:56:19] TTL Expired -> 62:ba:9a:50:a8:a5
[2026-06-30 03:56:19] TTL Expired -> 2a:27:d2:1f:21:3d
[2026-06-30 03:56:19] TTL Expired -> 66:f0:ff:2a:20:3f
[2026-06-30 03:56:19] TTL Expired -> 02:6f:53:d2:17:0a
[2026-06-30 03:56:19] TTL Expired -> c6:82:9c:68:dd:09
[2026-06-30 03:56:19] TTL Expired -> ba:9c:75:85:91:f8
[2026-06-30 03:56:19] TTL Expired -> be:b9:ef:69:de:88
[2026-06-30 03:56:19] Cycle Complete | Entries=10 Learned=18 Updated=134 Expired=8 Evicted=0
[2026-06-30 03:56:24] LEARNED be:d1:5c:32:88:31 -> g0_s0:3
[2026-06-30 03:56:24] LEARNED 62:ba:9a:50:a8:a5 -> g0_s0:2
[2026-06-30 03:56:24] LEARNED 2a:27:d2:1f:21:3d -> g0_s0:3
[2026-06-30 03:56:24] LEARNED 66:f0:ff:2a:20:3f -> g0_s0:1
[2026-06-30 03:56:24] LEARNED 02:6f:53:d2:17:0a -> g0_s0:3
[2026-06-30 03:56:24] LEARNED c6:82:9c:68:dd:09 -> g0_s0:3
[2026-06-30 03:56:24] LEARNED ba:9c:75:85:91:f8 -> g0_s0:3
[2026-06-30 03:56:24] LEARNED be:b9:ef:69:de:88 -> g0_s0:3
[2026-06-30 03:56:24] MAC FLAP 62:ba:9a:50:a8:a5 g0_s0:2 -> g0_s1:1
[2026-06-30 03:56:24] MAC FLAP be:d1:5c:32:88:31 g0_s0:3 -> g0_s1:2
[2026-06-30 03:56:24] MAC FLAP 2a:27:d2:1f:21:3d g0_s0:3 -> g0_s1:2
[2026-06-30 03:56:24] MAC FLAP 66:f0:ff:2a:20:3f g0_s0:1 -> g0_s1:2
[2026-06-30 03:56:24] MAC FLAP 02:6f:53:d2:17:0a g0_s0:3 -> g0_s1:2
[2026-06-30 03:56:24] MAC FLAP ba:9c:75:85:91:f8 g0_s0:3 -> g0_s1:2
[2026-06-30 03:56:24] MAC FLAP c6:82:9c:68:dd:09 g0_s0:3 -> g0_s1:2
[2026-06-30 03:56:24] MAC FLAP be:b9:ef:69:de:88 g0_s0:3 -> g0_s1:2
[2026-06-30 03:56:24] MAC FLAP be:d1:5c:32:88:31 g0_s1:2 -> g1_s0:4
[2026-06-30 03:56:24] MAC FLAP 2a:27:d2:1f:21:3d g0_s1:2 -> g1_s0:4
[2026-06-30 03:56:24] MAC FLAP 62:ba:9a:50:a8:a5 g0_s1:1 -> g1_s0:3
[2026-06-30 03:56:24] MAC FLAP 02:6f:53:d2:17:0a g0_s1:2 -> g1_s0:1
[2026-06-30 03:56:24] MAC FLAP ba:9c:75:85:91:f8 g0_s1:2 -> g1_s0:2
[2026-06-30 03:56:24] MAC FLAP c6:82:9c:68:dd:09 g0_s1:2 -> g1_s0:2
[2026-06-30 03:56:24] MAC FLAP 66:f0:ff:2a:20:3f g0_s1:2 -> g1_s0:3
[2026-06-30 03:56:24] MAC FLAP be:b9:ef:69:de:88 g0_s1:2 -> g1_s0:4
[2026-06-30 03:56:24] MAC FLAP be:d1:5c:32:88:31 g1_s0:4 -> g1_s1:2
[2026-06-30 03:56:24] MAC FLAP 62:ba:9a:50:a8:a5 g1_s0:3 -> g1_s1:2
[2026-06-30 03:56:24] MAC FLAP 2a:27:d2:1f:21:3d g1_s0:4 -> g1_s1:2
[2026-06-30 03:56:24] MAC FLAP c6:82:9c:68:dd:09 g1_s0:2 -> g1_s1:1
[2026-06-30 03:56:24] MAC FLAP 02:6f:53:d2:17:0a g1_s0:1 -> g1_s1:2
[2026-06-30 03:56:24] MAC FLAP 66:f0:ff:2a:20:3f g1_s0:3 -> g1_s1:2
[2026-06-30 03:56:24] MAC FLAP be:b9:ef:69:de:88 g1_s0:4 -> g1_s1:2
[2026-06-30 03:56:24] MAC FLAP be:d1:5c:32:88:31 g1_s1:2 -> g2_s0:2
[2026-06-30 03:56:24] MAC FLAP 2a:27:d2:1f:21:3d g1_s1:2 -> g2_s0:2
[2026-06-30 03:56:24] MAC FLAP 62:ba:9a:50:a8:a5 g1_s1:2 -> g2_s0:3
[2026-06-30 03:56:24] MAC FLAP 02:6f:53:d2:17:0a g1_s1:2 -> g2_s0:3
[2026-06-30 03:56:24] MAC FLAP c6:82:9c:68:dd:09 g1_s1:1 -> g2_s0:3
[2026-06-30 03:56:24] MAC FLAP ba:9c:75:85:91:f8 g1_s0:2 -> g2_s0:3
[2026-06-30 03:56:24] MAC FLAP 66:f0:ff:2a:20:3f g1_s1:2 -> g2_s0:3
[2026-06-30 03:56:25] MAC FLAP be:b9:ef:69:de:88 g1_s1:2 -> g2_s0:1
[2026-06-30 03:56:25] MAC FLAP 2a:27:d2:1f:21:3d g2_s0:2 -> g2_s1:1
[2026-06-30 03:56:25] MAC FLAP 62:ba:9a:50:a8:a5 g2_s0:3 -> g2_s1:2
[2026-06-30 03:56:25] MAC FLAP 02:6f:53:d2:17:0a g2_s0:3 -> g2_s1:2
[2026-06-30 03:56:25] MAC FLAP ba:9c:75:85:91:f8 g2_s0:3 -> g2_s1:2
[2026-06-30 03:56:25] MAC FLAP c6:82:9c:68:dd:09 g2_s0:3 -> g2_s1:2
[2026-06-30 03:56:25] MAC FLAP 66:f0:ff:2a:20:3f g2_s0:3 -> g2_s1:2
[2026-06-30 03:56:25] MAC FLAP be:b9:ef:69:de:88 g2_s0:1 -> g2_s1:2
[2026-06-30 03:56:25] TTL Expired -> 32:1e:08:42:b6:c7
[2026-06-30 03:56:25] TTL Expired -> 96:1e:a6:b6:3b:cf
[2026-06-30 03:56:25] Cycle Complete | Entries=16 Learned=26 Updated=174 Expired=10 Evicted=0
[2026-06-30 03:56:30] MAC FLAP be:d1:5c:32:88:31 g2_s0:2 -> g0_s0:3
[2026-06-30 03:56:30] MAC FLAP 62:ba:9a:50:a8:a5 g2_s1:2 -> g0_s0:2
[2026-06-30 03:56:30] MAC FLAP 2a:27:d2:1f:21:3d g2_s1:1 -> g0_s0:3
[2026-06-30 03:56:30] MAC FLAP 66:f0:ff:2a:20:3f g2_s1:2 -> g0_s0:1
[2026-06-30 03:56:30] MAC FLAP 02:6f:53:d2:17:0a g2_s1:2 -> g0_s0:3
[2026-06-30 03:56:30] MAC FLAP c6:82:9c:68:dd:09 g2_s1:2 -> g0_s0:3
[2026-06-30 03:56:30] MAC FLAP ba:9c:75:85:91:f8 g2_s1:2 -> g0_s0:3
[2026-06-30 03:56:30] MAC FLAP be:b9:ef:69:de:88 g2_s1:2 -> g0_s0:3
[2026-06-30 03:56:30] MAC FLAP 62:ba:9a:50:a8:a5 g0_s0:2 -> g0_s1:1
[2026-06-30 03:56:30] MAC FLAP be:d1:5c:32:88:31 g0_s0:3 -> g0_s1:2
[2026-06-30 03:56:30] MAC FLAP 2a:27:d2:1f:21:3d g0_s0:3 -> g0_s1:2
[2026-06-30 03:56:30] LEARNED 32:1e:08:42:b6:c7 -> g0_s1:2
[2026-06-30 03:56:30] MAC FLAP 66:f0:ff:2a:20:3f g0_s0:1 -> g0_s1:2
[2026-06-30 03:56:30] MAC FLAP 02:6f:53:d2:17:0a g0_s0:3 -> g0_s1:2
[2026-06-30 03:56:30] MAC FLAP ba:9c:75:85:91:f8 g0_s0:3 -> g0_s1:2
[2026-06-30 03:56:30] MAC FLAP c6:82:9c:68:dd:09 g0_s0:3 -> g0_s1:2
[2026-06-30 03:56:30] MAC FLAP be:b9:ef:69:de:88 g0_s0:3 -> g0_s1:2
[2026-06-30 03:56:30] MAC FLAP be:d1:5c:32:88:31 g0_s1:2 -> g1_s0:4
[2026-06-30 03:56:30] MAC FLAP 2a:27:d2:1f:21:3d g0_s1:2 -> g1_s0:4
[2026-06-30 03:56:30] MAC FLAP 62:ba:9a:50:a8:a5 g0_s1:1 -> g1_s0:3
[2026-06-30 03:56:30] MAC FLAP 02:6f:53:d2:17:0a g0_s1:2 -> g1_s0:1
[2026-06-30 03:56:30] MAC FLAP ba:9c:75:85:91:f8 g0_s1:2 -> g1_s0:2
[2026-06-30 03:56:30] MAC FLAP c6:82:9c:68:dd:09 g0_s1:2 -> g1_s0:2
[2026-06-30 03:56:30] MAC FLAP 66:f0:ff:2a:20:3f g0_s1:2 -> g1_s0:3
[2026-06-30 03:56:30] MAC FLAP be:b9:ef:69:de:88 g0_s1:2 -> g1_s0:4
[2026-06-30 03:56:30] LEARNED 96:1e:a6:b6:3b:cf -> g1_s1:2
[2026-06-30 03:56:30] MAC FLAP be:d1:5c:32:88:31 g1_s0:4 -> g1_s1:2
[2026-06-30 03:56:30] MAC FLAP 62:ba:9a:50:a8:a5 g1_s0:3 -> g1_s1:2
[2026-06-30 03:56:30] MAC FLAP 2a:27:d2:1f:21:3d g1_s0:4 -> g1_s1:2
[2026-06-30 03:56:30] MAC FLAP c6:82:9c:68:dd:09 g1_s0:2 -> g1_s1:1
[2026-06-30 03:56:30] MAC FLAP 02:6f:53:d2:17:0a g1_s0:1 -> g1_s1:2
[2026-06-30 03:56:30] MAC FLAP 66:f0:ff:2a:20:3f g1_s0:3 -> g1_s1:2
[2026-06-30 03:56:30] MAC FLAP be:b9:ef:69:de:88 g1_s0:4 -> g1_s1:2
[2026-06-30 03:56:30] MAC FLAP be:d1:5c:32:88:31 g1_s1:2 -> g2_s0:2
[2026-06-30 03:56:30] MAC FLAP 2a:27:d2:1f:21:3d g1_s1:2 -> g2_s0:2
[2026-06-30 03:56:30] MAC FLAP 62:ba:9a:50:a8:a5 g1_s1:2 -> g2_s0:3
[2026-06-30 03:56:30] MAC FLAP 02:6f:53:d2:17:0a g1_s1:2 -> g2_s0:3
[2026-06-30 03:56:30] MAC FLAP c6:82:9c:68:dd:09 g1_s1:1 -> g2_s0:3
[2026-06-30 03:56:30] MAC FLAP ba:9c:75:85:91:f8 g1_s0:2 -> g2_s0:3
[2026-06-30 03:56:30] MAC FLAP 66:f0:ff:2a:20:3f g1_s1:2 -> g2_s0:3
[2026-06-30 03:56:30] MAC FLAP be:b9:ef:69:de:88 g1_s1:2 -> g2_s0:1
[2026-06-30 03:56:30] MAC FLAP 2a:27:d2:1f:21:3d g2_s0:2 -> g2_s1:1
[2026-06-30 03:56:30] MAC FLAP 62:ba:9a:50:a8:a5 g2_s0:3 -> g2_s1:2
[2026-06-30 03:56:30] MAC FLAP 02:6f:53:d2:17:0a g2_s0:3 -> g2_s1:2
[2026-06-30 03:56:31] MAC FLAP ba:9c:75:85:91:f8 g2_s0:3 -> g2_s1:2
[2026-06-30 03:56:31] MAC FLAP c6:82:9c:68:dd:09 g2_s0:3 -> g2_s1:2
[2026-06-30 03:56:31] MAC FLAP 66:f0:ff:2a:20:3f g2_s0:3 -> g2_s1:2
[2026-06-30 03:56:31] MAC FLAP be:b9:ef:69:de:88 g2_s0:1 -> g2_s1:2
[2026-06-30 03:56:31] Cycle Complete | Entries=18 Learned=28 Updated=220 Expired=10 Evicted=0
[2026-06-30 03:56:36] MAC FLAP be:d1:5c:32:88:31 g2_s0:2 -> g0_s0:3
[2026-06-30 03:56:36] MAC FLAP 62:ba:9a:50:a8:a5 g2_s1:2 -> g0_s0:2
[2026-06-30 03:56:36] MAC FLAP 2a:27:d2:1f:21:3d g2_s1:1 -> g0_s0:3
[2026-06-30 03:56:36] MAC FLAP 66:f0:ff:2a:20:3f g2_s1:2 -> g0_s0:1
[2026-06-30 03:56:36] MAC FLAP 02:6f:53:d2:17:0a g2_s1:2 -> g0_s0:3
[2026-06-30 03:56:36] MAC FLAP c6:82:9c:68:dd:09 g2_s1:2 -> g0_s0:3
[2026-06-30 03:56:36] MAC FLAP ba:9c:75:85:91:f8 g2_s1:2 -> g0_s0:3
[2026-06-30 03:56:36] MAC FLAP be:b9:ef:69:de:88 g2_s1:2 -> g0_s0:3
[2026-06-30 03:56:36] MAC FLAP 62:ba:9a:50:a8:a5 g0_s0:2 -> g0_s1:1
[2026-06-30 03:56:36] MAC FLAP be:d1:5c:32:88:31 g0_s0:3 -> g0_s1:2
[2026-06-30 03:56:36] MAC FLAP 2a:27:d2:1f:21:3d g0_s0:3 -> g0_s1:2
[2026-06-30 03:56:36] MAC FLAP 66:f0:ff:2a:20:3f g0_s0:1 -> g0_s1:2
[2026-06-30 03:56:36] MAC FLAP 02:6f:53:d2:17:0a g0_s0:3 -> g0_s1:2
[2026-06-30 03:56:36] MAC FLAP ba:9c:75:85:91:f8 g0_s0:3 -> g0_s1:2
[2026-06-30 03:56:36] MAC FLAP c6:82:9c:68:dd:09 g0_s0:3 -> g0_s1:2
[2026-06-30 03:56:36] MAC FLAP be:b9:ef:69:de:88 g0_s0:3 -> g0_s1:2
[2026-06-30 03:56:36] MAC FLAP be:d1:5c:32:88:31 g0_s1:2 -> g1_s0:4
[2026-06-30 03:56:36] MAC FLAP 2a:27:d2:1f:21:3d g0_s1:2 -> g1_s0:4
[2026-06-30 03:56:36] MAC FLAP 62:ba:9a:50:a8:a5 g0_s1:1 -> g1_s0:3
[2026-06-30 03:56:36] MAC FLAP 02:6f:53:d2:17:0a g0_s1:2 -> g1_s0:1
[2026-06-30 03:56:36] MAC FLAP ba:9c:75:85:91:f8 g0_s1:2 -> g1_s0:2
[2026-06-30 03:56:36] MAC FLAP c6:82:9c:68:dd:09 g0_s1:2 -> g1_s0:2
[2026-06-30 03:56:36] MAC FLAP 66:f0:ff:2a:20:3f g0_s1:2 -> g1_s0:3
[2026-06-30 03:56:36] MAC FLAP be:b9:ef:69:de:88 g0_s1:2 -> g1_s0:4
[2026-06-30 03:56:36] MAC FLAP be:d1:5c:32:88:31 g1_s0:4 -> g1_s1:2
[2026-06-30 03:56:36] MAC FLAP 62:ba:9a:50:a8:a5 g1_s0:3 -> g1_s1:2
[2026-06-30 03:56:36] MAC FLAP 2a:27:d2:1f:21:3d g1_s0:4 -> g1_s1:2
[2026-06-30 03:56:36] MAC FLAP c6:82:9c:68:dd:09 g1_s0:2 -> g1_s1:1
[2026-06-30 03:56:36] MAC FLAP 02:6f:53:d2:17:0a g1_s0:1 -> g1_s1:2
[2026-06-30 03:56:36] MAC FLAP 66:f0:ff:2a:20:3f g1_s0:3 -> g1_s1:2
[2026-06-30 03:56:36] MAC FLAP be:b9:ef:69:de:88 g1_s0:4 -> g1_s1:2
[2026-06-30 03:56:36] MAC FLAP be:d1:5c:32:88:31 g1_s1:2 -> g2_s0:2
[2026-06-30 03:56:36] MAC FLAP 2a:27:d2:1f:21:3d g1_s1:2 -> g2_s0:2
[2026-06-30 03:56:36] MAC FLAP 62:ba:9a:50:a8:a5 g1_s1:2 -> g2_s0:3
[2026-06-30 03:56:36] MAC FLAP 02:6f:53:d2:17:0a g1_s1:2 -> g2_s0:3
[2026-06-30 03:56:36] MAC FLAP c6:82:9c:68:dd:09 g1_s1:1 -> g2_s0:3
[2026-06-30 03:56:36] MAC FLAP ba:9c:75:85:91:f8 g1_s0:2 -> g2_s0:3
[2026-06-30 03:56:36] MAC FLAP 66:f0:ff:2a:20:3f g1_s1:2 -> g2_s0:3
[2026-06-30 03:56:36] MAC FLAP be:b9:ef:69:de:88 g1_s1:2 -> g2_s0:1
[2026-06-30 03:56:36] MAC FLAP 2a:27:d2:1f:21:3d g2_s0:2 -> g2_s1:1
[2026-06-30 03:56:36] MAC FLAP 62:ba:9a:50:a8:a5 g2_s0:3 -> g2_s1:2
[2026-06-30 03:56:36] MAC FLAP 02:6f:53:d2:17:0a g2_s0:3 -> g2_s1:2
[2026-06-30 03:56:36] MAC FLAP ba:9c:75:85:91:f8 g2_s0:3 -> g2_s1:2
[2026-06-30 03:56:36] MAC FLAP c6:82:9c:68:dd:09 g2_s0:3 -> g2_s1:2
[2026-06-30 03:56:36] MAC FLAP 66:f0:ff:2a:20:3f g2_s0:3 -> g2_s1:2
[2026-06-30 03:56:36] MAC FLAP be:b9:ef:69:de:88 g2_s0:1 -> g2_s1:2
[2026-06-30 03:56:36] TTL Expired -> be:d1:5c:32:88:31
[2026-06-30 03:56:36] TTL Expired -> 62:ba:9a:50:a8:a5
[2026-06-30 03:56:36] TTL Expired -> 2a:27:d2:1f:21:3d
[2026-06-30 03:56:36] TTL Expired -> 66:f0:ff:2a:20:3f
[2026-06-30 03:56:36] TTL Expired -> 02:6f:53:d2:17:0a
[2026-06-30 03:56:36] TTL Expired -> c6:82:9c:68:dd:09
[2026-06-30 03:56:36] TTL Expired -> ba:9c:75:85:91:f8
[2026-06-30 03:56:36] TTL Expired -> be:b9:ef:69:de:88
[2026-06-30 03:56:36] Cycle Complete | Entries=10 Learned=28 Updated=268 Expired=18 Evicted=0
[2026-06-30 03:56:42] LEARNED be:d1:5c:32:88:31 -> g0_s0:3
[2026-06-30 03:56:42] LEARNED 62:ba:9a:50:a8:a5 -> g0_s0:2
[2026-06-30 03:56:42] LEARNED 2a:27:d2:1f:21:3d -> g0_s0:3
[2026-06-30 03:56:42] LEARNED 66:f0:ff:2a:20:3f -> g0_s0:1
[2026-06-30 03:56:42] LEARNED 02:6f:53:d2:17:0a -> g0_s0:3
[2026-06-30 03:56:42] LEARNED c6:82:9c:68:dd:09 -> g0_s0:3
[2026-06-30 03:56:42] LEARNED ba:9c:75:85:91:f8 -> g0_s0:3
[2026-06-30 03:56:42] LEARNED be:b9:ef:69:de:88 -> g0_s0:3
[2026-06-30 03:56:42] MAC FLAP 62:ba:9a:50:a8:a5 g0_s0:2 -> g0_s1:1
[2026-06-30 03:56:42] MAC FLAP be:d1:5c:32:88:31 g0_s0:3 -> g0_s1:2
[2026-06-30 03:56:42] MAC FLAP 2a:27:d2:1f:21:3d g0_s0:3 -> g0_s1:2
[2026-06-30 03:56:42] MAC FLAP 66:f0:ff:2a:20:3f g0_s0:1 -> g0_s1:2
[2026-06-30 03:56:42] MAC FLAP 02:6f:53:d2:17:0a g0_s0:3 -> g0_s1:2
[2026-06-30 03:56:42] MAC FLAP ba:9c:75:85:91:f8 g0_s0:3 -> g0_s1:2
[2026-06-30 03:56:42] MAC FLAP c6:82:9c:68:dd:09 g0_s0:3 -> g0_s1:2
[2026-06-30 03:56:42] MAC FLAP be:b9:ef:69:de:88 g0_s0:3 -> g0_s1:2
[2026-06-30 03:56:42] MAC FLAP be:d1:5c:32:88:31 g0_s1:2 -> g1_s0:4
[2026-06-30 03:56:42] MAC FLAP 2a:27:d2:1f:21:3d g0_s1:2 -> g1_s0:4
[2026-06-30 03:56:42] MAC FLAP 62:ba:9a:50:a8:a5 g0_s1:1 -> g1_s0:3
[2026-06-30 03:56:42] MAC FLAP 02:6f:53:d2:17:0a g0_s1:2 -> g1_s0:1
[2026-06-30 03:56:42] MAC FLAP ba:9c:75:85:91:f8 g0_s1:2 -> g1_s0:2
[2026-06-30 03:56:42] MAC FLAP c6:82:9c:68:dd:09 g0_s1:2 -> g1_s0:2
[2026-06-30 03:56:42] MAC FLAP 66:f0:ff:2a:20:3f g0_s1:2 -> g1_s0:3
[2026-06-30 03:56:42] MAC FLAP be:b9:ef:69:de:88 g0_s1:2 -> g1_s0:4
[2026-06-30 03:56:42] MAC FLAP be:d1:5c:32:88:31 g1_s0:4 -> g1_s1:2
[2026-06-30 03:56:42] MAC FLAP 62:ba:9a:50:a8:a5 g1_s0:3 -> g1_s1:2
[2026-06-30 03:56:42] MAC FLAP 2a:27:d2:1f:21:3d g1_s0:4 -> g1_s1:2
[2026-06-30 03:56:42] MAC FLAP c6:82:9c:68:dd:09 g1_s0:2 -> g1_s1:1
[2026-06-30 03:56:42] MAC FLAP 02:6f:53:d2:17:0a g1_s0:1 -> g1_s1:2
[2026-06-30 03:56:42] MAC FLAP 66:f0:ff:2a:20:3f g1_s0:3 -> g1_s1:2
[2026-06-30 03:56:42] MAC FLAP be:b9:ef:69:de:88 g1_s0:4 -> g1_s1:2
[2026-06-30 03:56:42] MAC FLAP be:d1:5c:32:88:31 g1_s1:2 -> g2_s0:2
[2026-06-30 03:56:42] MAC FLAP 2a:27:d2:1f:21:3d g1_s1:2 -> g2_s0:2
[2026-06-30 03:56:42] MAC FLAP 62:ba:9a:50:a8:a5 g1_s1:2 -> g2_s0:3
[2026-06-30 03:56:42] MAC FLAP 02:6f:53:d2:17:0a g1_s1:2 -> g2_s0:3
[2026-06-30 03:56:42] MAC FLAP c6:82:9c:68:dd:09 g1_s1:1 -> g2_s0:3
[2026-06-30 03:56:42] MAC FLAP ba:9c:75:85:91:f8 g1_s0:2 -> g2_s0:3
[2026-06-30 03:56:42] MAC FLAP 66:f0:ff:2a:20:3f g1_s1:2 -> g2_s0:3
[2026-06-30 03:56:42] MAC FLAP be:b9:ef:69:de:88 g1_s1:2 -> g2_s0:1
[2026-06-30 03:56:42] MAC FLAP 2a:27:d2:1f:21:3d g2_s0:2 -> g2_s1:1
[2026-06-30 03:56:42] MAC FLAP 62:ba:9a:50:a8:a5 g2_s0:3 -> g2_s1:2
[2026-06-30 03:56:42] MAC FLAP 02:6f:53:d2:17:0a g2_s0:3 -> g2_s1:2
[2026-06-30 03:56:42] MAC FLAP ba:9c:75:85:91:f8 g2_s0:3 -> g2_s1:2
[2026-06-30 03:56:42] MAC FLAP c6:82:9c:68:dd:09 g2_s0:3 -> g2_s1:2
[2026-06-30 03:56:42] MAC FLAP 66:f0:ff:2a:20:3f g2_s0:3 -> g2_s1:2
[2026-06-30 03:56:42] MAC FLAP be:b9:ef:69:de:88 g2_s0:1 -> g2_s1:2
[2026-06-30 03:56:42] TTL Expired -> aa:bb:cc:dd:ee:01
[2026-06-30 03:56:42] TTL Expired -> aa:bb:cc:dd:ee:02
[2026-06-30 03:56:42] Unknown Unicast -> aa:bb:cc:dd:ee:01
[2026-06-30 03:56:42] LEARNED aa:bb:cc:dd:ee:01 -> g0_s0:1
[2026-06-30 03:56:42] Unknown Unicast -> aa:bb:cc:dd:ee:02
[2026-06-30 03:56:42] LEARNED aa:bb:cc:dd:ee:02 -> g0_s1:2
[2026-06-30 03:56:42] Cycle Complete | Entries=18 Learned=38 Updated=308 Expired=20 Evicted=0
[2026-06-30 03:56:47] MAC FLAP 66:f0:ff:2a:20:3f g2_s1:2 -> g0_s0:1
[2026-06-30 03:56:47] MAC FLAP 02:6f:53:d2:17:0a g2_s1:2 -> g0_s0:3
[2026-06-30 03:56:47] MAC FLAP c6:82:9c:68:dd:09 g2_s1:2 -> g0_s0:3
[2026-06-30 03:56:47] MAC FLAP ba:9c:75:85:91:f8 g2_s1:2 -> g0_s0:3
[2026-06-30 03:56:47] MAC FLAP be:b9:ef:69:de:88 g2_s1:2 -> g0_s0:3
[2026-06-30 03:56:47] MAC FLAP 66:f0:ff:2a:20:3f g0_s0:1 -> g0_s1:2
[2026-06-30 03:56:47] MAC FLAP 02:6f:53:d2:17:0a g0_s0:3 -> g0_s1:2
[2026-06-30 03:56:47] MAC FLAP ba:9c:75:85:91:f8 g0_s0:3 -> g0_s1:2
[2026-06-30 03:56:47] MAC FLAP c6:82:9c:68:dd:09 g0_s0:3 -> g0_s1:2
[2026-06-30 03:56:47] MAC FLAP be:b9:ef:69:de:88 g0_s0:3 -> g0_s1:2
[2026-06-30 03:56:47] MAC FLAP 02:6f:53:d2:17:0a g0_s1:2 -> g1_s0:1
[2026-06-30 03:56:48] MAC FLAP ba:9c:75:85:91:f8 g0_s1:2 -> g1_s0:2
[2026-06-30 03:56:48] MAC FLAP c6:82:9c:68:dd:09 g0_s1:2 -> g1_s0:2
[2026-06-30 03:56:48] MAC FLAP 66:f0:ff:2a:20:3f g0_s1:2 -> g1_s0:3
[2026-06-30 03:56:48] MAC FLAP be:b9:ef:69:de:88 g0_s1:2 -> g1_s0:4
[2026-06-30 03:56:48] MAC FLAP c6:82:9c:68:dd:09 g1_s0:2 -> g1_s1:1
[2026-06-30 03:56:48] MAC FLAP 02:6f:53:d2:17:0a g1_s0:1 -> g1_s1:2
[2026-06-30 03:56:48] MAC FLAP 66:f0:ff:2a:20:3f g1_s0:3 -> g1_s1:2
[2026-06-30 03:56:48] MAC FLAP be:b9:ef:69:de:88 g1_s0:4 -> g1_s1:2
[2026-06-30 03:56:48] MAC FLAP 02:6f:53:d2:17:0a g1_s1:2 -> g2_s0:3
[2026-06-30 03:56:48] MAC FLAP c6:82:9c:68:dd:09 g1_s1:1 -> g2_s0:3
[2026-06-30 03:56:48] MAC FLAP ba:9c:75:85:91:f8 g1_s0:2 -> g2_s0:3
[2026-06-30 03:56:48] MAC FLAP 66:f0:ff:2a:20:3f g1_s1:2 -> g2_s0:3
[2026-06-30 03:56:48] MAC FLAP be:b9:ef:69:de:88 g1_s1:2 -> g2_s0:1
[2026-06-30 03:56:48] MAC FLAP 02:6f:53:d2:17:0a g2_s0:3 -> g2_s1:2
[2026-06-30 03:56:48] MAC FLAP ba:9c:75:85:91:f8 g2_s0:3 -> g2_s1:2
[2026-06-30 03:56:48] MAC FLAP c6:82:9c:68:dd:09 g2_s0:3 -> g2_s1:2
[2026-06-30 03:56:48] MAC FLAP 66:f0:ff:2a:20:3f g2_s0:3 -> g2_s1:2
[2026-06-30 03:56:48] MAC FLAP be:b9:ef:69:de:88 g2_s0:1 -> g2_s1:2
[2026-06-30 03:56:48] TTL Expired -> aa:bb:cc:dd:ee:03
[2026-06-30 03:56:48] TTL Expired -> aa:bb:cc:dd:ee:04
[2026-06-30 03:56:48] TTL Expired -> 32:1e:08:42:b6:c7
[2026-06-30 03:56:48] TTL Expired -> 96:1e:a6:b6:3b:cf
[2026-06-30 03:56:48] Unknown Unicast -> aa:bb:cc:dd:ee:03
[2026-06-30 03:56:48] LEARNED aa:bb:cc:dd:ee:03 -> g0_s0:3
[2026-06-30 03:56:48] Unknown Unicast -> aa:bb:cc:dd:ee:04
[2026-06-30 03:56:48] LEARNED aa:bb:cc:dd:ee:04 -> g1_s0:1
[2026-06-30 03:56:48] Cycle Complete | Entries=16 Learned=40 Updated=338 Expired=24 Evicted=0
[2026-06-30 03:56:53] MAC FLAP 66:f0:ff:2a:20:3f g2_s1:2 -> g0_s0:1
[2026-06-30 03:56:53] MAC FLAP 02:6f:53:d2:17:0a g2_s1:2 -> g0_s0:3
[2026-06-30 03:56:53] MAC FLAP c6:82:9c:68:dd:09 g2_s1:2 -> g0_s0:3
[2026-06-30 03:56:53] MAC FLAP ba:9c:75:85:91:f8 g2_s1:2 -> g0_s0:3
[2026-06-30 03:56:53] MAC FLAP be:b9:ef:69:de:88 g2_s1:2 -> g0_s0:3
[2026-06-30 03:56:53] LEARNED 32:1e:08:42:b6:c7 -> g0_s1:2
[2026-06-30 03:56:53] MAC FLAP 66:f0:ff:2a:20:3f g0_s0:1 -> g0_s1:2
[2026-06-30 03:56:53] MAC FLAP 02:6f:53:d2:17:0a g0_s0:3 -> g0_s1:2
[2026-06-30 03:56:53] MAC FLAP ba:9c:75:85:91:f8 g0_s0:3 -> g0_s1:2
[2026-06-30 03:56:53] MAC FLAP c6:82:9c:68:dd:09 g0_s0:3 -> g0_s1:2
[2026-06-30 03:56:53] MAC FLAP be:b9:ef:69:de:88 g0_s0:3 -> g0_s1:2
[2026-06-30 03:56:53] MAC FLAP 02:6f:53:d2:17:0a g0_s1:2 -> g1_s0:1
[2026-06-30 03:56:53] MAC FLAP ba:9c:75:85:91:f8 g0_s1:2 -> g1_s0:2
[2026-06-30 03:56:53] MAC FLAP c6:82:9c:68:dd:09 g0_s1:2 -> g1_s0:2
[2026-06-30 03:56:53] MAC FLAP 66:f0:ff:2a:20:3f g0_s1:2 -> g1_s0:3
[2026-06-30 03:56:53] MAC FLAP be:b9:ef:69:de:88 g0_s1:2 -> g1_s0:4
[2026-06-30 03:56:53] MAC FLAP c6:82:9c:68:dd:09 g1_s0:2 -> g1_s1:1
[2026-06-30 03:56:53] MAC FLAP 02:6f:53:d2:17:0a g1_s0:1 -> g1_s1:2
[2026-06-30 03:56:53] MAC FLAP 66:f0:ff:2a:20:3f g1_s0:3 -> g1_s1:2
[2026-06-30 03:56:53] MAC FLAP be:b9:ef:69:de:88 g1_s0:4 -> g1_s1:2
[2026-06-30 03:56:53] MAC FLAP 02:6f:53:d2:17:0a g1_s1:2 -> g2_s0:3
[2026-06-30 03:56:53] MAC FLAP c6:82:9c:68:dd:09 g1_s1:1 -> g2_s0:3
[2026-06-30 03:56:53] MAC FLAP ba:9c:75:85:91:f8 g1_s0:2 -> g2_s0:3
[2026-06-30 03:56:53] MAC FLAP 66:f0:ff:2a:20:3f g1_s1:2 -> g2_s0:3
[2026-06-30 03:56:53] MAC FLAP be:b9:ef:69:de:88 g1_s1:2 -> g2_s0:1
[2026-06-30 03:56:53] MAC FLAP 02:6f:53:d2:17:0a g2_s0:3 -> g2_s1:2
[2026-06-30 03:56:53] MAC FLAP ba:9c:75:85:91:f8 g2_s0:3 -> g2_s1:2
[2026-06-30 03:56:53] MAC FLAP c6:82:9c:68:dd:09 g2_s0:3 -> g2_s1:2
[2026-06-30 03:56:53] MAC FLAP 66:f0:ff:2a:20:3f g2_s0:3 -> g2_s1:2
[2026-06-30 03:56:53] MAC FLAP be:b9:ef:69:de:88 g2_s0:1 -> g2_s1:2
[2026-06-30 03:56:53] TTL Expired -> be:d1:5c:32:88:31
[2026-06-30 03:56:53] TTL Expired -> 62:ba:9a:50:a8:a5
[2026-06-30 03:56:53] TTL Expired -> 2a:27:d2:1f:21:3d
[2026-06-30 03:56:53] TTL Expired -> 66:f0:ff:2a:20:3f
[2026-06-30 03:56:53] TTL Expired -> 02:6f:53:d2:17:0a
[2026-06-30 03:56:53] TTL Expired -> c6:82:9c:68:dd:09
[2026-06-30 03:56:53] TTL Expired -> ba:9c:75:85:91:f8
[2026-06-30 03:56:53] TTL Expired -> be:b9:ef:69:de:88
[2026-06-30 03:56:53] Cycle Complete | Entries=9 Learned=41 Updated=367 Expired=32 Evicted=0
[2026-06-30 03:56:58] LEARNED 66:f0:ff:2a:20:3f -> g0_s0:1
[2026-06-30 03:56:58] LEARNED 02:6f:53:d2:17:0a -> g0_s0:3
[2026-06-30 03:56:59] LEARNED c6:82:9c:68:dd:09 -> g0_s0:3
[2026-06-30 03:56:59] LEARNED ba:9c:75:85:91:f8 -> g0_s0:3
[2026-06-30 03:56:59] LEARNED be:b9:ef:69:de:88 -> g0_s0:3
[2026-06-30 03:56:59] MAC FLAP 66:f0:ff:2a:20:3f g0_s0:1 -> g0_s1:2
[2026-06-30 03:56:59] MAC FLAP 02:6f:53:d2:17:0a g0_s0:3 -> g0_s1:2
[2026-06-30 03:56:59] MAC FLAP ba:9c:75:85:91:f8 g0_s0:3 -> g0_s1:2
[2026-06-30 03:56:59] MAC FLAP c6:82:9c:68:dd:09 g0_s0:3 -> g0_s1:2
[2026-06-30 03:56:59] MAC FLAP be:b9:ef:69:de:88 g0_s0:3 -> g0_s1:2
[2026-06-30 03:56:59] MAC FLAP 02:6f:53:d2:17:0a g0_s1:2 -> g1_s0:1
[2026-06-30 03:56:59] MAC FLAP ba:9c:75:85:91:f8 g0_s1:2 -> g1_s0:2
[2026-06-30 03:56:59] MAC FLAP c6:82:9c:68:dd:09 g0_s1:2 -> g1_s0:2
[2026-06-30 03:56:59] MAC FLAP 66:f0:ff:2a:20:3f g0_s1:2 -> g1_s0:3
[2026-06-30 03:56:59] MAC FLAP be:b9:ef:69:de:88 g0_s1:2 -> g1_s0:4
[2026-06-30 03:56:59] MAC FLAP c6:82:9c:68:dd:09 g1_s0:2 -> g1_s1:1
[2026-06-30 03:56:59] MAC FLAP 02:6f:53:d2:17:0a g1_s0:1 -> g1_s1:2
[2026-06-30 03:56:59] MAC FLAP 66:f0:ff:2a:20:3f g1_s0:3 -> g1_s1:2
[2026-06-30 03:56:59] MAC FLAP be:b9:ef:69:de:88 g1_s0:4 -> g1_s1:2
[2026-06-30 03:56:59] MAC FLAP 02:6f:53:d2:17:0a g1_s1:2 -> g2_s0:3
[2026-06-30 03:56:59] MAC FLAP c6:82:9c:68:dd:09 g1_s1:1 -> g2_s0:3
[2026-06-30 03:56:59] MAC FLAP ba:9c:75:85:91:f8 g1_s0:2 -> g2_s0:3
[2026-06-30 03:56:59] MAC FLAP 66:f0:ff:2a:20:3f g1_s1:2 -> g2_s0:3
[2026-06-30 03:56:59] MAC FLAP be:b9:ef:69:de:88 g1_s1:2 -> g2_s0:1
[2026-06-30 03:56:59] MAC FLAP 02:6f:53:d2:17:0a g2_s0:3 -> g2_s1:2
[2026-06-30 03:56:59] MAC FLAP ba:9c:75:85:91:f8 g2_s0:3 -> g2_s1:2
[2026-06-30 03:56:59] MAC FLAP c6:82:9c:68:dd:09 g2_s0:3 -> g2_s1:2
[2026-06-30 03:56:59] MAC FLAP 66:f0:ff:2a:20:3f g2_s0:3 -> g2_s1:2
[2026-06-30 03:56:59] MAC FLAP be:b9:ef:69:de:88 g2_s0:1 -> g2_s1:2
[2026-06-30 03:56:59] TTL Expired -> aa:bb:cc:dd:ee:05
[2026-06-30 03:56:59] TTL Expired -> aa:bb:cc:dd:ee:06
[2026-06-30 03:56:59] Unknown Unicast -> aa:bb:cc:dd:ee:05
[2026-06-30 03:56:59] LEARNED aa:bb:cc:dd:ee:05 -> g0_s1:4
[2026-06-30 03:56:59] Unknown Unicast -> aa:bb:cc:dd:ee:06
[2026-06-30 03:56:59] LEARNED aa:bb:cc:dd:ee:06 -> g1_s0:2
[2026-06-30 03:56:59] Cycle Complete | Entries=14 Learned=48 Updated=392 Expired=34 Evicted=0
[2026-06-30 03:57:04] MAC FLAP 66:f0:ff:2a:20:3f g2_s1:2 -> g0_s0:1
[2026-06-30 03:57:04] MAC FLAP 02:6f:53:d2:17:0a g2_s1:2 -> g0_s0:3
[2026-06-30 03:57:04] MAC FLAP c6:82:9c:68:dd:09 g2_s1:2 -> g0_s0:3
[2026-06-30 03:57:04] MAC FLAP ba:9c:75:85:91:f8 g2_s1:2 -> g0_s0:3
[2026-06-30 03:57:04] MAC FLAP be:b9:ef:69:de:88 g2_s1:2 -> g0_s0:3
[2026-06-30 03:57:04] MAC FLAP 66:f0:ff:2a:20:3f g0_s0:1 -> g0_s1:2
[2026-06-30 03:57:04] MAC FLAP 02:6f:53:d2:17:0a g0_s0:3 -> g0_s1:2
[2026-06-30 03:57:04] MAC FLAP ba:9c:75:85:91:f8 g0_s0:3 -> g0_s1:2
[2026-06-30 03:57:04] MAC FLAP c6:82:9c:68:dd:09 g0_s0:3 -> g0_s1:2
[2026-06-30 03:57:04] MAC FLAP be:b9:ef:69:de:88 g0_s0:3 -> g0_s1:2
[2026-06-30 03:57:04] MAC FLAP 02:6f:53:d2:17:0a g0_s1:2 -> g1_s0:1
[2026-06-30 03:57:04] MAC FLAP ba:9c:75:85:91:f8 g0_s1:2 -> g1_s0:2
[2026-06-30 03:57:04] MAC FLAP c6:82:9c:68:dd:09 g0_s1:2 -> g1_s0:2
[2026-06-30 03:57:04] MAC FLAP 66:f0:ff:2a:20:3f g0_s1:2 -> g1_s0:3
[2026-06-30 03:57:04] MAC FLAP be:b9:ef:69:de:88 g0_s1:2 -> g1_s0:4
[2026-06-30 03:57:04] MAC FLAP c6:82:9c:68:dd:09 g1_s0:2 -> g1_s1:1
[2026-06-30 03:57:05] MAC FLAP 02:6f:53:d2:17:0a g1_s0:1 -> g1_s1:2
[2026-06-30 03:57:05] MAC FLAP 66:f0:ff:2a:20:3f g1_s0:3 -> g1_s1:2
[2026-06-30 03:57:05] MAC FLAP be:b9:ef:69:de:88 g1_s0:4 -> g1_s1:2
[2026-06-30 03:57:05] MAC FLAP 02:6f:53:d2:17:0a g1_s1:2 -> g2_s0:3
[2026-06-30 03:57:05] MAC FLAP c6:82:9c:68:dd:09 g1_s1:1 -> g2_s0:3
[2026-06-30 03:57:05] MAC FLAP ba:9c:75:85:91:f8 g1_s0:2 -> g2_s0:3
[2026-06-30 03:57:05] MAC FLAP 66:f0:ff:2a:20:3f g1_s1:2 -> g2_s0:3
[2026-06-30 03:57:05] MAC FLAP be:b9:ef:69:de:88 g1_s1:2 -> g2_s0:1
[2026-06-30 03:57:05] MAC FLAP 02:6f:53:d2:17:0a g2_s0:3 -> g2_s1:2
[2026-06-30 03:57:05] MAC FLAP ba:9c:75:85:91:f8 g2_s0:3 -> g2_s1:2
[2026-06-30 03:57:05] MAC FLAP c6:82:9c:68:dd:09 g2_s0:3 -> g2_s1:2
[2026-06-30 03:57:05] MAC FLAP 66:f0:ff:2a:20:3f g2_s0:3 -> g2_s1:2
[2026-06-30 03:57:05] MAC FLAP be:b9:ef:69:de:88 g2_s0:1 -> g2_s1:2
[2026-06-30 03:57:05] Cycle Complete | Entries=14 Learned=48 Updated=422 Expired=34 Evicted=0
[2026-06-30 03:57:10] MAC FLAP 66:f0:ff:2a:20:3f g2_s1:2 -> g0_s0:1
[2026-06-30 03:57:10] MAC FLAP 02:6f:53:d2:17:0a g2_s1:2 -> g0_s0:3
[2026-06-30 03:57:10] MAC FLAP c6:82:9c:68:dd:09 g2_s1:2 -> g0_s0:3
[2026-06-30 03:57:10] MAC FLAP ba:9c:75:85:91:f8 g2_s1:2 -> g0_s0:3
[2026-06-30 03:57:10] MAC FLAP be:b9:ef:69:de:88 g2_s1:2 -> g0_s0:3
[2026-06-30 03:57:10] MAC FLAP 66:f0:ff:2a:20:3f g0_s0:1 -> g0_s1:2
[2026-06-30 03:57:10] MAC FLAP 02:6f:53:d2:17:0a g0_s0:3 -> g0_s1:2
[2026-06-30 03:57:10] MAC FLAP ba:9c:75:85:91:f8 g0_s0:3 -> g0_s1:2
[2026-06-30 03:57:10] MAC FLAP c6:82:9c:68:dd:09 g0_s0:3 -> g0_s1:2
[2026-06-30 03:57:10] MAC FLAP be:b9:ef:69:de:88 g0_s0:3 -> g0_s1:2
[2026-06-30 03:57:10] MAC FLAP 02:6f:53:d2:17:0a g0_s1:2 -> g1_s0:1
[2026-06-30 03:57:10] MAC FLAP ba:9c:75:85:91:f8 g0_s1:2 -> g1_s0:2
[2026-06-30 03:57:10] MAC FLAP c6:82:9c:68:dd:09 g0_s1:2 -> g1_s0:2
[2026-06-30 03:57:10] MAC FLAP 66:f0:ff:2a:20:3f g0_s1:2 -> g1_s0:3
[2026-06-30 03:57:10] MAC FLAP be:b9:ef:69:de:88 g0_s1:2 -> g1_s0:4
[2026-06-30 03:57:10] MAC FLAP c6:82:9c:68:dd:09 g1_s0:2 -> g1_s1:1
[2026-06-30 03:57:10] MAC FLAP 02:6f:53:d2:17:0a g1_s0:1 -> g1_s1:2
[2026-06-30 03:57:10] MAC FLAP 66:f0:ff:2a:20:3f g1_s0:3 -> g1_s1:2
[2026-06-30 03:57:10] MAC FLAP be:b9:ef:69:de:88 g1_s0:4 -> g1_s1:2
[2026-06-30 03:57:10] MAC FLAP 02:6f:53:d2:17:0a g1_s1:2 -> g2_s0:3
[2026-06-30 03:57:10] MAC FLAP c6:82:9c:68:dd:09 g1_s1:1 -> g2_s0:3
[2026-06-30 03:57:10] MAC FLAP ba:9c:75:85:91:f8 g1_s0:2 -> g2_s0:3
[2026-06-30 03:57:10] MAC FLAP 66:f0:ff:2a:20:3f g1_s1:2 -> g2_s0:3
[2026-06-30 03:57:10] MAC FLAP be:b9:ef:69:de:88 g1_s1:2 -> g2_s0:1
[2026-06-30 03:57:10] MAC FLAP 02:6f:53:d2:17:0a g2_s0:3 -> g2_s1:2
[2026-06-30 03:57:10] MAC FLAP ba:9c:75:85:91:f8 g2_s0:3 -> g2_s1:2
[2026-06-30 03:57:10] MAC FLAP c6:82:9c:68:dd:09 g2_s0:3 -> g2_s1:2
[2026-06-30 03:57:10] MAC FLAP 66:f0:ff:2a:20:3f g2_s0:3 -> g2_s1:2
[2026-06-30 03:57:10] MAC FLAP be:b9:ef:69:de:88 g2_s0:1 -> g2_s1:2
[2026-06-30 03:57:10] TTL Expired -> aa:bb:cc:dd:ee:07
[2026-06-30 03:57:10] TTL Expired -> aa:bb:cc:dd:ee:08
[2026-06-30 03:57:10] TTL Expired -> 32:1e:08:42:b6:c7
[2026-06-30 03:57:10] TTL Expired -> 66:f0:ff:2a:20:3f
[2026-06-30 03:57:10] TTL Expired -> 02:6f:53:d2:17:0a
[2026-06-30 03:57:10] TTL Expired -> c6:82:9c:68:dd:09
[2026-06-30 03:57:10] TTL Expired -> ba:9c:75:85:91:f8
[2026-06-30 03:57:10] TTL Expired -> be:b9:ef:69:de:88
[2026-06-30 03:57:10] Unknown Unicast -> aa:bb:cc:dd:ee:07
[2026-06-30 03:57:10] LEARNED aa:bb:cc:dd:ee:07 -> g1_s1:3
[2026-06-30 03:57:10] Unknown Unicast -> aa:bb:cc:dd:ee:08
[2026-06-30 03:57:10] LEARNED aa:bb:cc:dd:ee:08 -> g1_s1:4
[2026-06-30 03:57:10] Cycle Complete | Entries=8 Learned=50 Updated=452 Expired=42 Evicted=0
[2026-06-30 03:57:16] LEARNED 66:f0:ff:2a:20:3f -> g0_s0:1
[2026-06-30 03:57:16] LEARNED 02:6f:53:d2:17:0a -> g0_s0:3
[2026-06-30 03:57:16] LEARNED c6:82:9c:68:dd:09 -> g0_s0:3
[2026-06-30 03:57:16] LEARNED ba:9c:75:85:91:f8 -> g0_s0:3
[2026-06-30 03:57:16] LEARNED be:b9:ef:69:de:88 -> g0_s0:3
[2026-06-30 03:57:16] LEARNED 32:1e:08:42:b6:c7 -> g0_s1:2
[2026-06-30 03:57:16] MAC FLAP 66:f0:ff:2a:20:3f g0_s0:1 -> g0_s1:2
[2026-06-30 03:57:16] MAC FLAP 02:6f:53:d2:17:0a g0_s0:3 -> g0_s1:2
[2026-06-30 03:57:16] MAC FLAP ba:9c:75:85:91:f8 g0_s0:3 -> g0_s1:2
[2026-06-30 03:57:16] MAC FLAP c6:82:9c:68:dd:09 g0_s0:3 -> g0_s1:2
[2026-06-30 03:57:16] MAC FLAP be:b9:ef:69:de:88 g0_s0:3 -> g0_s1:2
[2026-06-30 03:57:16] MAC FLAP 02:6f:53:d2:17:0a g0_s1:2 -> g1_s0:1
[2026-06-30 03:57:16] MAC FLAP ba:9c:75:85:91:f8 g0_s1:2 -> g1_s0:2
[2026-06-30 03:57:16] MAC FLAP c6:82:9c:68:dd:09 g0_s1:2 -> g1_s0:2
[2026-06-30 03:57:16] MAC FLAP 66:f0:ff:2a:20:3f g0_s1:2 -> g1_s0:3
[2026-06-30 03:57:16] MAC FLAP be:b9:ef:69:de:88 g0_s1:2 -> g1_s0:4
[2026-06-30 03:57:16] MAC FLAP c6:82:9c:68:dd:09 g1_s0:2 -> g1_s1:1
[2026-06-30 03:57:16] MAC FLAP 02:6f:53:d2:17:0a g1_s0:1 -> g1_s1:2
[2026-06-30 03:57:16] MAC FLAP 66:f0:ff:2a:20:3f g1_s0:3 -> g1_s1:2
[2026-06-30 03:57:16] MAC FLAP be:b9:ef:69:de:88 g1_s0:4 -> g1_s1:2
[2026-06-30 03:57:16] MAC FLAP 02:6f:53:d2:17:0a g1_s1:2 -> g2_s0:3
[2026-06-30 03:57:16] MAC FLAP c6:82:9c:68:dd:09 g1_s1:1 -> g2_s0:3
[2026-06-30 03:57:16] MAC FLAP ba:9c:75:85:91:f8 g1_s0:2 -> g2_s0:3
[2026-06-30 03:57:16] MAC FLAP 66:f0:ff:2a:20:3f g1_s1:2 -> g2_s0:3
[2026-06-30 03:57:16] MAC FLAP be:b9:ef:69:de:88 g1_s1:2 -> g2_s0:1
[2026-06-30 03:57:16] MAC FLAP 02:6f:53:d2:17:0a g2_s0:3 -> g2_s1:2
[2026-06-30 03:57:16] MAC FLAP ba:9c:75:85:91:f8 g2_s0:3 -> g2_s1:2
[2026-06-30 03:57:16] MAC FLAP c6:82:9c:68:dd:09 g2_s0:3 -> g2_s1:2
[2026-06-30 03:57:16] MAC FLAP 66:f0:ff:2a:20:3f g2_s0:3 -> g2_s1:2
[2026-06-30 03:57:16] MAC FLAP be:b9:ef:69:de:88 g2_s0:1 -> g2_s1:2
[2026-06-30 03:57:16] TTL Expired -> aa:bb:cc:dd:ee:01
[2026-06-30 03:57:16] TTL Expired -> aa:bb:cc:dd:ee:02
[2026-06-30 03:57:16] Unknown Unicast -> aa:bb:cc:dd:ee:01
[2026-06-30 03:57:16] LEARNED aa:bb:cc:dd:ee:01 -> g0_s0:1
[2026-06-30 03:57:16] Unknown Unicast -> aa:bb:cc:dd:ee:02
[2026-06-30 03:57:16] LEARNED aa:bb:cc:dd:ee:02 -> g0_s1:2
[2026-06-30 03:57:16] Cycle Complete | Entries=14 Learned=58 Updated=476 Expired=44 Evicted=0
[2026-06-30 03:57:21] MAC FLAP 66:f0:ff:2a:20:3f g2_s1:2 -> g0_s0:1
[2026-06-30 03:57:21] MAC FLAP 02:6f:53:d2:17:0a g2_s1:2 -> g0_s0:3
[2026-06-30 03:57:21] MAC FLAP c6:82:9c:68:dd:09 g2_s1:2 -> g0_s0:3
[2026-06-30 03:57:21] MAC FLAP ba:9c:75:85:91:f8 g2_s1:2 -> g0_s0:3
[2026-06-30 03:57:21] MAC FLAP be:b9:ef:69:de:88 g2_s1:2 -> g0_s0:3
[2026-06-30 03:57:21] MAC FLAP 66:f0:ff:2a:20:3f g0_s0:1 -> g0_s1:2
[2026-06-30 03:57:21] MAC FLAP 02:6f:53:d2:17:0a g0_s0:3 -> g0_s1:2
[2026-06-30 03:57:21] MAC FLAP ba:9c:75:85:91:f8 g0_s0:3 -> g0_s1:2
[2026-06-30 03:57:21] MAC FLAP c6:82:9c:68:dd:09 g0_s0:3 -> g0_s1:2
[2026-06-30 03:57:21] MAC FLAP be:b9:ef:69:de:88 g0_s0:3 -> g0_s1:2
[2026-06-30 03:57:21] MAC FLAP 02:6f:53:d2:17:0a g0_s1:2 -> g1_s0:1
[2026-06-30 03:57:21] MAC FLAP ba:9c:75:85:91:f8 g0_s1:2 -> g1_s0:2
[2026-06-30 03:57:21] MAC FLAP c6:82:9c:68:dd:09 g0_s1:2 -> g1_s0:2
[2026-06-30 03:57:21] MAC FLAP 66:f0:ff:2a:20:3f g0_s1:2 -> g1_s0:3
[2026-06-30 03:57:21] MAC FLAP be:b9:ef:69:de:88 g0_s1:2 -> g1_s0:4
[2026-06-30 03:57:21] MAC FLAP c6:82:9c:68:dd:09 g1_s0:2 -> g1_s1:1
[2026-06-30 03:57:21] MAC FLAP 02:6f:53:d2:17:0a g1_s0:1 -> g1_s1:2
[2026-06-30 03:57:21] MAC FLAP 66:f0:ff:2a:20:3f g1_s0:3 -> g1_s1:2
[2026-06-30 03:57:21] MAC FLAP be:b9:ef:69:de:88 g1_s0:4 -> g1_s1:2
[2026-06-30 03:57:21] MAC FLAP 02:6f:53:d2:17:0a g1_s1:2 -> g2_s0:3
[2026-06-30 03:57:21] MAC FLAP c6:82:9c:68:dd:09 g1_s1:1 -> g2_s0:3
[2026-06-30 03:57:21] MAC FLAP ba:9c:75:85:91:f8 g1_s0:2 -> g2_s0:3
[2026-06-30 03:57:22] MAC FLAP 66:f0:ff:2a:20:3f g1_s1:2 -> g2_s0:3
[2026-06-30 03:57:22] MAC FLAP be:b9:ef:69:de:88 g1_s1:2 -> g2_s0:1
[2026-06-30 03:57:22] MAC FLAP 02:6f:53:d2:17:0a g2_s0:3 -> g2_s1:2
[2026-06-30 03:57:22] MAC FLAP ba:9c:75:85:91:f8 g2_s0:3 -> g2_s1:2
[2026-06-30 03:57:22] MAC FLAP c6:82:9c:68:dd:09 g2_s0:3 -> g2_s1:2
[2026-06-30 03:57:22] MAC FLAP 66:f0:ff:2a:20:3f g2_s0:3 -> g2_s1:2
[2026-06-30 03:57:22] MAC FLAP be:b9:ef:69:de:88 g2_s0:1 -> g2_s1:2
[2026-06-30 03:57:22] Cycle Complete | Entries=14 Learned=58 Updated=506 Expired=44 Evicted=0
[2026-06-30 03:57:27] MAC FLAP 66:f0:ff:2a:20:3f g2_s1:2 -> g0_s0:1
[2026-06-30 03:57:27] MAC FLAP 02:6f:53:d2:17:0a g2_s1:2 -> g0_s0:3
[2026-06-30 03:57:27] MAC FLAP c6:82:9c:68:dd:09 g2_s1:2 -> g0_s0:3
[2026-06-30 03:57:27] MAC FLAP ba:9c:75:85:91:f8 g2_s1:2 -> g0_s0:3
[2026-06-30 03:57:27] MAC FLAP be:b9:ef:69:de:88 g2_s1:2 -> g0_s0:3
[2026-06-30 03:57:27] MAC FLAP 66:f0:ff:2a:20:3f g0_s0:1 -> g0_s1:2
[2026-06-30 03:57:27] MAC FLAP 02:6f:53:d2:17:0a g0_s0:3 -> g0_s1:2
[2026-06-30 03:57:27] MAC FLAP ba:9c:75:85:91:f8 g0_s0:3 -> g0_s1:2
[2026-06-30 03:57:27] MAC FLAP c6:82:9c:68:dd:09 g0_s0:3 -> g0_s1:2
[2026-06-30 03:57:27] MAC FLAP be:b9:ef:69:de:88 g0_s0:3 -> g0_s1:2
[2026-06-30 03:57:27] MAC FLAP 02:6f:53:d2:17:0a g0_s1:2 -> g1_s0:1
[2026-06-30 03:57:27] MAC FLAP ba:9c:75:85:91:f8 g0_s1:2 -> g1_s0:2
[2026-06-30 03:57:27] MAC FLAP c6:82:9c:68:dd:09 g0_s1:2 -> g1_s0:2
[2026-06-30 03:57:27] MAC FLAP 66:f0:ff:2a:20:3f g0_s1:2 -> g1_s0:3
[2026-06-30 03:57:27] MAC FLAP be:b9:ef:69:de:88 g0_s1:2 -> g1_s0:4
[2026-06-30 03:57:27] MAC FLAP c6:82:9c:68:dd:09 g1_s0:2 -> g1_s1:1
[2026-06-30 03:57:27] MAC FLAP 02:6f:53:d2:17:0a g1_s0:1 -> g1_s1:2
[2026-06-30 03:57:27] MAC FLAP 66:f0:ff:2a:20:3f g1_s0:3 -> g1_s1:2
[2026-06-30 03:57:27] MAC FLAP be:b9:ef:69:de:88 g1_s0:4 -> g1_s1:2
[2026-06-30 03:57:27] MAC FLAP 02:6f:53:d2:17:0a g1_s1:2 -> g2_s0:3
[2026-06-30 03:57:27] MAC FLAP c6:82:9c:68:dd:09 g1_s1:1 -> g2_s0:3
[2026-06-30 03:57:27] MAC FLAP ba:9c:75:85:91:f8 g1_s0:2 -> g2_s0:3
[2026-06-30 03:57:27] MAC FLAP 66:f0:ff:2a:20:3f g1_s1:2 -> g2_s0:3
[2026-06-30 03:57:27] MAC FLAP be:b9:ef:69:de:88 g1_s1:2 -> g2_s0:1
[2026-06-30 03:57:27] MAC FLAP 02:6f:53:d2:17:0a g2_s0:3 -> g2_s1:2
[2026-06-30 03:57:27] MAC FLAP ba:9c:75:85:91:f8 g2_s0:3 -> g2_s1:2
[2026-06-30 03:57:27] MAC FLAP c6:82:9c:68:dd:09 g2_s0:3 -> g2_s1:2
[2026-06-30 03:57:27] MAC FLAP 66:f0:ff:2a:20:3f g2_s0:3 -> g2_s1:2
[2026-06-30 03:57:27] MAC FLAP be:b9:ef:69:de:88 g2_s0:1 -> g2_s1:2
[2026-06-30 03:57:27] TTL Expired -> 66:f0:ff:2a:20:3f
[2026-06-30 03:57:27] TTL Expired -> 02:6f:53:d2:17:0a
[2026-06-30 03:57:27] TTL Expired -> c6:82:9c:68:dd:09
[2026-06-30 03:57:27] TTL Expired -> ba:9c:75:85:91:f8
[2026-06-30 03:57:27] TTL Expired -> be:b9:ef:69:de:88
[2026-06-30 03:57:27] Cycle Complete | Entries=9 Learned=58 Updated=536 Expired=49 Evicted=0
[2026-06-30 03:57:32] LEARNED 66:f0:ff:2a:20:3f -> g0_s0:1
[2026-06-30 03:57:32] LEARNED 02:6f:53:d2:17:0a -> g0_s0:3
[2026-06-30 03:57:32] LEARNED c6:82:9c:68:dd:09 -> g0_s0:3
[2026-06-30 03:57:32] LEARNED ba:9c:75:85:91:f8 -> g0_s0:3
[2026-06-30 03:57:32] LEARNED be:b9:ef:69:de:88 -> g0_s0:3
[2026-06-30 03:57:32] MAC FLAP 66:f0:ff:2a:20:3f g0_s0:1 -> g0_s1:2
[2026-06-30 03:57:32] MAC FLAP 02:6f:53:d2:17:0a g0_s0:3 -> g0_s1:2
[2026-06-30 03:57:32] MAC FLAP ba:9c:75:85:91:f8 g0_s0:3 -> g0_s1:2
[2026-06-30 03:57:32] MAC FLAP c6:82:9c:68:dd:09 g0_s0:3 -> g0_s1:2
[2026-06-30 03:57:32] MAC FLAP be:b9:ef:69:de:88 g0_s0:3 -> g0_s1:2
[2026-06-30 03:57:32] MAC FLAP 02:6f:53:d2:17:0a g0_s1:2 -> g1_s0:1
[2026-06-30 03:57:32] MAC FLAP ba:9c:75:85:91:f8 g0_s1:2 -> g1_s0:2
[2026-06-30 03:57:32] MAC FLAP c6:82:9c:68:dd:09 g0_s1:2 -> g1_s0:2
[2026-06-30 03:57:32] MAC FLAP 66:f0:ff:2a:20:3f g0_s1:2 -> g1_s0:3
[2026-06-30 03:57:32] MAC FLAP be:b9:ef:69:de:88 g0_s1:2 -> g1_s0:4
[2026-06-30 03:57:32] MAC FLAP c6:82:9c:68:dd:09 g1_s0:2 -> g1_s1:1
[2026-06-30 03:57:32] MAC FLAP 02:6f:53:d2:17:0a g1_s0:1 -> g1_s1:2
[2026-06-30 03:57:32] MAC FLAP 66:f0:ff:2a:20:3f g1_s0:3 -> g1_s1:2
[2026-06-30 03:57:32] MAC FLAP be:b9:ef:69:de:88 g1_s0:4 -> g1_s1:2
[2026-06-30 03:57:33] MAC FLAP 02:6f:53:d2:17:0a g1_s1:2 -> g2_s0:3
[2026-06-30 03:57:33] MAC FLAP c6:82:9c:68:dd:09 g1_s1:1 -> g2_s0:3
[2026-06-30 03:57:33] MAC FLAP ba:9c:75:85:91:f8 g1_s0:2 -> g2_s0:3
[2026-06-30 03:57:33] MAC FLAP 66:f0:ff:2a:20:3f g1_s1:2 -> g2_s0:3
[2026-06-30 03:57:33] MAC FLAP be:b9:ef:69:de:88 g1_s1:2 -> g2_s0:1
[2026-06-30 03:57:33] MAC FLAP 02:6f:53:d2:17:0a g2_s0:3 -> g2_s1:2
[2026-06-30 03:57:33] MAC FLAP ba:9c:75:85:91:f8 g2_s0:3 -> g2_s1:2
[2026-06-30 03:57:33] MAC FLAP c6:82:9c:68:dd:09 g2_s0:3 -> g2_s1:2
[2026-06-30 03:57:33] MAC FLAP 66:f0:ff:2a:20:3f g2_s0:3 -> g2_s1:2
[2026-06-30 03:57:33] MAC FLAP be:b9:ef:69:de:88 g2_s0:1 -> g2_s1:2
[2026-06-30 03:57:33] TTL Expired -> aa:bb:cc:dd:ee:03
[2026-06-30 03:57:33] TTL Expired -> aa:bb:cc:dd:ee:04
[2026-06-30 03:57:33] TTL Expired -> 32:1e:08:42:b6:c7
[2026-06-30 03:57:33] Unknown Unicast -> aa:bb:cc:dd:ee:03
[2026-06-30 03:57:33] LEARNED aa:bb:cc:dd:ee:03 -> g0_s0:3
[2026-06-30 03:57:33] Unknown Unicast -> aa:bb:cc:dd:ee:04
[2026-06-30 03:57:33] LEARNED aa:bb:cc:dd:ee:04 -> g1_s0:1
[2026-06-30 03:57:33] Cycle Complete | Entries=13 Learned=65 Updated=561 Expired=52 Evicted=0
[2026-06-30 03:57:38] MAC FLAP 66:f0:ff:2a:20:3f g2_s1:2 -> g0_s0:1
[2026-06-30 03:57:38] MAC FLAP 02:6f:53:d2:17:0a g2_s1:2 -> g0_s0:3
[2026-06-30 03:57:38] MAC FLAP c6:82:9c:68:dd:09 g2_s1:2 -> g0_s0:3
[2026-06-30 03:57:38] MAC FLAP ba:9c:75:85:91:f8 g2_s1:2 -> g0_s0:3
[2026-06-30 03:57:38] MAC FLAP be:b9:ef:69:de:88 g2_s1:2 -> g0_s0:3
[2026-06-30 03:57:38] LEARNED 32:1e:08:42:b6:c7 -> g0_s1:2
[2026-06-30 03:57:38] MAC FLAP 66:f0:ff:2a:20:3f g0_s0:1 -> g0_s1:2
[2026-06-30 03:57:38] MAC FLAP 02:6f:53:d2:17:0a g0_s0:3 -> g0_s1:2
[2026-06-30 03:57:38] MAC FLAP ba:9c:75:85:91:f8 g0_s0:3 -> g0_s1:2
[2026-06-30 03:57:38] MAC FLAP c6:82:9c:68:dd:09 g0_s0:3 -> g0_s1:2
[2026-06-30 03:57:38] MAC FLAP be:b9:ef:69:de:88 g0_s0:3 -> g0_s1:2
[2026-06-30 03:57:38] MAC FLAP 02:6f:53:d2:17:0a g0_s1:2 -> g1_s0:1
[2026-06-30 03:57:38] MAC FLAP ba:9c:75:85:91:f8 g0_s1:2 -> g1_s0:2
[2026-06-30 03:57:38] MAC FLAP c6:82:9c:68:dd:09 g0_s1:2 -> g1_s0:2
[2026-06-30 03:57:38] MAC FLAP 66:f0:ff:2a:20:3f g0_s1:2 -> g1_s0:3
[2026-06-30 03:57:38] MAC FLAP be:b9:ef:69:de:88 g0_s1:2 -> g1_s0:4
[2026-06-30 03:57:38] MAC FLAP c6:82:9c:68:dd:09 g1_s0:2 -> g1_s1:1
[2026-06-30 03:57:38] MAC FLAP 02:6f:53:d2:17:0a g1_s0:1 -> g1_s1:2
[2026-06-30 03:57:38] MAC FLAP 66:f0:ff:2a:20:3f g1_s0:3 -> g1_s1:2
[2026-06-30 03:57:38] MAC FLAP be:b9:ef:69:de:88 g1_s0:4 -> g1_s1:2
[2026-06-30 03:57:38] MAC FLAP 02:6f:53:d2:17:0a g1_s1:2 -> g2_s0:3
[2026-06-30 03:57:38] MAC FLAP c6:82:9c:68:dd:09 g1_s1:1 -> g2_s0:3
[2026-06-30 03:57:38] MAC FLAP ba:9c:75:85:91:f8 g1_s0:2 -> g2_s0:3
[2026-06-30 03:57:38] MAC FLAP 66:f0:ff:2a:20:3f g1_s1:2 -> g2_s0:3
[2026-06-30 03:57:38] MAC FLAP be:b9:ef:69:de:88 g1_s1:2 -> g2_s0:1
[2026-06-30 03:57:38] MAC FLAP 02:6f:53:d2:17:0a g2_s0:3 -> g2_s1:2
[2026-06-30 03:57:38] MAC FLAP ba:9c:75:85:91:f8 g2_s0:3 -> g2_s1:2
[2026-06-30 03:57:38] MAC FLAP c6:82:9c:68:dd:09 g2_s0:3 -> g2_s1:2
[2026-06-30 03:57:38] MAC FLAP 66:f0:ff:2a:20:3f g2_s0:3 -> g2_s1:2
[2026-06-30 03:57:38] MAC FLAP be:b9:ef:69:de:88 g2_s0:1 -> g2_s1:2
[2026-06-30 03:57:38] Cycle Complete | Entries=14 Learned=66 Updated=590 Expired=52 Evicted=0
[2026-06-30 03:57:43] MAC FLAP 66:f0:ff:2a:20:3f g2_s1:2 -> g0_s0:1
[2026-06-30 03:57:43] MAC FLAP 02:6f:53:d2:17:0a g2_s1:2 -> g0_s0:3
[2026-06-30 03:57:43] MAC FLAP c6:82:9c:68:dd:09 g2_s1:2 -> g0_s0:3
[2026-06-30 03:57:43] MAC FLAP ba:9c:75:85:91:f8 g2_s1:2 -> g0_s0:3
[2026-06-30 03:57:43] MAC FLAP be:b9:ef:69:de:88 g2_s1:2 -> g0_s0:3
[2026-06-30 03:57:43] MAC FLAP 66:f0:ff:2a:20:3f g0_s0:1 -> g0_s1:2
[2026-06-30 03:57:43] MAC FLAP 02:6f:53:d2:17:0a g0_s0:3 -> g0_s1:2
[2026-06-30 03:57:43] MAC FLAP ba:9c:75:85:91:f8 g0_s0:3 -> g0_s1:2
[2026-06-30 03:57:43] MAC FLAP c6:82:9c:68:dd:09 g0_s0:3 -> g0_s1:2
[2026-06-30 03:57:43] MAC FLAP be:b9:ef:69:de:88 g0_s0:3 -> g0_s1:2
[2026-06-30 03:57:43] MAC FLAP 02:6f:53:d2:17:0a g0_s1:2 -> g1_s0:1
[2026-06-30 03:57:43] MAC FLAP ba:9c:75:85:91:f8 g0_s1:2 -> g1_s0:2
[2026-06-30 03:57:44] MAC FLAP c6:82:9c:68:dd:09 g0_s1:2 -> g1_s0:2
[2026-06-30 03:57:44] MAC FLAP 66:f0:ff:2a:20:3f g0_s1:2 -> g1_s0:3
[2026-06-30 03:57:44] MAC FLAP be:b9:ef:69:de:88 g0_s1:2 -> g1_s0:4
[2026-06-30 03:57:44] MAC FLAP c6:82:9c:68:dd:09 g1_s0:2 -> g1_s1:1
[2026-06-30 03:57:44] MAC FLAP 02:6f:53:d2:17:0a g1_s0:1 -> g1_s1:2
[2026-06-30 03:57:44] MAC FLAP 66:f0:ff:2a:20:3f g1_s0:3 -> g1_s1:2
[2026-06-30 03:57:44] MAC FLAP be:b9:ef:69:de:88 g1_s0:4 -> g1_s1:2
[2026-06-30 03:57:44] MAC FLAP 02:6f:53:d2:17:0a g1_s1:2 -> g2_s0:3
[2026-06-30 03:57:44] MAC FLAP c6:82:9c:68:dd:09 g1_s1:1 -> g2_s0:3
[2026-06-30 03:57:44] MAC FLAP ba:9c:75:85:91:f8 g1_s0:2 -> g2_s0:3
[2026-06-30 03:57:44] MAC FLAP 66:f0:ff:2a:20:3f g1_s1:2 -> g2_s0:3
[2026-06-30 03:57:44] MAC FLAP be:b9:ef:69:de:88 g1_s1:2 -> g2_s0:1
[2026-06-30 03:57:44] MAC FLAP 02:6f:53:d2:17:0a g2_s0:3 -> g2_s1:2
[2026-06-30 03:57:44] MAC FLAP ba:9c:75:85:91:f8 g2_s0:3 -> g2_s1:2
[2026-06-30 03:57:44] MAC FLAP c6:82:9c:68:dd:09 g2_s0:3 -> g2_s1:2
[2026-06-30 03:57:44] MAC FLAP 66:f0:ff:2a:20:3f g2_s0:3 -> g2_s1:2
[2026-06-30 03:57:44] MAC FLAP be:b9:ef:69:de:88 g2_s0:1 -> g2_s1:2
[2026-06-30 03:57:44] TTL Expired -> 66:f0:ff:2a:20:3f
[2026-06-30 03:57:44] TTL Expired -> 02:6f:53:d2:17:0a
[2026-06-30 03:57:44] TTL Expired -> c6:82:9c:68:dd:09
[2026-06-30 03:57:44] TTL Expired -> ba:9c:75:85:91:f8
[2026-06-30 03:57:44] TTL Expired -> be:b9:ef:69:de:88
[2026-06-30 03:57:44] Cycle Complete | Entries=9 Learned=66 Updated=620 Expired=57 Evicted=0
[2026-06-30 03:57:49] LEARNED 66:f0:ff:2a:20:3f -> g0_s0:1
[2026-06-30 03:57:49] LEARNED 02:6f:53:d2:17:0a -> g0_s0:3
[2026-06-30 03:57:49] LEARNED c6:82:9c:68:dd:09 -> g0_s0:3
[2026-06-30 03:57:49] LEARNED ba:9c:75:85:91:f8 -> g0_s0:3
[2026-06-30 03:57:49] LEARNED be:b9:ef:69:de:88 -> g0_s0:3
[2026-06-30 03:57:49] MAC FLAP 66:f0:ff:2a:20:3f g0_s0:1 -> g0_s1:2
[2026-06-30 03:57:49] MAC FLAP 02:6f:53:d2:17:0a g0_s0:3 -> g0_s1:2
[2026-06-30 03:57:49] MAC FLAP ba:9c:75:85:91:f8 g0_s0:3 -> g0_s1:2
[2026-06-30 03:57:49] MAC FLAP c6:82:9c:68:dd:09 g0_s0:3 -> g0_s1:2
[2026-06-30 03:57:49] MAC FLAP be:b9:ef:69:de:88 g0_s0:3 -> g0_s1:2
[2026-06-30 03:57:49] MAC FLAP 02:6f:53:d2:17:0a g0_s1:2 -> g1_s0:1
[2026-06-30 03:57:49] MAC FLAP ba:9c:75:85:91:f8 g0_s1:2 -> g1_s0:2
[2026-06-30 03:57:49] MAC FLAP c6:82:9c:68:dd:09 g0_s1:2 -> g1_s0:2
[2026-06-30 03:57:49] MAC FLAP 66:f0:ff:2a:20:3f g0_s1:2 -> g1_s0:3
[2026-06-30 03:57:49] MAC FLAP be:b9:ef:69:de:88 g0_s1:2 -> g1_s0:4
[2026-06-30 03:57:49] MAC FLAP c6:82:9c:68:dd:09 g1_s0:2 -> g1_s1:1
[2026-06-30 03:57:49] MAC FLAP 02:6f:53:d2:17:0a g1_s0:1 -> g1_s1:2
[2026-06-30 03:57:49] MAC FLAP 66:f0:ff:2a:20:3f g1_s0:3 -> g1_s1:2
[2026-06-30 03:57:49] MAC FLAP be:b9:ef:69:de:88 g1_s0:4 -> g1_s1:2
[2026-06-30 03:57:49] MAC FLAP 02:6f:53:d2:17:0a g1_s1:2 -> g2_s0:3
[2026-06-30 03:57:49] MAC FLAP c6:82:9c:68:dd:09 g1_s1:1 -> g2_s0:3
[2026-06-30 03:57:49] MAC FLAP ba:9c:75:85:91:f8 g1_s0:2 -> g2_s0:3
[2026-06-30 03:57:49] MAC FLAP 66:f0:ff:2a:20:3f g1_s1:2 -> g2_s0:3
[2026-06-30 03:57:49] MAC FLAP be:b9:ef:69:de:88 g1_s1:2 -> g2_s0:1
[2026-06-30 03:57:49] MAC FLAP 02:6f:53:d2:17:0a g2_s0:3 -> g2_s1:2
[2026-06-30 03:57:49] MAC FLAP ba:9c:75:85:91:f8 g2_s0:3 -> g2_s1:2
[2026-06-30 03:57:49] MAC FLAP c6:82:9c:68:dd:09 g2_s0:3 -> g2_s1:2
[2026-06-30 03:57:49] MAC FLAP 66:f0:ff:2a:20:3f g2_s0:3 -> g2_s1:2
[2026-06-30 03:57:49] MAC FLAP be:b9:ef:69:de:88 g2_s0:1 -> g2_s1:2
[2026-06-30 03:57:49] TTL Expired -> aa:bb:cc:dd:ee:05
[2026-06-30 03:57:49] TTL Expired -> aa:bb:cc:dd:ee:06
[2026-06-30 03:57:49] TTL Expired -> aa:bb:cc:dd:ee:01
[2026-06-30 03:57:49] TTL Expired -> aa:bb:cc:dd:ee:02
[2026-06-30 03:57:49] Unknown Unicast -> aa:bb:cc:dd:ee:01
[2026-06-30 03:57:49] LEARNED aa:bb:cc:dd:ee:01 -> g0_s0:1
[2026-06-30 03:57:49] Unknown Unicast -> aa:bb:cc:dd:ee:02
[2026-06-30 03:57:49] LEARNED aa:bb:cc:dd:ee:02 -> g0_s1:2
[2026-06-30 03:57:49] Unknown Unicast -> aa:bb:cc:dd:ee:05
[2026-06-30 03:57:49] LEARNED aa:bb:cc:dd:ee:05 -> g0_s1:4
[2026-06-30 03:57:49] Unknown Unicast -> aa:bb:cc:dd:ee:06
[2026-06-30 03:57:50] LEARNED aa:bb:cc:dd:ee:06 -> g1_s0:2
[2026-06-30 03:57:50] Cycle Complete | Entries=14 Learned=75 Updated=645 Expired=61 Evicted=0
[2026-06-30 03:57:55] MAC FLAP 66:f0:ff:2a:20:3f g2_s1:2 -> g0_s0:1
[2026-06-30 03:57:55] MAC FLAP 02:6f:53:d2:17:0a g2_s1:2 -> g0_s0:3
[2026-06-30 03:57:55] MAC FLAP c6:82:9c:68:dd:09 g2_s1:2 -> g0_s0:3
[2026-06-30 03:57:55] MAC FLAP ba:9c:75:85:91:f8 g2_s1:2 -> g0_s0:3
[2026-06-30 03:57:55] MAC FLAP be:b9:ef:69:de:88 g2_s1:2 -> g0_s0:3
[2026-06-30 03:57:55] MAC FLAP 66:f0:ff:2a:20:3f g0_s0:1 -> g0_s1:2
[2026-06-30 03:57:55] MAC FLAP 02:6f:53:d2:17:0a g0_s0:3 -> g0_s1:2
[2026-06-30 03:57:55] MAC FLAP ba:9c:75:85:91:f8 g0_s0:3 -> g0_s1:2
[2026-06-30 03:57:55] MAC FLAP c6:82:9c:68:dd:09 g0_s0:3 -> g0_s1:2
[2026-06-30 03:57:55] MAC FLAP be:b9:ef:69:de:88 g0_s0:3 -> g0_s1:2
[2026-06-30 03:57:55] MAC FLAP 02:6f:53:d2:17:0a g0_s1:2 -> g1_s0:1
[2026-06-30 03:57:55] MAC FLAP ba:9c:75:85:91:f8 g0_s1:2 -> g1_s0:2
[2026-06-30 03:57:55] MAC FLAP c6:82:9c:68:dd:09 g0_s1:2 -> g1_s0:2
[2026-06-30 03:57:55] MAC FLAP 66:f0:ff:2a:20:3f g0_s1:2 -> g1_s0:3
[2026-06-30 03:57:55] MAC FLAP be:b9:ef:69:de:88 g0_s1:2 -> g1_s0:4
[2026-06-30 03:57:55] MAC FLAP c6:82:9c:68:dd:09 g1_s0:2 -> g1_s1:1
[2026-06-30 03:57:55] MAC FLAP 02:6f:53:d2:17:0a g1_s0:1 -> g1_s1:2
[2026-06-30 03:57:55] MAC FLAP 66:f0:ff:2a:20:3f g1_s0:3 -> g1_s1:2
[2026-06-30 03:57:55] MAC FLAP be:b9:ef:69:de:88 g1_s0:4 -> g1_s1:2
[2026-06-30 03:57:55] MAC FLAP 02:6f:53:d2:17:0a g1_s1:2 -> g2_s0:3
[2026-06-30 03:57:55] MAC FLAP c6:82:9c:68:dd:09 g1_s1:1 -> g2_s0:3
[2026-06-30 03:57:55] MAC FLAP ba:9c:75:85:91:f8 g1_s0:2 -> g2_s0:3
[2026-06-30 03:57:55] MAC FLAP 66:f0:ff:2a:20:3f g1_s1:2 -> g2_s0:3
[2026-06-30 03:57:55] MAC FLAP be:b9:ef:69:de:88 g1_s1:2 -> g2_s0:1
[2026-06-30 03:57:55] MAC FLAP 02:6f:53:d2:17:0a g2_s0:3 -> g2_s1:2
[2026-06-30 03:57:55] MAC FLAP ba:9c:75:85:91:f8 g2_s0:3 -> g2_s1:2
[2026-06-30 03:57:55] MAC FLAP c6:82:9c:68:dd:09 g2_s0:3 -> g2_s1:2
[2026-06-30 03:57:55] MAC FLAP 66:f0:ff:2a:20:3f g2_s0:3 -> g2_s1:2
[2026-06-30 03:57:55] MAC FLAP be:b9:ef:69:de:88 g2_s0:1 -> g2_s1:2
[2026-06-30 03:57:55] TTL Expired -> 32:1e:08:42:b6:c7
[2026-06-30 03:57:55] Cycle Complete | Entries=13 Learned=75 Updated=675 Expired=62 Evicted=0
[2026-06-30 03:58:00] MAC FLAP 66:f0:ff:2a:20:3f g2_s1:2 -> g0_s0:1
[2026-06-30 03:58:00] MAC FLAP 02:6f:53:d2:17:0a g2_s1:2 -> g0_s0:3
[2026-06-30 03:58:00] MAC FLAP c6:82:9c:68:dd:09 g2_s1:2 -> g0_s0:3
[2026-06-30 03:58:00] MAC FLAP ba:9c:75:85:91:f8 g2_s1:2 -> g0_s0:3
[2026-06-30 03:58:00] MAC FLAP be:b9:ef:69:de:88 g2_s1:2 -> g0_s0:3
[2026-06-30 03:58:00] LEARNED 32:1e:08:42:b6:c7 -> g0_s1:2
[2026-06-30 03:58:00] MAC FLAP 66:f0:ff:2a:20:3f g0_s0:1 -> g0_s1:2
[2026-06-30 03:58:00] MAC FLAP 02:6f:53:d2:17:0a g0_s0:3 -> g0_s1:2
[2026-06-30 03:58:00] MAC FLAP ba:9c:75:85:91:f8 g0_s0:3 -> g0_s1:2
[2026-06-30 03:58:00] MAC FLAP c6:82:9c:68:dd:09 g0_s0:3 -> g0_s1:2
[2026-06-30 03:58:00] MAC FLAP be:b9:ef:69:de:88 g0_s0:3 -> g0_s1:2
[2026-06-30 03:58:00] MAC FLAP 02:6f:53:d2:17:0a g0_s1:2 -> g1_s0:1
[2026-06-30 03:58:00] MAC FLAP ba:9c:75:85:91:f8 g0_s1:2 -> g1_s0:2
[2026-06-30 03:58:00] MAC FLAP c6:82:9c:68:dd:09 g0_s1:2 -> g1_s0:2
[2026-06-30 03:58:00] MAC FLAP 66:f0:ff:2a:20:3f g0_s1:2 -> g1_s0:3
[2026-06-30 03:58:00] MAC FLAP be:b9:ef:69:de:88 g0_s1:2 -> g1_s0:4
[2026-06-30 03:58:00] MAC FLAP c6:82:9c:68:dd:09 g1_s0:2 -> g1_s1:1
[2026-06-30 03:58:00] MAC FLAP 02:6f:53:d2:17:0a g1_s0:1 -> g1_s1:2
[2026-06-30 03:58:00] MAC FLAP 66:f0:ff:2a:20:3f g1_s0:3 -> g1_s1:2
[2026-06-30 03:58:00] MAC FLAP be:b9:ef:69:de:88 g1_s0:4 -> g1_s1:2
[2026-06-30 03:58:00] MAC FLAP 02:6f:53:d2:17:0a g1_s1:2 -> g2_s0:3
[2026-06-30 03:58:00] MAC FLAP c6:82:9c:68:dd:09 g1_s1:1 -> g2_s0:3
[2026-06-30 03:58:00] MAC FLAP ba:9c:75:85:91:f8 g1_s0:2 -> g2_s0:3
[2026-06-30 03:58:00] MAC FLAP 66:f0:ff:2a:20:3f g1_s1:2 -> g2_s0:3
[2026-06-30 03:58:00] MAC FLAP be:b9:ef:69:de:88 g1_s1:2 -> g2_s0:1
[2026-06-30 03:58:01] MAC FLAP 02:6f:53:d2:17:0a g2_s0:3 -> g2_s1:2
[2026-06-30 03:58:01] MAC FLAP ba:9c:75:85:91:f8 g2_s0:3 -> g2_s1:2
[2026-06-30 03:58:01] MAC FLAP c6:82:9c:68:dd:09 g2_s0:3 -> g2_s1:2
[2026-06-30 03:58:01] MAC FLAP 66:f0:ff:2a:20:3f g2_s0:3 -> g2_s1:2
[2026-06-30 03:58:01] MAC FLAP be:b9:ef:69:de:88 g2_s0:1 -> g2_s1:2
[2026-06-30 03:58:01] TTL Expired -> 66:f0:ff:2a:20:3f
[2026-06-30 03:58:01] TTL Expired -> 02:6f:53:d2:17:0a
[2026-06-30 03:58:01] TTL Expired -> c6:82:9c:68:dd:09
[2026-06-30 03:58:01] TTL Expired -> ba:9c:75:85:91:f8
[2026-06-30 03:58:01] TTL Expired -> be:b9:ef:69:de:88
[2026-06-30 03:58:01] Cycle Complete | Entries=9 Learned=76 Updated=704 Expired=67 Evicted=0
[2026-06-30 03:58:06] LEARNED 66:f0:ff:2a:20:3f -> g0_s0:1
[2026-06-30 03:58:06] LEARNED 02:6f:53:d2:17:0a -> g0_s0:3
[2026-06-30 03:58:06] LEARNED c6:82:9c:68:dd:09 -> g0_s0:3
[2026-06-30 03:58:06] LEARNED ba:9c:75:85:91:f8 -> g0_s0:3
[2026-06-30 03:58:06] LEARNED be:b9:ef:69:de:88 -> g0_s0:3
[2026-06-30 03:58:06] MAC FLAP 66:f0:ff:2a:20:3f g0_s0:1 -> g0_s1:2
[2026-06-30 03:58:06] MAC FLAP 02:6f:53:d2:17:0a g0_s0:3 -> g0_s1:2
[2026-06-30 03:58:06] MAC FLAP ba:9c:75:85:91:f8 g0_s0:3 -> g0_s1:2
[2026-06-30 03:58:06] MAC FLAP c6:82:9c:68:dd:09 g0_s0:3 -> g0_s1:2
[2026-06-30 03:58:06] MAC FLAP be:b9:ef:69:de:88 g0_s0:3 -> g0_s1:2
[2026-06-30 03:58:06] MAC FLAP 02:6f:53:d2:17:0a g0_s1:2 -> g1_s0:1
[2026-06-30 03:58:06] MAC FLAP ba:9c:75:85:91:f8 g0_s1:2 -> g1_s0:2
[2026-06-30 03:58:06] MAC FLAP c6:82:9c:68:dd:09 g0_s1:2 -> g1_s0:2
[2026-06-30 03:58:06] MAC FLAP 66:f0:ff:2a:20:3f g0_s1:2 -> g1_s0:3
[2026-06-30 03:58:06] MAC FLAP be:b9:ef:69:de:88 g0_s1:2 -> g1_s0:4
[2026-06-30 03:58:06] MAC FLAP c6:82:9c:68:dd:09 g1_s0:2 -> g1_s1:1
[2026-06-30 03:58:06] MAC FLAP 02:6f:53:d2:17:0a g1_s0:1 -> g1_s1:2
[2026-06-30 03:58:06] MAC FLAP 66:f0:ff:2a:20:3f g1_s0:3 -> g1_s1:2
[2026-06-30 03:58:06] MAC FLAP be:b9:ef:69:de:88 g1_s0:4 -> g1_s1:2
[2026-06-30 03:58:06] MAC FLAP 02:6f:53:d2:17:0a g1_s1:2 -> g2_s0:3
[2026-06-30 03:58:06] MAC FLAP c6:82:9c:68:dd:09 g1_s1:1 -> g2_s0:3
[2026-06-30 03:58:06] MAC FLAP ba:9c:75:85:91:f8 g1_s0:2 -> g2_s0:3
[2026-06-30 03:58:06] MAC FLAP 66:f0:ff:2a:20:3f g1_s1:2 -> g2_s0:3
[2026-06-30 03:58:06] MAC FLAP be:b9:ef:69:de:88 g1_s1:2 -> g2_s0:1
[2026-06-30 03:58:06] MAC FLAP 02:6f:53:d2:17:0a g2_s0:3 -> g2_s1:2
[2026-06-30 03:58:06] MAC FLAP ba:9c:75:85:91:f8 g2_s0:3 -> g2_s1:2
[2026-06-30 03:58:06] MAC FLAP c6:82:9c:68:dd:09 g2_s0:3 -> g2_s1:2
[2026-06-30 03:58:06] MAC FLAP 66:f0:ff:2a:20:3f g2_s0:3 -> g2_s1:2
[2026-06-30 03:58:06] MAC FLAP be:b9:ef:69:de:88 g2_s0:1 -> g2_s1:2
[2026-06-30 03:58:06] Cycle Complete | Entries=14 Learned=81 Updated=729 Expired=67 Evicted=0
[2026-06-30 03:58:11] MAC FLAP 66:f0:ff:2a:20:3f g2_s1:2 -> g0_s0:1
[2026-06-30 03:58:11] MAC FLAP 02:6f:53:d2:17:0a g2_s1:2 -> g0_s0:3
[2026-06-30 03:58:11] MAC FLAP c6:82:9c:68:dd:09 g2_s1:2 -> g0_s0:3
[2026-06-30 03:58:11] MAC FLAP ba:9c:75:85:91:f8 g2_s1:2 -> g0_s0:3
[2026-06-30 03:58:11] MAC FLAP be:b9:ef:69:de:88 g2_s1:2 -> g0_s0:3
[2026-06-30 03:58:11] MAC FLAP 66:f0:ff:2a:20:3f g0_s0:1 -> g0_s1:2
[2026-06-30 03:58:11] MAC FLAP 02:6f:53:d2:17:0a g0_s0:3 -> g0_s1:2
[2026-06-30 03:58:11] MAC FLAP ba:9c:75:85:91:f8 g0_s0:3 -> g0_s1:2
[2026-06-30 03:58:11] MAC FLAP c6:82:9c:68:dd:09 g0_s0:3 -> g0_s1:2
[2026-06-30 03:58:11] MAC FLAP be:b9:ef:69:de:88 g0_s0:3 -> g0_s1:2
[2026-06-30 03:58:11] MAC FLAP 02:6f:53:d2:17:0a g0_s1:2 -> g1_s0:1
[2026-06-30 03:58:11] MAC FLAP ba:9c:75:85:91:f8 g0_s1:2 -> g1_s0:2
[2026-06-30 03:58:11] MAC FLAP c6:82:9c:68:dd:09 g0_s1:2 -> g1_s0:2
[2026-06-30 03:58:12] MAC FLAP 66:f0:ff:2a:20:3f g0_s1:2 -> g1_s0:3
[2026-06-30 03:58:12] MAC FLAP be:b9:ef:69:de:88 g0_s1:2 -> g1_s0:4
[2026-06-30 03:58:12] MAC FLAP c6:82:9c:68:dd:09 g1_s0:2 -> g1_s1:1
[2026-06-30 03:58:12] MAC FLAP 02:6f:53:d2:17:0a g1_s0:1 -> g1_s1:2
[2026-06-30 03:58:12] MAC FLAP 66:f0:ff:2a:20:3f g1_s0:3 -> g1_s1:2
[2026-06-30 03:58:12] MAC FLAP be:b9:ef:69:de:88 g1_s0:4 -> g1_s1:2
[2026-06-30 03:58:12] MAC FLAP 02:6f:53:d2:17:0a g1_s1:2 -> g2_s0:3
[2026-06-30 03:58:12] MAC FLAP c6:82:9c:68:dd:09 g1_s1:1 -> g2_s0:3
[2026-06-30 03:58:12] MAC FLAP ba:9c:75:85:91:f8 g1_s0:2 -> g2_s0:3
[2026-06-30 03:58:12] MAC FLAP 66:f0:ff:2a:20:3f g1_s1:2 -> g2_s0:3
[2026-06-30 03:58:12] MAC FLAP be:b9:ef:69:de:88 g1_s1:2 -> g2_s0:1
[2026-06-30 03:58:12] MAC FLAP 02:6f:53:d2:17:0a g2_s0:3 -> g2_s1:2
[2026-06-30 03:58:12] MAC FLAP ba:9c:75:85:91:f8 g2_s0:3 -> g2_s1:2
[2026-06-30 03:58:12] MAC FLAP c6:82:9c:68:dd:09 g2_s0:3 -> g2_s1:2
[2026-06-30 03:58:12] MAC FLAP 66:f0:ff:2a:20:3f g2_s0:3 -> g2_s1:2
[2026-06-30 03:58:12] MAC FLAP be:b9:ef:69:de:88 g2_s0:1 -> g2_s1:2
[2026-06-30 03:58:12] TTL Expired -> aa:bb:cc:dd:ee:07
[2026-06-30 03:58:12] TTL Expired -> aa:bb:cc:dd:ee:08
[2026-06-30 03:58:12] Unknown Unicast -> aa:bb:cc:dd:ee:07
[2026-06-30 03:58:12] LEARNED aa:bb:cc:dd:ee:07 -> g1_s1:3
[2026-06-30 03:58:12] Unknown Unicast -> aa:bb:cc:dd:ee:08
[2026-06-30 03:58:12] LEARNED aa:bb:cc:dd:ee:08 -> g1_s1:4
[2026-06-30 03:58:12] Cycle Complete | Entries=14 Learned=83 Updated=759 Expired=69 Evicted=0
[2026-06-30 03:58:17] MAC FLAP 66:f0:ff:2a:20:3f g2_s1:2 -> g0_s0:1
[2026-06-30 03:58:17] MAC FLAP 02:6f:53:d2:17:0a g2_s1:2 -> g0_s0:3
[2026-06-30 03:58:17] MAC FLAP c6:82:9c:68:dd:09 g2_s1:2 -> g0_s0:3
[2026-06-30 03:58:17] MAC FLAP ba:9c:75:85:91:f8 g2_s1:2 -> g0_s0:3
[2026-06-30 03:58:17] MAC FLAP be:b9:ef:69:de:88 g2_s1:2 -> g0_s0:3
[2026-06-30 03:58:17] MAC FLAP 66:f0:ff:2a:20:3f g0_s0:1 -> g0_s1:2
[2026-06-30 03:58:17] MAC FLAP 02:6f:53:d2:17:0a g0_s0:3 -> g0_s1:2
[2026-06-30 03:58:17] MAC FLAP ba:9c:75:85:91:f8 g0_s0:3 -> g0_s1:2
[2026-06-30 03:58:17] MAC FLAP c6:82:9c:68:dd:09 g0_s0:3 -> g0_s1:2
[2026-06-30 03:58:17] MAC FLAP be:b9:ef:69:de:88 g0_s0:3 -> g0_s1:2
[2026-06-30 03:58:17] MAC FLAP 02:6f:53:d2:17:0a g0_s1:2 -> g1_s0:1
[2026-06-30 03:58:17] MAC FLAP ba:9c:75:85:91:f8 g0_s1:2 -> g1_s0:2
[2026-06-30 03:58:17] MAC FLAP c6:82:9c:68:dd:09 g0_s1:2 -> g1_s0:2
[2026-06-30 03:58:17] MAC FLAP 66:f0:ff:2a:20:3f g0_s1:2 -> g1_s0:3
[2026-06-30 03:58:17] MAC FLAP be:b9:ef:69:de:88 g0_s1:2 -> g1_s0:4
[2026-06-30 03:58:17] MAC FLAP c6:82:9c:68:dd:09 g1_s0:2 -> g1_s1:1
[2026-06-30 03:58:17] MAC FLAP 02:6f:53:d2:17:0a g1_s0:1 -> g1_s1:2
[2026-06-30 03:58:17] MAC FLAP 66:f0:ff:2a:20:3f g1_s0:3 -> g1_s1:2
[2026-06-30 03:58:17] MAC FLAP be:b9:ef:69:de:88 g1_s0:4 -> g1_s1:2
[2026-06-30 03:58:17] MAC FLAP 02:6f:53:d2:17:0a g1_s1:2 -> g2_s0:3
[2026-06-30 03:58:17] MAC FLAP c6:82:9c:68:dd:09 g1_s1:1 -> g2_s0:3
[2026-06-30 03:58:17] MAC FLAP ba:9c:75:85:91:f8 g1_s0:2 -> g2_s0:3
[2026-06-30 03:58:17] MAC FLAP 66:f0:ff:2a:20:3f g1_s1:2 -> g2_s0:3
[2026-06-30 03:58:17] MAC FLAP be:b9:ef:69:de:88 g1_s1:2 -> g2_s0:1
[2026-06-30 03:58:17] MAC FLAP 02:6f:53:d2:17:0a g2_s0:3 -> g2_s1:2
[2026-06-30 03:58:17] MAC FLAP ba:9c:75:85:91:f8 g2_s0:3 -> g2_s1:2
[2026-06-30 03:58:17] MAC FLAP c6:82:9c:68:dd:09 g2_s0:3 -> g2_s1:2
[2026-06-30 03:58:17] MAC FLAP 66:f0:ff:2a:20:3f g2_s0:3 -> g2_s1:2
[2026-06-30 03:58:17] MAC FLAP be:b9:ef:69:de:88 g2_s0:1 -> g2_s1:2
[2026-06-30 03:58:17] TTL Expired -> aa:bb:cc:dd:ee:03
[2026-06-30 03:58:17] TTL Expired -> aa:bb:cc:dd:ee:04
[2026-06-30 03:58:17] TTL Expired -> 32:1e:08:42:b6:c7
[2026-06-30 03:58:17] TTL Expired -> 66:f0:ff:2a:20:3f
[2026-06-30 03:58:17] TTL Expired -> 02:6f:53:d2:17:0a
[2026-06-30 03:58:18] TTL Expired -> c6:82:9c:68:dd:09
[2026-06-30 03:58:18] TTL Expired -> ba:9c:75:85:91:f8
[2026-06-30 03:58:18] TTL Expired -> be:b9:ef:69:de:88
[2026-06-30 03:58:18] Unknown Unicast -> aa:bb:cc:dd:ee:03
[2026-06-30 03:58:18] LEARNED aa:bb:cc:dd:ee:03 -> g0_s0:3
[2026-06-30 03:58:18] Unknown Unicast -> aa:bb:cc:dd:ee:04
[2026-06-30 03:58:18] LEARNED aa:bb:cc:dd:ee:04 -> g1_s0:1
[2026-06-30 03:58:18] Cycle Complete | Entries=8 Learned=85 Updated=789 Expired=77 Evicted=0
[2026-06-30 03:58:23] LEARNED 66:f0:ff:2a:20:3f -> g0_s0:1
[2026-06-30 03:58:23] LEARNED 02:6f:53:d2:17:0a -> g0_s0:3
[2026-06-30 03:58:23] LEARNED c6:82:9c:68:dd:09 -> g0_s0:3
[2026-06-30 03:58:23] LEARNED ba:9c:75:85:91:f8 -> g0_s0:3
[2026-06-30 03:58:23] LEARNED be:b9:ef:69:de:88 -> g0_s0:3
[2026-06-30 03:58:23] LEARNED 32:1e:08:42:b6:c7 -> g0_s1:2
[2026-06-30 03:58:23] MAC FLAP 66:f0:ff:2a:20:3f g0_s0:1 -> g0_s1:2
[2026-06-30 03:58:23] MAC FLAP 02:6f:53:d2:17:0a g0_s0:3 -> g0_s1:2
[2026-06-30 03:58:23] MAC FLAP ba:9c:75:85:91:f8 g0_s0:3 -> g0_s1:2
[2026-06-30 03:58:23] MAC FLAP c6:82:9c:68:dd:09 g0_s0:3 -> g0_s1:2
[2026-06-30 03:58:23] MAC FLAP be:b9:ef:69:de:88 g0_s0:3 -> g0_s1:2
[2026-06-30 03:58:23] MAC FLAP 02:6f:53:d2:17:0a g0_s1:2 -> g1_s0:1
[2026-06-30 03:58:23] MAC FLAP ba:9c:75:85:91:f8 g0_s1:2 -> g1_s0:2
[2026-06-30 03:58:23] MAC FLAP c6:82:9c:68:dd:09 g0_s1:2 -> g1_s0:2
[2026-06-30 03:58:23] MAC FLAP 66:f0:ff:2a:20:3f g0_s1:2 -> g1_s0:3
[2026-06-30 03:58:23] MAC FLAP be:b9:ef:69:de:88 g0_s1:2 -> g1_s0:4
[2026-06-30 03:58:23] MAC FLAP c6:82:9c:68:dd:09 g1_s0:2 -> g1_s1:1
[2026-06-30 03:58:23] MAC FLAP 02:6f:53:d2:17:0a g1_s0:1 -> g1_s1:2
[2026-06-30 03:58:23] MAC FLAP 66:f0:ff:2a:20:3f g1_s0:3 -> g1_s1:2
[2026-06-30 03:58:23] MAC FLAP be:b9:ef:69:de:88 g1_s0:4 -> g1_s1:2
[2026-06-30 03:58:23] MAC FLAP 02:6f:53:d2:17:0a g1_s1:2 -> g2_s0:3
[2026-06-30 03:58:23] MAC FLAP c6:82:9c:68:dd:09 g1_s1:1 -> g2_s0:3
[2026-06-30 03:58:23] MAC FLAP ba:9c:75:85:91:f8 g1_s0:2 -> g2_s0:3
[2026-06-30 03:58:23] MAC FLAP 66:f0:ff:2a:20:3f g1_s1:2 -> g2_s0:3
[2026-06-30 03:58:23] MAC FLAP be:b9:ef:69:de:88 g1_s1:2 -> g2_s0:1
[2026-06-30 03:58:23] MAC FLAP 02:6f:53:d2:17:0a g2_s0:3 -> g2_s1:2
[2026-06-30 03:58:23] MAC FLAP ba:9c:75:85:91:f8 g2_s0:3 -> g2_s1:2
[2026-06-30 03:58:23] MAC FLAP c6:82:9c:68:dd:09 g2_s0:3 -> g2_s1:2
[2026-06-30 03:58:23] MAC FLAP 66:f0:ff:2a:20:3f g2_s0:3 -> g2_s1:2
[2026-06-30 03:58:23] MAC FLAP be:b9:ef:69:de:88 g2_s0:1 -> g2_s1:2
[2026-06-30 03:58:23] TTL Expired -> aa:bb:cc:dd:ee:01
[2026-06-30 03:58:23] TTL Expired -> aa:bb:cc:dd:ee:02
[2026-06-30 03:58:23] Unknown Unicast -> aa:bb:cc:dd:ee:01
[2026-06-30 03:58:23] LEARNED aa:bb:cc:dd:ee:01 -> g0_s0:1
[2026-06-30 03:58:23] Unknown Unicast -> aa:bb:cc:dd:ee:02
[2026-06-30 03:58:23] LEARNED aa:bb:cc:dd:ee:02 -> g0_s1:2
[2026-06-30 03:58:23] Cycle Complete | Entries=14 Learned=93 Updated=813 Expired=79 Evicted=0
[2026-06-30 03:58:28] MAC FLAP 66:f0:ff:2a:20:3f g2_s1:2 -> g0_s0:1
[2026-06-30 03:58:28] MAC FLAP 02:6f:53:d2:17:0a g2_s1:2 -> g0_s0:3
[2026-06-30 03:58:28] MAC FLAP c6:82:9c:68:dd:09 g2_s1:2 -> g0_s0:3
[2026-06-30 03:58:28] MAC FLAP ba:9c:75:85:91:f8 g2_s1:2 -> g0_s0:3
[2026-06-30 03:58:28] MAC FLAP be:b9:ef:69:de:88 g2_s1:2 -> g0_s0:3
[2026-06-30 03:58:28] MAC FLAP 66:f0:ff:2a:20:3f g0_s0:1 -> g0_s1:2
[2026-06-30 03:58:28] MAC FLAP 02:6f:53:d2:17:0a g0_s0:3 -> g0_s1:2
[2026-06-30 03:58:28] MAC FLAP ba:9c:75:85:91:f8 g0_s0:3 -> g0_s1:2
[2026-06-30 03:58:28] MAC FLAP c6:82:9c:68:dd:09 g0_s0:3 -> g0_s1:2
[2026-06-30 03:58:29] MAC FLAP be:b9:ef:69:de:88 g0_s0:3 -> g0_s1:2
[2026-06-30 03:58:29] MAC FLAP 02:6f:53:d2:17:0a g0_s1:2 -> g1_s0:1
[2026-06-30 03:58:29] MAC FLAP ba:9c:75:85:91:f8 g0_s1:2 -> g1_s0:2
[2026-06-30 03:58:29] MAC FLAP c6:82:9c:68:dd:09 g0_s1:2 -> g1_s0:2
[2026-06-30 03:58:29] MAC FLAP 66:f0:ff:2a:20:3f g0_s1:2 -> g1_s0:3
[2026-06-30 03:58:29] MAC FLAP be:b9:ef:69:de:88 g0_s1:2 -> g1_s0:4
[2026-06-30 03:58:29] MAC FLAP c6:82:9c:68:dd:09 g1_s0:2 -> g1_s1:1
[2026-06-30 03:58:29] MAC FLAP 02:6f:53:d2:17:0a g1_s0:1 -> g1_s1:2
[2026-06-30 03:58:29] MAC FLAP 66:f0:ff:2a:20:3f g1_s0:3 -> g1_s1:2
[2026-06-30 03:58:29] MAC FLAP be:b9:ef:69:de:88 g1_s0:4 -> g1_s1:2
[2026-06-30 03:58:29] MAC FLAP 02:6f:53:d2:17:0a g1_s1:2 -> g2_s0:3
[2026-06-30 03:58:29] MAC FLAP c6:82:9c:68:dd:09 g1_s1:1 -> g2_s0:3
[2026-06-30 03:58:29] MAC FLAP ba:9c:75:85:91:f8 g1_s0:2 -> g2_s0:3
[2026-06-30 03:58:29] MAC FLAP 66:f0:ff:2a:20:3f g1_s1:2 -> g2_s0:3
[2026-06-30 03:58:29] MAC FLAP be:b9:ef:69:de:88 g1_s1:2 -> g2_s0:1
[2026-06-30 03:58:29] MAC FLAP 02:6f:53:d2:17:0a g2_s0:3 -> g2_s1:2
[2026-06-30 03:58:29] MAC FLAP ba:9c:75:85:91:f8 g2_s0:3 -> g2_s1:2
[2026-06-30 03:58:29] MAC FLAP c6:82:9c:68:dd:09 g2_s0:3 -> g2_s1:2
[2026-06-30 03:58:29] MAC FLAP 66:f0:ff:2a:20:3f g2_s0:3 -> g2_s1:2
[2026-06-30 03:58:29] MAC FLAP be:b9:ef:69:de:88 g2_s0:1 -> g2_s1:2
[2026-06-30 03:58:29] Cycle Complete | Entries=14 Learned=93 Updated=843 Expired=79 Evicted=0
[2026-06-30 03:58:34] MAC FLAP 66:f0:ff:2a:20:3f g2_s1:2 -> g0_s0:1
[2026-06-30 03:58:34] MAC FLAP 02:6f:53:d2:17:0a g2_s1:2 -> g0_s0:3
[2026-06-30 03:58:34] MAC FLAP c6:82:9c:68:dd:09 g2_s1:2 -> g0_s0:3
[2026-06-30 03:58:34] MAC FLAP ba:9c:75:85:91:f8 g2_s1:2 -> g0_s0:3
[2026-06-30 03:58:34] MAC FLAP be:b9:ef:69:de:88 g2_s1:2 -> g0_s0:3
[2026-06-30 03:58:34] MAC FLAP 66:f0:ff:2a:20:3f g0_s0:1 -> g0_s1:2
[2026-06-30 03:58:34] MAC FLAP 02:6f:53:d2:17:0a g0_s0:3 -> g0_s1:2
[2026-06-30 03:58:34] MAC FLAP ba:9c:75:85:91:f8 g0_s0:3 -> g0_s1:2
[2026-06-30 03:58:34] MAC FLAP c6:82:9c:68:dd:09 g0_s0:3 -> g0_s1:2
[2026-06-30 03:58:34] MAC FLAP be:b9:ef:69:de:88 g0_s0:3 -> g0_s1:2
[2026-06-30 03:58:34] MAC FLAP 02:6f:53:d2:17:0a g0_s1:2 -> g1_s0:1
[2026-06-30 03:58:34] MAC FLAP ba:9c:75:85:91:f8 g0_s1:2 -> g1_s0:2
[2026-06-30 03:58:34] MAC FLAP c6:82:9c:68:dd:09 g0_s1:2 -> g1_s0:2
[2026-06-30 03:58:34] MAC FLAP 66:f0:ff:2a:20:3f g0_s1:2 -> g1_s0:3
[2026-06-30 03:58:34] MAC FLAP be:b9:ef:69:de:88 g0_s1:2 -> g1_s0:4
[2026-06-30 03:58:34] MAC FLAP c6:82:9c:68:dd:09 g1_s0:2 -> g1_s1:1
[2026-06-30 03:58:34] MAC FLAP 02:6f:53:d2:17:0a g1_s0:1 -> g1_s1:2
[2026-06-30 03:58:34] MAC FLAP 66:f0:ff:2a:20:3f g1_s0:3 -> g1_s1:2
[2026-06-30 03:58:34] MAC FLAP be:b9:ef:69:de:88 g1_s0:4 -> g1_s1:2
[2026-06-30 03:58:34] MAC FLAP 02:6f:53:d2:17:0a g1_s1:2 -> g2_s0:3
[2026-06-30 03:58:34] MAC FLAP c6:82:9c:68:dd:09 g1_s1:1 -> g2_s0:3
[2026-06-30 03:58:34] MAC FLAP ba:9c:75:85:91:f8 g1_s0:2 -> g2_s0:3
[2026-06-30 03:58:34] MAC FLAP 66:f0:ff:2a:20:3f g1_s1:2 -> g2_s0:3
[2026-06-30 03:58:34] MAC FLAP be:b9:ef:69:de:88 g1_s1:2 -> g2_s0:1
[2026-06-30 03:58:34] MAC FLAP 02:6f:53:d2:17:0a g2_s0:3 -> g2_s1:2
[2026-06-30 03:58:35] MAC FLAP ba:9c:75:85:91:f8 g2_s0:3 -> g2_s1:2
[2026-06-30 03:58:35] MAC FLAP c6:82:9c:68:dd:09 g2_s0:3 -> g2_s1:2
[2026-06-30 03:58:35] MAC FLAP 66:f0:ff:2a:20:3f g2_s0:3 -> g2_s1:2
[2026-06-30 03:58:35] MAC FLAP be:b9:ef:69:de:88 g2_s0:1 -> g2_s1:2
[2026-06-30 03:58:35] TTL Expired -> 66:f0:ff:2a:20:3f
[2026-06-30 03:58:35] TTL Expired -> 02:6f:53:d2:17:0a
[2026-06-30 03:58:35] TTL Expired -> c6:82:9c:68:dd:09
[2026-06-30 03:58:35] TTL Expired -> ba:9c:75:85:91:f8
[2026-06-30 03:58:35] TTL Expired -> be:b9:ef:69:de:88
[2026-06-30 03:58:35] Cycle Complete | Entries=9 Learned=93 Updated=873 Expired=84 Evicted=0
[2026-06-30 03:58:40] LEARNED 66:f0:ff:2a:20:3f -> g0_s0:1
[2026-06-30 03:58:40] LEARNED 02:6f:53:d2:17:0a -> g0_s0:3
[2026-06-30 03:58:40] LEARNED c6:82:9c:68:dd:09 -> g0_s0:3
[2026-06-30 03:58:40] LEARNED ba:9c:75:85:91:f8 -> g0_s0:3
[2026-06-30 03:58:40] LEARNED be:b9:ef:69:de:88 -> g0_s0:3
[2026-06-30 03:58:40] MAC FLAP 66:f0:ff:2a:20:3f g0_s0:1 -> g0_s1:2
[2026-06-30 03:58:40] MAC FLAP 02:6f:53:d2:17:0a g0_s0:3 -> g0_s1:2
[2026-06-30 03:58:40] MAC FLAP ba:9c:75:85:91:f8 g0_s0:3 -> g0_s1:2
[2026-06-30 03:58:40] MAC FLAP c6:82:9c:68:dd:09 g0_s0:3 -> g0_s1:2
[2026-06-30 03:58:40] MAC FLAP be:b9:ef:69:de:88 g0_s0:3 -> g0_s1:2
[2026-06-30 03:58:40] MAC FLAP 02:6f:53:d2:17:0a g0_s1:2 -> g1_s0:1
[2026-06-30 03:58:40] MAC FLAP ba:9c:75:85:91:f8 g0_s1:2 -> g1_s0:2
[2026-06-30 03:58:40] MAC FLAP c6:82:9c:68:dd:09 g0_s1:2 -> g1_s0:2
[2026-06-30 03:58:40] MAC FLAP 66:f0:ff:2a:20:3f g0_s1:2 -> g1_s0:3
[2026-06-30 03:58:40] MAC FLAP be:b9:ef:69:de:88 g0_s1:2 -> g1_s0:4
[2026-06-30 03:58:40] MAC FLAP c6:82:9c:68:dd:09 g1_s0:2 -> g1_s1:1
[2026-06-30 03:58:40] MAC FLAP 02:6f:53:d2:17:0a g1_s0:1 -> g1_s1:2
[2026-06-30 03:58:40] MAC FLAP 66:f0:ff:2a:20:3f g1_s0:3 -> g1_s1:2
[2026-06-30 03:58:40] MAC FLAP be:b9:ef:69:de:88 g1_s0:4 -> g1_s1:2
[2026-06-30 03:58:40] MAC FLAP 02:6f:53:d2:17:0a g1_s1:2 -> g2_s0:3
[2026-06-30 03:58:40] MAC FLAP c6:82:9c:68:dd:09 g1_s1:1 -> g2_s0:3
[2026-06-30 03:58:40] MAC FLAP ba:9c:75:85:91:f8 g1_s0:2 -> g2_s0:3
[2026-06-30 03:58:40] MAC FLAP 66:f0:ff:2a:20:3f g1_s1:2 -> g2_s0:3
[2026-06-30 03:58:40] MAC FLAP be:b9:ef:69:de:88 g1_s1:2 -> g2_s0:1
[2026-06-30 03:58:40] MAC FLAP 02:6f:53:d2:17:0a g2_s0:3 -> g2_s1:2
[2026-06-30 03:58:40] MAC FLAP ba:9c:75:85:91:f8 g2_s0:3 -> g2_s1:2
[2026-06-30 03:58:40] MAC FLAP c6:82:9c:68:dd:09 g2_s0:3 -> g2_s1:2
[2026-06-30 03:58:40] MAC FLAP 66:f0:ff:2a:20:3f g2_s0:3 -> g2_s1:2
[2026-06-30 03:58:40] MAC FLAP be:b9:ef:69:de:88 g2_s0:1 -> g2_s1:2
[2026-06-30 03:58:40] TTL Expired -> aa:bb:cc:dd:ee:05
[2026-06-30 03:58:40] TTL Expired -> aa:bb:cc:dd:ee:06
[2026-06-30 03:58:40] TTL Expired -> 32:1e:08:42:b6:c7
[2026-06-30 03:58:40] Unknown Unicast -> aa:bb:cc:dd:ee:05
[2026-06-30 03:58:40] LEARNED aa:bb:cc:dd:ee:05 -> g0_s1:4
[2026-06-30 03:58:40] Unknown Unicast -> aa:bb:cc:dd:ee:06
[2026-06-30 03:58:40] LEARNED aa:bb:cc:dd:ee:06 -> g1_s0:2
[2026-06-30 03:58:40] Cycle Complete | Entries=13 Learned=100 Updated=898 Expired=87 Evicted=0
[2026-06-30 03:58:46] MAC FLAP 66:f0:ff:2a:20:3f g2_s1:2 -> g0_s0:1
[2026-06-30 03:58:46] MAC FLAP 02:6f:53:d2:17:0a g2_s1:2 -> g0_s0:3
[2026-06-30 03:58:46] MAC FLAP c6:82:9c:68:dd:09 g2_s1:2 -> g0_s0:3
[2026-06-30 03:58:46] MAC FLAP ba:9c:75:85:91:f8 g2_s1:2 -> g0_s0:3
[2026-06-30 03:58:46] MAC FLAP be:b9:ef:69:de:88 g2_s1:2 -> g0_s0:3
[2026-06-30 03:58:46] LEARNED 32:1e:08:42:b6:c7 -> g0_s1:2
[2026-06-30 03:58:46] MAC FLAP 66:f0:ff:2a:20:3f g0_s0:1 -> g0_s1:2
[2026-06-30 03:58:46] MAC FLAP 02:6f:53:d2:17:0a g0_s0:3 -> g0_s1:2
[2026-06-30 03:58:46] MAC FLAP ba:9c:75:85:91:f8 g0_s0:3 -> g0_s1:2
[2026-06-30 03:58:46] MAC FLAP c6:82:9c:68:dd:09 g0_s0:3 -> g0_s1:2
[2026-06-30 03:58:46] MAC FLAP be:b9:ef:69:de:88 g0_s0:3 -> g0_s1:2
[2026-06-30 03:58:46] MAC FLAP 02:6f:53:d2:17:0a g0_s1:2 -> g1_s0:1
[2026-06-30 03:58:46] MAC FLAP ba:9c:75:85:91:f8 g0_s1:2 -> g1_s0:2
[2026-06-30 03:58:46] MAC FLAP c6:82:9c:68:dd:09 g0_s1:2 -> g1_s0:2
[2026-06-30 03:58:46] MAC FLAP 66:f0:ff:2a:20:3f g0_s1:2 -> g1_s0:3
[2026-06-30 03:58:46] MAC FLAP be:b9:ef:69:de:88 g0_s1:2 -> g1_s0:4
[2026-06-30 03:58:46] MAC FLAP c6:82:9c:68:dd:09 g1_s0:2 -> g1_s1:1
[2026-06-30 03:58:46] MAC FLAP 02:6f:53:d2:17:0a g1_s0:1 -> g1_s1:2
[2026-06-30 03:58:46] MAC FLAP 66:f0:ff:2a:20:3f g1_s0:3 -> g1_s1:2
[2026-06-30 03:58:46] MAC FLAP be:b9:ef:69:de:88 g1_s0:4 -> g1_s1:2
[2026-06-30 03:58:46] MAC FLAP 02:6f:53:d2:17:0a g1_s1:2 -> g2_s0:3
[2026-06-30 03:58:46] MAC FLAP c6:82:9c:68:dd:09 g1_s1:1 -> g2_s0:3
[2026-06-30 03:58:46] MAC FLAP ba:9c:75:85:91:f8 g1_s0:2 -> g2_s0:3
[2026-06-30 03:58:46] MAC FLAP 66:f0:ff:2a:20:3f g1_s1:2 -> g2_s0:3
[2026-06-30 03:58:46] MAC FLAP be:b9:ef:69:de:88 g1_s1:2 -> g2_s0:1
[2026-06-30 03:58:46] MAC FLAP 02:6f:53:d2:17:0a g2_s0:3 -> g2_s1:2
[2026-06-30 03:58:46] MAC FLAP ba:9c:75:85:91:f8 g2_s0:3 -> g2_s1:2
[2026-06-30 03:58:46] MAC FLAP c6:82:9c:68:dd:09 g2_s0:3 -> g2_s1:2
[2026-06-30 03:58:46] MAC FLAP 66:f0:ff:2a:20:3f g2_s0:3 -> g2_s1:2
[2026-06-30 03:58:46] MAC FLAP be:b9:ef:69:de:88 g2_s0:1 -> g2_s1:2
[2026-06-30 03:58:46] Cycle Complete | Entries=14 Learned=101 Updated=927 Expired=87 Evicted=0
[2026-06-30 03:58:51] MAC FLAP 66:f0:ff:2a:20:3f g2_s1:2 -> g0_s0:1
[2026-06-30 03:58:51] MAC FLAP 02:6f:53:d2:17:0a g2_s1:2 -> g0_s0:3
[2026-06-30 03:58:51] MAC FLAP c6:82:9c:68:dd:09 g2_s1:2 -> g0_s0:3
[2026-06-30 03:58:51] MAC FLAP ba:9c:75:85:91:f8 g2_s1:2 -> g0_s0:3
[2026-06-30 03:58:51] MAC FLAP be:b9:ef:69:de:88 g2_s1:2 -> g0_s0:3
[2026-06-30 03:58:51] MAC FLAP 66:f0:ff:2a:20:3f g0_s0:1 -> g0_s1:2
[2026-06-30 03:58:51] MAC FLAP 02:6f:53:d2:17:0a g0_s0:3 -> g0_s1:2
[2026-06-30 03:58:51] MAC FLAP ba:9c:75:85:91:f8 g0_s0:3 -> g0_s1:2
[2026-06-30 03:58:51] MAC FLAP c6:82:9c:68:dd:09 g0_s0:3 -> g0_s1:2
[2026-06-30 03:58:51] MAC FLAP be:b9:ef:69:de:88 g0_s0:3 -> g0_s1:2
[2026-06-30 03:58:51] MAC FLAP 02:6f:53:d2:17:0a g0_s1:2 -> g1_s0:1
[2026-06-30 03:58:51] MAC FLAP ba:9c:75:85:91:f8 g0_s1:2 -> g1_s0:2
[2026-06-30 03:58:51] MAC FLAP c6:82:9c:68:dd:09 g0_s1:2 -> g1_s0:2
[2026-06-30 03:58:51] MAC FLAP 66:f0:ff:2a:20:3f g0_s1:2 -> g1_s0:3
[2026-06-30 03:58:51] MAC FLAP be:b9:ef:69:de:88 g0_s1:2 -> g1_s0:4
[2026-06-30 03:58:51] MAC FLAP c6:82:9c:68:dd:09 g1_s0:2 -> g1_s1:1
[2026-06-30 03:58:51] MAC FLAP 02:6f:53:d2:17:0a g1_s0:1 -> g1_s1:2
[2026-06-30 03:58:51] MAC FLAP 66:f0:ff:2a:20:3f g1_s0:3 -> g1_s1:2
[2026-06-30 03:58:51] MAC FLAP be:b9:ef:69:de:88 g1_s0:4 -> g1_s1:2
[2026-06-30 03:58:51] MAC FLAP 02:6f:53:d2:17:0a g1_s1:2 -> g2_s0:3
[2026-06-30 03:58:51] MAC FLAP c6:82:9c:68:dd:09 g1_s1:1 -> g2_s0:3
[2026-06-30 03:58:51] MAC FLAP ba:9c:75:85:91:f8 g1_s0:2 -> g2_s0:3
[2026-06-30 03:58:51] MAC FLAP 66:f0:ff:2a:20:3f g1_s1:2 -> g2_s0:3
[2026-06-30 03:58:51] MAC FLAP be:b9:ef:69:de:88 g1_s1:2 -> g2_s0:1
[2026-06-30 03:58:51] MAC FLAP 02:6f:53:d2:17:0a g2_s0:3 -> g2_s1:2
[2026-06-30 03:58:51] MAC FLAP ba:9c:75:85:91:f8 g2_s0:3 -> g2_s1:2
[2026-06-30 03:58:51] MAC FLAP c6:82:9c:68:dd:09 g2_s0:3 -> g2_s1:2
[2026-06-30 03:58:51] MAC FLAP 66:f0:ff:2a:20:3f g2_s0:3 -> g2_s1:2
[2026-06-30 03:58:51] MAC FLAP be:b9:ef:69:de:88 g2_s0:1 -> g2_s1:2
[2026-06-30 03:58:52] TTL Expired -> 66:f0:ff:2a:20:3f
[2026-06-30 03:58:52] TTL Expired -> 02:6f:53:d2:17:0a
[2026-06-30 03:58:52] TTL Expired -> c6:82:9c:68:dd:09
[2026-06-30 03:58:52] TTL Expired -> ba:9c:75:85:91:f8
[2026-06-30 03:58:52] TTL Expired -> be:b9:ef:69:de:88
[2026-06-30 03:58:52] Cycle Complete | Entries=9 Learned=101 Updated=957 Expired=92 Evicted=0
[2026-06-30 03:58:57] LEARNED be:b9:ef:69:de:88 -> g0_s0:3
[2026-06-30 03:58:57] MAC FLAP be:b9:ef:69:de:88 g0_s0:3 -> g0_s1:2
[2026-06-30 03:58:57] MAC FLAP be:b9:ef:69:de:88 g0_s1:2 -> g1_s0:4
[2026-06-30 03:58:57] MAC FLAP be:b9:ef:69:de:88 g1_s0:4 -> g1_s1:2
[2026-06-30 03:58:57] MAC FLAP be:b9:ef:69:de:88 g1_s1:2 -> g2_s0:1
[2026-06-30 03:58:57] MAC FLAP be:b9:ef:69:de:88 g2_s0:1 -> g2_s1:2
[2026-06-30 03:58:57] TTL Expired -> aa:bb:cc:dd:ee:01
[2026-06-30 03:58:57] TTL Expired -> aa:bb:cc:dd:ee:02
[2026-06-30 03:58:57] Unknown Unicast -> aa:bb:cc:dd:ee:01
[2026-06-30 03:58:57] LEARNED aa:bb:cc:dd:ee:01 -> g0_s0:1
[2026-06-30 03:58:57] Unknown Unicast -> aa:bb:cc:dd:ee:02
[2026-06-30 03:58:57] LEARNED aa:bb:cc:dd:ee:02 -> g0_s1:2
[2026-06-30 03:58:57] Cycle Complete | Entries=10 Learned=104 Updated=962 Expired=94 Evicted=0
[2026-06-30 03:59:02] MAC FLAP be:b9:ef:69:de:88 g2_s1:2 -> g0_s0:3
[2026-06-30 03:59:02] MAC FLAP be:b9:ef:69:de:88 g0_s0:3 -> g0_s1:2
[2026-06-30 03:59:02] MAC FLAP be:b9:ef:69:de:88 g0_s1:2 -> g1_s0:4
[2026-06-30 03:59:02] MAC FLAP be:b9:ef:69:de:88 g1_s0:4 -> g1_s1:2
[2026-06-30 03:59:02] MAC FLAP be:b9:ef:69:de:88 g1_s1:2 -> g2_s0:1
[2026-06-30 03:59:02] MAC FLAP be:b9:ef:69:de:88 g2_s0:1 -> g2_s1:2
[2026-06-30 03:59:02] TTL Expired -> aa:bb:cc:dd:ee:03
[2026-06-30 03:59:02] TTL Expired -> aa:bb:cc:dd:ee:04
[2026-06-30 03:59:02] TTL Expired -> 32:1e:08:42:b6:c7
[2026-06-30 03:59:02] Unknown Unicast -> aa:bb:cc:dd:ee:03
[2026-06-30 03:59:02] LEARNED aa:bb:cc:dd:ee:03 -> g0_s0:3
[2026-06-30 03:59:02] Unknown Unicast -> aa:bb:cc:dd:ee:04
[2026-06-30 03:59:02] LEARNED aa:bb:cc:dd:ee:04 -> g1_s0:1
[2026-06-30 03:59:02] Cycle Complete | Entries=9 Learned=106 Updated=968 Expired=97 Evicted=0
[2026-06-30 03:59:07] MAC FLAP be:b9:ef:69:de:88 g2_s1:2 -> g0_s0:3
[2026-06-30 03:59:07] MAC FLAP be:b9:ef:69:de:88 g0_s0:3 -> g0_s1:2
[2026-06-30 03:59:07] MAC FLAP be:b9:ef:69:de:88 g0_s1:2 -> g1_s0:4
[2026-06-30 03:59:07] MAC FLAP be:b9:ef:69:de:88 g1_s0:4 -> g1_s1:2
[2026-06-30 03:59:07] MAC FLAP be:b9:ef:69:de:88 g1_s1:2 -> g2_s0:1
[2026-06-30 03:59:07] MAC FLAP be:b9:ef:69:de:88 g2_s0:1 -> g2_s1:2
[2026-06-30 03:59:07] TTL Expired -> be:b9:ef:69:de:88
[2026-06-30 03:59:07] Cycle Complete | Entries=8 Learned=106 Updated=974 Expired=98 Evicted=0
[2026-06-30 03:59:12] LEARNED be:b9:ef:69:de:88 -> g0_s0:3
[2026-06-30 03:59:12] MAC FLAP be:b9:ef:69:de:88 g0_s0:3 -> g0_s1:2
[2026-06-30 03:59:13] MAC FLAP be:b9:ef:69:de:88 g0_s1:2 -> g1_s0:4
[2026-06-30 03:59:13] MAC FLAP be:b9:ef:69:de:88 g1_s0:4 -> g1_s1:2
[2026-06-30 03:59:13] MAC FLAP be:b9:ef:69:de:88 g1_s1:2 -> g2_s0:1
[2026-06-30 03:59:13] MAC FLAP be:b9:ef:69:de:88 g2_s0:1 -> g2_s1:2
[2026-06-30 03:59:13] TTL Expired -> aa:bb:cc:dd:ee:07
[2026-06-30 03:59:13] TTL Expired -> aa:bb:cc:dd:ee:08
[2026-06-30 03:59:13] Unknown Unicast -> aa:bb:cc:dd:ee:07
[2026-06-30 03:59:13] LEARNED aa:bb:cc:dd:ee:07 -> g1_s1:3
[2026-06-30 03:59:13] Unknown Unicast -> aa:bb:cc:dd:ee:08
[2026-06-30 03:59:13] LEARNED aa:bb:cc:dd:ee:08 -> g1_s1:4
[2026-06-30 03:59:13] Cycle Complete | Entries=9 Learned=109 Updated=979 Expired=100 Evicted=0
[2026-06-30 03:59:18] MAC FLAP be:b9:ef:69:de:88 g2_s1:2 -> g0_s0:3
[2026-06-30 03:59:18] MAC FLAP be:b9:ef:69:de:88 g0_s0:3 -> g0_s1:2
[2026-06-30 03:59:18] MAC FLAP be:b9:ef:69:de:88 g0_s1:2 -> g1_s0:4
[2026-06-30 03:59:18] MAC FLAP be:b9:ef:69:de:88 g1_s0:4 -> g1_s1:2
[2026-06-30 03:59:18] MAC FLAP be:b9:ef:69:de:88 g1_s1:2 -> g2_s0:1
[2026-06-30 03:59:18] MAC FLAP be:b9:ef:69:de:88 g2_s0:1 -> g2_s1:2
[2026-06-30 03:59:18] Cycle Complete | Entries=9 Learned=109 Updated=985 Expired=100 Evicted=0
[2026-06-30 03:59:23] MAC FLAP be:b9:ef:69:de:88 g2_s1:2 -> g0_s0:3
[2026-06-30 03:59:23] MAC FLAP be:b9:ef:69:de:88 g0_s0:3 -> g0_s1:2
[2026-06-30 03:59:23] MAC FLAP be:b9:ef:69:de:88 g0_s1:2 -> g1_s0:4
[2026-06-30 03:59:23] MAC FLAP be:b9:ef:69:de:88 g1_s0:4 -> g1_s1:2
[2026-06-30 03:59:23] MAC FLAP be:b9:ef:69:de:88 g1_s1:2 -> g2_s0:1
[2026-06-30 03:59:23] MAC FLAP be:b9:ef:69:de:88 g2_s0:1 -> g2_s1:2
[2026-06-30 03:59:23] TTL Expired -> be:b9:ef:69:de:88
[2026-06-30 03:59:23] Cycle Complete | Entries=8 Learned=109 Updated=991 Expired=101 Evicted=0
[2026-06-30 03:59:28] LEARNED be:b9:ef:69:de:88 -> g0_s0:3
[2026-06-30 03:59:28] MAC FLAP be:b9:ef:69:de:88 g0_s0:3 -> g0_s1:2
[2026-06-30 03:59:28] MAC FLAP be:b9:ef:69:de:88 g0_s1:2 -> g1_s0:4
[2026-06-30 03:59:28] MAC FLAP be:b9:ef:69:de:88 g1_s0:4 -> g1_s1:2
[2026-06-30 03:59:28] MAC FLAP be:b9:ef:69:de:88 g1_s1:2 -> g2_s0:1
[2026-06-30 03:59:28] MAC FLAP be:b9:ef:69:de:88 g2_s0:1 -> g2_s1:2
[2026-06-30 03:59:28] TTL Expired -> aa:bb:cc:dd:ee:01
[2026-06-30 03:59:28] TTL Expired -> aa:bb:cc:dd:ee:02
[2026-06-30 03:59:28] Unknown Unicast -> aa:bb:cc:dd:ee:01
[2026-06-30 03:59:28] LEARNED aa:bb:cc:dd:ee:01 -> g0_s0:1
[2026-06-30 03:59:28] Unknown Unicast -> aa:bb:cc:dd:ee:02
[2026-06-30 03:59:28] LEARNED aa:bb:cc:dd:ee:02 -> g0_s1:2
[2026-06-30 03:59:28] Cycle Complete | Entries=9 Learned=112 Updated=996 Expired=103 Evicted=0
[2026-06-30 03:59:33] MAC FLAP be:b9:ef:69:de:88 g2_s1:2 -> g0_s0:3
[2026-06-30 03:59:33] MAC FLAP be:b9:ef:69:de:88 g0_s0:3 -> g0_s1:2
[2026-06-30 03:59:33] MAC FLAP be:b9:ef:69:de:88 g0_s1:2 -> g1_s0:4
[2026-06-30 03:59:34] MAC FLAP be:b9:ef:69:de:88 g1_s0:4 -> g1_s1:2
[2026-06-30 03:59:34] MAC FLAP be:b9:ef:69:de:88 g1_s1:2 -> g2_s0:1
[2026-06-30 03:59:34] MAC FLAP be:b9:ef:69:de:88 g2_s0:1 -> g2_s1:2
[2026-06-30 03:59:34] TTL Expired -> aa:bb:cc:dd:ee:05
[2026-06-30 03:59:34] TTL Expired -> aa:bb:cc:dd:ee:06
[2026-06-30 03:59:34] Unknown Unicast -> aa:bb:cc:dd:ee:05
[2026-06-30 03:59:34] LEARNED aa:bb:cc:dd:ee:05 -> g0_s1:4
[2026-06-30 03:59:34] Unknown Unicast -> aa:bb:cc:dd:ee:06
[2026-06-30 03:59:34] LEARNED aa:bb:cc:dd:ee:06 -> g1_s0:2
[2026-06-30 03:59:34] Cycle Complete | Entries=9 Learned=114 Updated=1002 Expired=105 Evicted=0
[2026-06-30 03:59:39] MAC FLAP be:b9:ef:69:de:88 g2_s1:2 -> g0_s0:3
[2026-06-30 03:59:39] MAC FLAP be:b9:ef:69:de:88 g0_s0:3 -> g0_s1:2
[2026-06-30 03:59:39] MAC FLAP be:b9:ef:69:de:88 g0_s1:2 -> g1_s0:4
[2026-06-30 03:59:39] MAC FLAP be:b9:ef:69:de:88 g1_s0:4 -> g1_s1:2
[2026-06-30 03:59:39] MAC FLAP be:b9:ef:69:de:88 g1_s1:2 -> g2_s0:1
[2026-06-30 03:59:39] MAC FLAP be:b9:ef:69:de:88 g2_s0:1 -> g2_s1:2
[2026-06-30 03:59:39] TTL Expired -> be:b9:ef:69:de:88
[2026-06-30 03:59:39] Cycle Complete | Entries=8 Learned=114 Updated=1008 Expired=106 Evicted=0
[2026-06-30 03:59:44] LEARNED be:b9:ef:69:de:88 -> g0_s0:3
[2026-06-30 03:59:44] MAC FLAP be:b9:ef:69:de:88 g0_s0:3 -> g0_s1:2
[2026-06-30 03:59:44] MAC FLAP be:b9:ef:69:de:88 g0_s1:2 -> g1_s0:4
[2026-06-30 03:59:44] MAC FLAP be:b9:ef:69:de:88 g1_s0:4 -> g1_s1:2
[2026-06-30 03:59:44] MAC FLAP be:b9:ef:69:de:88 g1_s1:2 -> g2_s0:1
[2026-06-30 03:59:44] MAC FLAP be:b9:ef:69:de:88 g2_s0:1 -> g2_s1:2
[2026-06-30 03:59:44] TTL Expired -> aa:bb:cc:dd:ee:03
[2026-06-30 03:59:44] TTL Expired -> aa:bb:cc:dd:ee:04
[2026-06-30 03:59:44] Unknown Unicast -> aa:bb:cc:dd:ee:03
[2026-06-30 03:59:44] LEARNED aa:bb:cc:dd:ee:03 -> g0_s0:3
[2026-06-30 03:59:44] Unknown Unicast -> aa:bb:cc:dd:ee:04
[2026-06-30 03:59:44] LEARNED aa:bb:cc:dd:ee:04 -> g1_s0:1
[2026-06-30 03:59:44] Cycle Complete | Entries=9 Learned=117 Updated=1013 Expired=108 Evicted=0
[2026-06-30 03:59:49] MAC FLAP be:b9:ef:69:de:88 g2_s1:2 -> g0_s0:3
[2026-06-30 03:59:49] MAC FLAP be:b9:ef:69:de:88 g0_s0:3 -> g0_s1:2
[2026-06-30 03:59:49] MAC FLAP be:b9:ef:69:de:88 g0_s1:2 -> g1_s0:4
[2026-06-30 03:59:49] MAC FLAP be:b9:ef:69:de:88 g1_s0:4 -> g1_s1:2
[2026-06-30 03:59:49] MAC FLAP be:b9:ef:69:de:88 g1_s1:2 -> g2_s0:1
[2026-06-30 03:59:49] MAC FLAP be:b9:ef:69:de:88 g2_s0:1 -> g2_s1:2
[2026-06-30 03:59:49] Cycle Complete | Entries=9 Learned=117 Updated=1019 Expired=108 Evicted=0
[2026-06-30 03:59:54] MAC FLAP be:b9:ef:69:de:88 g2_s1:2 -> g0_s0:3
[2026-06-30 03:59:54] MAC FLAP be:b9:ef:69:de:88 g0_s0:3 -> g0_s1:2
[2026-06-30 03:59:54] MAC FLAP be:b9:ef:69:de:88 g0_s1:2 -> g1_s0:4
[2026-06-30 03:59:54] MAC FLAP be:b9:ef:69:de:88 g1_s0:4 -> g1_s1:2
[2026-06-30 03:59:54] MAC FLAP be:b9:ef:69:de:88 g1_s1:2 -> g2_s0:1
[2026-06-30 03:59:54] MAC FLAP be:b9:ef:69:de:88 g2_s0:1 -> g2_s1:2
[2026-06-30 03:59:55] TTL Expired -> be:b9:ef:69:de:88
[2026-06-30 03:59:55] Cycle Complete | Entries=8 Learned=117 Updated=1025 Expired=109 Evicted=0
[2026-06-30 04:00:00] LEARNED be:b9:ef:69:de:88 -> g0_s0:3
[2026-06-30 04:00:00] MAC FLAP be:b9:ef:69:de:88 g0_s0:3 -> g0_s1:2
[2026-06-30 04:00:00] MAC FLAP be:b9:ef:69:de:88 g0_s1:2 -> g1_s0:4
[2026-06-30 04:00:00] MAC FLAP be:b9:ef:69:de:88 g1_s0:4 -> g1_s1:2
[2026-06-30 04:00:00] MAC FLAP be:b9:ef:69:de:88 g1_s1:2 -> g2_s0:1
[2026-06-30 04:00:00] MAC FLAP be:b9:ef:69:de:88 g2_s0:1 -> g2_s1:2
[2026-06-30 04:00:00] TTL Expired -> aa:bb:cc:dd:ee:01
[2026-06-30 04:00:00] TTL Expired -> aa:bb:cc:dd:ee:02
[2026-06-30 04:00:00] Unknown Unicast -> aa:bb:cc:dd:ee:01
[2026-06-30 04:00:00] LEARNED aa:bb:cc:dd:ee:01 -> g0_s0:1
[2026-06-30 04:00:00] Unknown Unicast -> aa:bb:cc:dd:ee:02
[2026-06-30 04:00:00] LEARNED aa:bb:cc:dd:ee:02 -> g0_s1:2
[2026-06-30 04:00:00] Cycle Complete | Entries=9 Learned=120 Updated=1030 Expired=111 Evicted=0
[2026-06-30 04:00:05] MAC FLAP be:b9:ef:69:de:88 g2_s1:2 -> g0_s0:3
[2026-06-30 04:00:05] MAC FLAP be:b9:ef:69:de:88 g0_s0:3 -> g0_s1:2
[2026-06-30 04:00:05] MAC FLAP be:b9:ef:69:de:88 g0_s1:2 -> g1_s0:4
[2026-06-30 04:00:05] MAC FLAP be:b9:ef:69:de:88 g1_s0:4 -> g1_s1:2
[2026-06-30 04:00:05] MAC FLAP be:b9:ef:69:de:88 g1_s1:2 -> g2_s0:1
[2026-06-30 04:00:05] MAC FLAP be:b9:ef:69:de:88 g2_s0:1 -> g2_s1:2
[2026-06-30 04:00:05] Cycle Complete | Entries=9 Learned=120 Updated=1036 Expired=111 Evicted=0
[2026-06-30 05:09:57] Baseline snapshot created (0 entries)
[2026-06-30 05:09:57] LEARNED 0e:c8:76:0d:2c:f4 -> g2_s1:2
[2026-06-30 05:09:57] LEARNED de:64:e8:02:ca:18 -> g2_s1:2
[2026-06-30 05:09:57] LEARNED 7a:e0:13:2d:08:f9 -> g2_s1:2
[2026-06-30 05:09:57] LEARNED 16:01:5f:7d:ff:66 -> g2_s1:2
[2026-06-30 05:09:57] LEARNED 12:34:77:94:dd:6a -> g2_s1:2
[2026-06-30 05:09:57] LEARNED 56:6f:aa:f9:58:e1 -> g2_s1:2
[2026-06-30 05:09:57] LEARNED fa:98:de:91:a2:c3 -> g2_s1:1
[2026-06-30 05:09:57] LEARNED 12:e6:3d:ef:4c:96 -> g2_s1:2
[2026-06-30 05:09:57] LEARNED 46:06:45:0a:85:d3 -> g2_s1:2
[2026-06-30 05:09:57] LEARNED 9e:28:9b:61:d4:2e -> g2_s1:2
[2026-06-30 05:09:57] LEARNED 3e:36:33:a6:63:b5 -> g2_s1:2
[2026-06-30 05:09:57] Unknown Unicast -> aa:bb:cc:dd:ee:01
[2026-06-30 05:09:57] LEARNED aa:bb:cc:dd:ee:01 -> g0_s0:1
[2026-06-30 05:09:57] Unknown Unicast -> aa:bb:cc:dd:ee:02
[2026-06-30 05:09:57] LEARNED aa:bb:cc:dd:ee:02 -> g0_s1:2
[2026-06-30 05:09:57] Unknown Unicast -> aa:bb:cc:dd:ee:03
[2026-06-30 05:09:57] LEARNED aa:bb:cc:dd:ee:03 -> g0_s0:3
[2026-06-30 05:09:57] Unknown Unicast -> aa:bb:cc:dd:ee:04
[2026-06-30 05:09:57] LEARNED aa:bb:cc:dd:ee:04 -> g1_s0:1
[2026-06-30 05:09:57] Unknown Unicast -> aa:bb:cc:dd:ee:05
[2026-06-30 05:09:57] LEARNED aa:bb:cc:dd:ee:05 -> g0_s1:4
[2026-06-30 05:09:57] Unknown Unicast -> aa:bb:cc:dd:ee:06
[2026-06-30 05:09:57] LEARNED aa:bb:cc:dd:ee:06 -> g1_s0:2
[2026-06-30 05:09:57] Unknown Unicast -> aa:bb:cc:dd:ee:07
[2026-06-30 05:09:57] LEARNED aa:bb:cc:dd:ee:07 -> g1_s1:3
[2026-06-30 05:09:57] Unknown Unicast -> aa:bb:cc:dd:ee:08
[2026-06-30 05:09:57] LEARNED aa:bb:cc:dd:ee:08 -> g1_s1:4
[2026-06-30 05:09:57] Cycle Complete | Entries=19 Learned=19 Updated=0 Expired=0 Evicted=0
[2026-06-30 05:10:03] Cycle Complete | Entries=19 Learned=19 Updated=11 Expired=0 Evicted=0
[2026-06-30 05:10:08] MAC FLAP 7a:e0:13:2d:08:f9 g2_s1:2 -> g0_s0:3
[2026-06-30 05:10:08] LEARNED d6:65:a5:b8:df:c5 -> g0_s0:3
[2026-06-30 05:10:08] LEARNED aa:5a:63:bb:ad:c7 -> g0_s0:3
[2026-06-30 05:10:08] MAC FLAP de:64:e8:02:ca:18 g2_s1:2 -> g0_s0:2
[2026-06-30 05:10:08] LEARNED 96:ca:29:74:b7:8a -> g0_s1:2
[2026-06-30 05:10:08] MAC FLAP d6:65:a5:b8:df:c5 g0_s0:3 -> g0_s1:2
[2026-06-30 05:10:08] MAC FLAP 7a:e0:13:2d:08:f9 g0_s0:3 -> g0_s1:2
[2026-06-30 05:10:08] MAC FLAP aa:5a:63:bb:ad:c7 g0_s0:3 -> g0_s1:2
[2026-06-30 05:10:08] MAC FLAP d6:65:a5:b8:df:c5 g0_s1:2 -> g1_s0:4
[2026-06-30 05:10:08] MAC FLAP 7a:e0:13:2d:08:f9 g0_s1:2 -> g1_s0:2
[2026-06-30 05:10:08] MAC FLAP aa:5a:63:bb:ad:c7 g0_s1:2 -> g1_s0:4
[2026-06-30 05:10:08] MAC FLAP de:64:e8:02:ca:18 g0_s0:2 -> g1_s0:3
[2026-06-30 05:10:08] MAC FLAP d6:65:a5:b8:df:c5 g1_s0:4 -> g1_s1:2
[2026-06-30 05:10:08] MAC FLAP aa:5a:63:bb:ad:c7 g1_s0:4 -> g1_s1:2
[2026-06-30 05:10:08] MAC FLAP de:64:e8:02:ca:18 g1_s0:3 -> g1_s1:2
[2026-06-30 05:10:08] MAC FLAP 7a:e0:13:2d:08:f9 g1_s0:2 -> g2_s0:3
[2026-06-30 05:10:08] MAC FLAP aa:5a:63:bb:ad:c7 g1_s1:2 -> g2_s0:2
[2026-06-30 05:10:08] MAC FLAP de:64:e8:02:ca:18 g1_s1:2 -> g2_s0:3
[2026-06-30 05:10:08] MAC FLAP 7a:e0:13:2d:08:f9 g2_s0:3 -> g2_s1:2
[2026-06-30 05:10:08] MAC FLAP de:64:e8:02:ca:18 g2_s0:3 -> g2_s1:2
[2026-06-30 05:10:08] TTL Expired -> de:64:e8:02:ca:18
[2026-06-30 05:10:08] TTL Expired -> 7a:e0:13:2d:08:f9
[2026-06-30 05:10:08] Cycle Complete | Entries=20 Learned=22 Updated=37 Expired=2 Evicted=0
[2026-06-30 05:10:13] MAC FLAP aa:5a:63:bb:ad:c7 g2_s0:2 -> g0_s0:3
[2026-06-30 05:10:13] MAC FLAP aa:5a:63:bb:ad:c7 g0_s0:3 -> g0_s1:2
[2026-06-30 05:10:13] MAC FLAP aa:5a:63:bb:ad:c7 g0_s1:2 -> g1_s0:4
[2026-06-30 05:10:13] MAC FLAP aa:5a:63:bb:ad:c7 g1_s0:4 -> g1_s1:2
[2026-06-30 05:10:13] MAC FLAP aa:5a:63:bb:ad:c7 g1_s1:2 -> g2_s0:2
[2026-06-30 05:10:13] MAC FLAP 0e:c8:76:0d:2c:f4 g2_s1:2 -> g2_s0:3
[2026-06-30 05:10:13] LEARNED de:64:e8:02:ca:18 -> g2_s1:2
[2026-06-30 05:10:13] LEARNED 7a:e0:13:2d:08:f9 -> g2_s1:2
[2026-06-30 05:10:13] MAC FLAP 0e:c8:76:0d:2c:f4 g2_s0:3 -> g2_s1:2
[2026-06-30 05:10:13] TTL Expired -> 0e:c8:76:0d:2c:f4
[2026-06-30 05:10:13] TTL Expired -> 16:01:5f:7d:ff:66
[2026-06-30 05:10:13] TTL Expired -> 12:34:77:94:dd:6a
[2026-06-30 05:10:13] TTL Expired -> 56:6f:aa:f9:58:e1
[2026-06-30 05:10:13] TTL Expired -> fa:98:de:91:a2:c3
[2026-06-30 05:10:13] TTL Expired -> 12:e6:3d:ef:4c:96
[2026-06-30 05:10:13] TTL Expired -> 46:06:45:0a:85:d3
[2026-06-30 05:10:13] TTL Expired -> 9e:28:9b:61:d4:2e
[2026-06-30 05:10:13] TTL Expired -> 3e:36:33:a6:63:b5
[2026-06-30 05:10:13] Cycle Complete | Entries=13 Learned=24 Updated=52 Expired=11 Evicted=0
[2026-06-30 05:10:19] MAC FLAP aa:5a:63:bb:ad:c7 g2_s0:2 -> g0_s0:3
[2026-06-30 05:10:19] LEARNED 56:6f:aa:f9:58:e1 -> g0_s0:3
[2026-06-30 05:10:19] MAC FLAP aa:5a:63:bb:ad:c7 g0_s0:3 -> g0_s1:2
[2026-06-30 05:10:19] MAC FLAP 56:6f:aa:f9:58:e1 g0_s0:3 -> g0_s1:2
[2026-06-30 05:10:19] MAC FLAP aa:5a:63:bb:ad:c7 g0_s1:2 -> g1_s0:4
[2026-06-30 05:10:19] LEARNED 12:34:77:94:dd:6a -> g1_s0:3
[2026-06-30 05:10:19] MAC FLAP 56:6f:aa:f9:58:e1 g0_s1:2 -> g1_s0:4
[2026-06-30 05:10:19] MAC FLAP aa:5a:63:bb:ad:c7 g1_s0:4 -> g1_s1:2
[2026-06-30 05:10:19] MAC FLAP 12:34:77:94:dd:6a g1_s0:3 -> g1_s1:2
[2026-06-30 05:10:19] MAC FLAP 56:6f:aa:f9:58:e1 g1_s0:4 -> g1_s1:2
[2026-06-30 05:10:19] MAC FLAP aa:5a:63:bb:ad:c7 g1_s1:2 -> g2_s0:2
[2026-06-30 05:10:19] LEARNED 0e:c8:76:0d:2c:f4 -> g2_s0:3
[2026-06-30 05:10:19] MAC FLAP 56:6f:aa:f9:58:e1 g1_s1:2 -> g2_s0:1
[2026-06-30 05:10:19] MAC FLAP 12:34:77:94:dd:6a g1_s1:2 -> g2_s0:3
[2026-06-30 05:10:19] LEARNED fa:98:de:91:a2:c3 -> g2_s1:1
[2026-06-30 05:10:19] LEARNED 12:e6:3d:ef:4c:96 -> g2_s1:2
[2026-06-30 05:10:19] LEARNED 9e:28:9b:61:d4:2e -> g2_s1:2
[2026-06-30 05:10:19] LEARNED 3e:36:33:a6:63:b5 -> g2_s1:2
[2026-06-30 05:10:19] LEARNED 46:06:45:0a:85:d3 -> g2_s1:2
[2026-06-30 05:10:19] LEARNED 16:01:5f:7d:ff:66 -> g2_s1:2
[2026-06-30 05:10:19] MAC FLAP 0e:c8:76:0d:2c:f4 g2_s0:3 -> g2_s1:2
[2026-06-30 05:10:19] MAC FLAP 12:34:77:94:dd:6a g2_s0:3 -> g2_s1:2
[2026-06-30 05:10:19] MAC FLAP 56:6f:aa:f9:58:e1 g2_s0:1 -> g2_s1:2
[2026-06-30 05:10:19] TTL Expired -> d6:65:a5:b8:df:c5
[2026-06-30 05:10:19] TTL Expired -> aa:5a:63:bb:ad:c7
[2026-06-30 05:10:19] Cycle Complete | Entries=20 Learned=33 Updated=68 Expired=13 Evicted=0
[2026-06-30 05:10:24] LEARNED aa:5a:63:bb:ad:c7 -> g0_s0:3
[2026-06-30 05:10:24] MAC FLAP 56:6f:aa:f9:58:e1 g2_s1:2 -> g0_s0:3
[2026-06-30 05:10:24] MAC FLAP aa:5a:63:bb:ad:c7 g0_s0:3 -> g0_s1:2
[2026-06-30 05:10:24] MAC FLAP 56:6f:aa:f9:58:e1 g0_s0:3 -> g0_s1:2
[2026-06-30 05:10:24] MAC FLAP aa:5a:63:bb:ad:c7 g0_s1:2 -> g1_s0:4
[2026-06-30 05:10:24] MAC FLAP 12:34:77:94:dd:6a g2_s1:2 -> g1_s0:3
[2026-06-30 05:10:24] MAC FLAP 56:6f:aa:f9:58:e1 g0_s1:2 -> g1_s0:4
[2026-06-30 05:10:24] MAC FLAP aa:5a:63:bb:ad:c7 g1_s0:4 -> g1_s1:2
[2026-06-30 05:10:24] MAC FLAP 12:34:77:94:dd:6a g1_s0:3 -> g1_s1:2
[2026-06-30 05:10:24] MAC FLAP 56:6f:aa:f9:58:e1 g1_s0:4 -> g1_s1:2
[2026-06-30 05:10:24] MAC FLAP aa:5a:63:bb:ad:c7 g1_s1:2 -> g2_s0:2
[2026-06-30 05:10:24] MAC FLAP 0e:c8:76:0d:2c:f4 g2_s1:2 -> g2_s0:3
[2026-06-30 05:10:24] MAC FLAP 56:6f:aa:f9:58:e1 g1_s1:2 -> g2_s0:1
[2026-06-30 05:10:24] MAC FLAP 12:34:77:94:dd:6a g1_s1:2 -> g2_s0:3
[2026-06-30 05:10:24] MAC FLAP 0e:c8:76:0d:2c:f4 g2_s0:3 -> g2_s1:2
[2026-06-30 05:10:24] MAC FLAP 12:34:77:94:dd:6a g2_s0:3 -> g2_s1:2
[2026-06-30 05:10:24] MAC FLAP 56:6f:aa:f9:58:e1 g2_s0:1 -> g2_s1:2
[2026-06-30 05:10:24] TTL Expired -> 96:ca:29:74:b7:8a
[2026-06-30 05:10:24] Cycle Complete | Entries=20 Learned=34 Updated=92 Expired=14 Evicted=0
[2026-06-30 05:10:29] MAC FLAP aa:5a:63:bb:ad:c7 g2_s0:2 -> g0_s0:3
[2026-06-30 05:10:29] MAC FLAP 56:6f:aa:f9:58:e1 g2_s1:2 -> g0_s0:3
[2026-06-30 05:10:30] MAC FLAP aa:5a:63:bb:ad:c7 g0_s0:3 -> g0_s1:2
[2026-06-30 05:10:30] MAC FLAP 56:6f:aa:f9:58:e1 g0_s0:3 -> g0_s1:2
[2026-06-30 05:10:30] MAC FLAP aa:5a:63:bb:ad:c7 g0_s1:2 -> g1_s0:4
[2026-06-30 05:10:30] MAC FLAP 12:34:77:94:dd:6a g2_s1:2 -> g1_s0:3
[2026-06-30 05:10:30] MAC FLAP 56:6f:aa:f9:58:e1 g0_s1:2 -> g1_s0:4
[2026-06-30 05:10:30] MAC FLAP aa:5a:63:bb:ad:c7 g1_s0:4 -> g1_s1:2
[2026-06-30 05:10:30] MAC FLAP 12:34:77:94:dd:6a g1_s0:3 -> g1_s1:2
[2026-06-30 05:10:30] MAC FLAP 56:6f:aa:f9:58:e1 g1_s0:4 -> g1_s1:2
[2026-06-30 05:10:30] MAC FLAP aa:5a:63:bb:ad:c7 g1_s1:2 -> g2_s0:2
[2026-06-30 05:10:30] MAC FLAP 0e:c8:76:0d:2c:f4 g2_s1:2 -> g2_s0:3
[2026-06-30 05:10:30] MAC FLAP 56:6f:aa:f9:58:e1 g1_s1:2 -> g2_s0:1
[2026-06-30 05:10:30] MAC FLAP 12:34:77:94:dd:6a g1_s1:2 -> g2_s0:3
[2026-06-30 05:10:30] MAC FLAP 0e:c8:76:0d:2c:f4 g2_s0:3 -> g2_s1:2
[2026-06-30 05:10:30] MAC FLAP 12:34:77:94:dd:6a g2_s0:3 -> g2_s1:2
[2026-06-30 05:10:30] MAC FLAP 56:6f:aa:f9:58:e1 g2_s0:1 -> g2_s1:2
[2026-06-30 05:10:30] TTL Expired -> aa:bb:cc:dd:ee:01
[2026-06-30 05:10:30] TTL Expired -> aa:bb:cc:dd:ee:02
[2026-06-30 05:10:30] TTL Expired -> de:64:e8:02:ca:18
[2026-06-30 05:10:30] TTL Expired -> 7a:e0:13:2d:08:f9
[2026-06-30 05:10:30] TTL Expired -> 56:6f:aa:f9:58:e1
[2026-06-30 05:10:30] TTL Expired -> 12:34:77:94:dd:6a
[2026-06-30 05:10:30] TTL Expired -> 0e:c8:76:0d:2c:f4
[2026-06-30 05:10:30] Unknown Unicast -> aa:bb:cc:dd:ee:01
[2026-06-30 05:10:30] LEARNED aa:bb:cc:dd:ee:01 -> g0_s0:1
[2026-06-30 05:10:30] Unknown Unicast -> aa:bb:cc:dd:ee:02
[2026-06-30 05:10:30] LEARNED aa:bb:cc:dd:ee:02 -> g0_s1:2
[2026-06-30 05:10:30] Cycle Complete | Entries=15 Learned=36 Updated=117 Expired=21 Evicted=0
[2026-06-30 05:10:35] MAC FLAP aa:5a:63:bb:ad:c7 g2_s0:2 -> g0_s0:3
[2026-06-30 05:10:35] LEARNED 56:6f:aa:f9:58:e1 -> g0_s0:3
[2026-06-30 05:10:35] MAC FLAP aa:5a:63:bb:ad:c7 g0_s0:3 -> g0_s1:2
[2026-06-30 05:10:35] MAC FLAP 56:6f:aa:f9:58:e1 g0_s0:3 -> g0_s1:2
[2026-06-30 05:10:35] MAC FLAP aa:5a:63:bb:ad:c7 g0_s1:2 -> g1_s0:4
[2026-06-30 05:10:35] LEARNED 12:34:77:94:dd:6a -> g1_s0:3
[2026-06-30 05:10:35] MAC FLAP 56:6f:aa:f9:58:e1 g0_s1:2 -> g1_s0:4
[2026-06-30 05:10:35] MAC FLAP aa:5a:63:bb:ad:c7 g1_s0:4 -> g1_s1:2
[2026-06-30 05:10:35] MAC FLAP 12:34:77:94:dd:6a g1_s0:3 -> g1_s1:2
[2026-06-30 05:10:35] MAC FLAP 56:6f:aa:f9:58:e1 g1_s0:4 -> g1_s1:2
[2026-06-30 05:10:35] MAC FLAP aa:5a:63:bb:ad:c7 g1_s1:2 -> g2_s0:2
[2026-06-30 05:10:35] LEARNED 0e:c8:76:0d:2c:f4 -> g2_s0:3
[2026-06-30 05:10:35] MAC FLAP 56:6f:aa:f9:58:e1 g1_s1:2 -> g2_s0:1
[2026-06-30 05:10:35] MAC FLAP 12:34:77:94:dd:6a g1_s1:2 -> g2_s0:3
[2026-06-30 05:10:35] LEARNED de:64:e8:02:ca:18 -> g2_s1:2
[2026-06-30 05:10:35] LEARNED 7a:e0:13:2d:08:f9 -> g2_s1:2
[2026-06-30 05:10:35] MAC FLAP 0e:c8:76:0d:2c:f4 g2_s0:3 -> g2_s1:2
[2026-06-30 05:10:35] MAC FLAP 12:34:77:94:dd:6a g2_s0:3 -> g2_s1:2
[2026-06-30 05:10:35] MAC FLAP 56:6f:aa:f9:58:e1 g2_s0:1 -> g2_s1:2
[2026-06-30 05:10:35] TTL Expired -> fa:98:de:91:a2:c3
[2026-06-30 05:10:35] TTL Expired -> 12:e6:3d:ef:4c:96
[2026-06-30 05:10:35] TTL Expired -> 9e:28:9b:61:d4:2e
[2026-06-30 05:10:36] TTL Expired -> 3e:36:33:a6:63:b5
[2026-06-30 05:10:36] TTL Expired -> 46:06:45:0a:85:d3
[2026-06-30 05:10:36] TTL Expired -> 16:01:5f:7d:ff:66
[2026-06-30 05:10:36] TTL Expired -> aa:5a:63:bb:ad:c7
[2026-06-30 05:10:36] Cycle Complete | Entries=13 Learned=41 Updated=137 Expired=28 Evicted=0
[2026-06-30 05:10:41] LEARNED aa:5a:63:bb:ad:c7 -> g0_s0:3
[2026-06-30 05:10:41] MAC FLAP 56:6f:aa:f9:58:e1 g2_s1:2 -> g0_s0:3
[2026-06-30 05:10:41] MAC FLAP aa:5a:63:bb:ad:c7 g0_s0:3 -> g0_s1:2
[2026-06-30 05:10:41] MAC FLAP 56:6f:aa:f9:58:e1 g0_s0:3 -> g0_s1:2
[2026-06-30 05:10:41] MAC FLAP aa:5a:63:bb:ad:c7 g0_s1:2 -> g1_s0:4
[2026-06-30 05:10:41] MAC FLAP 12:34:77:94:dd:6a g2_s1:2 -> g1_s0:3
[2026-06-30 05:10:41] MAC FLAP 56:6f:aa:f9:58:e1 g0_s1:2 -> g1_s0:4
[2026-06-30 05:10:41] MAC FLAP aa:5a:63:bb:ad:c7 g1_s0:4 -> g1_s1:2
[2026-06-30 05:10:41] MAC FLAP 12:34:77:94:dd:6a g1_s0:3 -> g1_s1:2
[2026-06-30 05:10:41] MAC FLAP 56:6f:aa:f9:58:e1 g1_s0:4 -> g1_s1:2
[2026-06-30 05:10:41] MAC FLAP aa:5a:63:bb:ad:c7 g1_s1:2 -> g2_s0:2
[2026-06-30 05:10:41] MAC FLAP 0e:c8:76:0d:2c:f4 g2_s1:2 -> g2_s0:3
[2026-06-30 05:10:41] MAC FLAP 56:6f:aa:f9:58:e1 g1_s1:2 -> g2_s0:1
[2026-06-30 05:10:41] MAC FLAP 12:34:77:94:dd:6a g1_s1:2 -> g2_s0:3
[2026-06-30 05:10:41] LEARNED fa:98:de:91:a2:c3 -> g2_s1:1
[2026-06-30 05:10:41] LEARNED 12:e6:3d:ef:4c:96 -> g2_s1:2
[2026-06-30 05:10:41] LEARNED 9e:28:9b:61:d4:2e -> g2_s1:2
[2026-06-30 05:10:41] LEARNED 3e:36:33:a6:63:b5 -> g2_s1:2
[2026-06-30 05:10:41] LEARNED 46:06:45:0a:85:d3 -> g2_s1:2
[2026-06-30 05:10:41] LEARNED 16:01:5f:7d:ff:66 -> g2_s1:2
[2026-06-30 05:10:41] MAC FLAP 0e:c8:76:0d:2c:f4 g2_s0:3 -> g2_s1:2
[2026-06-30 05:10:41] MAC FLAP 12:34:77:94:dd:6a g2_s0:3 -> g2_s1:2
[2026-06-30 05:10:41] MAC FLAP 56:6f:aa:f9:58:e1 g2_s0:1 -> g2_s1:2
[2026-06-30 05:10:41] TTL Expired -> aa:bb:cc:dd:ee:03
[2026-06-30 05:10:41] TTL Expired -> aa:bb:cc:dd:ee:04
[2026-06-30 05:10:41] Unknown Unicast -> aa:bb:cc:dd:ee:03
[2026-06-30 05:10:41] LEARNED aa:bb:cc:dd:ee:03 -> g0_s0:3
[2026-06-30 05:10:41] Unknown Unicast -> aa:bb:cc:dd:ee:04
[2026-06-30 05:10:41] LEARNED aa:bb:cc:dd:ee:04 -> g1_s0:1
[2026-06-30 05:10:41] Cycle Complete | Entries=20 Learned=50 Updated=155 Expired=30 Evicted=0
[2026-06-30 05:10:46] MAC FLAP aa:5a:63:bb:ad:c7 g2_s0:2 -> g0_s0:3
[2026-06-30 05:10:46] MAC FLAP 56:6f:aa:f9:58:e1 g2_s1:2 -> g0_s0:3
[2026-06-30 05:10:46] MAC FLAP aa:5a:63:bb:ad:c7 g0_s0:3 -> g0_s1:2
[2026-06-30 05:10:46] MAC FLAP 56:6f:aa:f9:58:e1 g0_s0:3 -> g0_s1:2
[2026-06-30 05:10:46] MAC FLAP aa:5a:63:bb:ad:c7 g0_s1:2 -> g1_s0:4
[2026-06-30 05:10:46] MAC FLAP 12:34:77:94:dd:6a g2_s1:2 -> g1_s0:3
[2026-06-30 05:10:47] MAC FLAP 56:6f:aa:f9:58:e1 g0_s1:2 -> g1_s0:4
[2026-06-30 05:10:47] MAC FLAP aa:5a:63:bb:ad:c7 g1_s0:4 -> g1_s1:2
[2026-06-30 05:10:47] MAC FLAP 12:34:77:94:dd:6a g1_s0:3 -> g1_s1:2
[2026-06-30 05:10:47] MAC FLAP 56:6f:aa:f9:58:e1 g1_s0:4 -> g1_s1:2
[2026-06-30 05:10:47] MAC FLAP aa:5a:63:bb:ad:c7 g1_s1:2 -> g2_s0:2
[2026-06-30 05:10:47] MAC FLAP 0e:c8:76:0d:2c:f4 g2_s1:2 -> g2_s0:3
[2026-06-30 05:10:47] MAC FLAP 56:6f:aa:f9:58:e1 g1_s1:2 -> g2_s0:1
[2026-06-30 05:10:47] MAC FLAP 12:34:77:94:dd:6a g1_s1:2 -> g2_s0:3
[2026-06-30 05:10:47] MAC FLAP 0e:c8:76:0d:2c:f4 g2_s0:3 -> g2_s1:2
[2026-06-30 05:10:47] MAC FLAP 12:34:77:94:dd:6a g2_s0:3 -> g2_s1:2
[2026-06-30 05:10:47] MAC FLAP 56:6f:aa:f9:58:e1 g2_s0:1 -> g2_s1:2
[2026-06-30 05:10:47] TTL Expired -> aa:bb:cc:dd:ee:05
[2026-06-30 05:10:47] TTL Expired -> aa:bb:cc:dd:ee:06
[2026-06-30 05:10:47] TTL Expired -> 56:6f:aa:f9:58:e1
[2026-06-30 05:10:47] TTL Expired -> 12:34:77:94:dd:6a
[2026-06-30 05:10:47] TTL Expired -> 0e:c8:76:0d:2c:f4
[2026-06-30 05:10:47] Unknown Unicast -> aa:bb:cc:dd:ee:05
[2026-06-30 05:10:47] LEARNED aa:bb:cc:dd:ee:05 -> g0_s1:4
[2026-06-30 05:10:47] Unknown Unicast -> aa:bb:cc:dd:ee:06
[2026-06-30 05:10:47] LEARNED aa:bb:cc:dd:ee:06 -> g1_s0:2
[2026-06-30 05:10:47] Cycle Complete | Entries=17 Learned=52 Updated=180 Expired=35 Evicted=0
[2026-06-30 05:10:52] MAC FLAP aa:5a:63:bb:ad:c7 g2_s0:2 -> g0_s0:3
[2026-06-30 05:10:52] LEARNED 56:6f:aa:f9:58:e1 -> g0_s0:3
[2026-06-30 05:10:52] MAC FLAP aa:5a:63:bb:ad:c7 g0_s0:3 -> g0_s1:2
[2026-06-30 05:10:52] MAC FLAP 56:6f:aa:f9:58:e1 g0_s0:3 -> g0_s1:2
[2026-06-30 05:10:52] MAC FLAP aa:5a:63:bb:ad:c7 g0_s1:2 -> g1_s0:4
[2026-06-30 05:10:52] LEARNED 12:34:77:94:dd:6a -> g1_s0:3
[2026-06-30 05:10:52] MAC FLAP 56:6f:aa:f9:58:e1 g0_s1:2 -> g1_s0:4
[2026-06-30 05:10:52] MAC FLAP aa:5a:63:bb:ad:c7 g1_s0:4 -> g1_s1:2
[2026-06-30 05:10:52] MAC FLAP 12:34:77:94:dd:6a g1_s0:3 -> g1_s1:2
[2026-06-30 05:10:52] MAC FLAP 56:6f:aa:f9:58:e1 g1_s0:4 -> g1_s1:2
[2026-06-30 05:10:52] MAC FLAP aa:5a:63:bb:ad:c7 g1_s1:2 -> g2_s0:2
[2026-06-30 05:10:52] LEARNED 0e:c8:76:0d:2c:f4 -> g2_s0:3
[2026-06-30 05:10:52] MAC FLAP 56:6f:aa:f9:58:e1 g1_s1:2 -> g2_s0:1
[2026-06-30 05:10:52] MAC FLAP 12:34:77:94:dd:6a g1_s1:2 -> g2_s0:3
[2026-06-30 05:10:52] MAC FLAP 0e:c8:76:0d:2c:f4 g2_s0:3 -> g2_s1:2
[2026-06-30 05:10:52] MAC FLAP 12:34:77:94:dd:6a g2_s0:3 -> g2_s1:2
[2026-06-30 05:10:52] MAC FLAP 56:6f:aa:f9:58:e1 g2_s0:1 -> g2_s1:2
[2026-06-30 05:10:52] TTL Expired -> de:64:e8:02:ca:18
[2026-06-30 05:10:52] TTL Expired -> 7a:e0:13:2d:08:f9
[2026-06-30 05:10:52] TTL Expired -> aa:5a:63:bb:ad:c7
[2026-06-30 05:10:52] Cycle Complete | Entries=17 Learned=55 Updated=202 Expired=38 Evicted=0
[2026-06-30 05:10:58] LEARNED aa:5a:63:bb:ad:c7 -> g0_s0:3
[2026-06-30 05:10:58] MAC FLAP 56:6f:aa:f9:58:e1 g2_s1:2 -> g0_s0:3
[2026-06-30 05:10:58] MAC FLAP aa:5a:63:bb:ad:c7 g0_s0:3 -> g0_s1:2
[2026-06-30 05:10:58] MAC FLAP 56:6f:aa:f9:58:e1 g0_s0:3 -> g0_s1:2
[2026-06-30 05:10:58] MAC FLAP aa:5a:63:bb:ad:c7 g0_s1:2 -> g1_s0:4
[2026-06-30 05:10:58] MAC FLAP 12:34:77:94:dd:6a g2_s1:2 -> g1_s0:3
[2026-06-30 05:10:58] MAC FLAP 56:6f:aa:f9:58:e1 g0_s1:2 -> g1_s0:4
[2026-06-30 05:10:58] MAC FLAP aa:5a:63:bb:ad:c7 g1_s0:4 -> g1_s1:2
[2026-06-30 05:10:58] MAC FLAP 12:34:77:94:dd:6a g1_s0:3 -> g1_s1:2
[2026-06-30 05:10:58] MAC FLAP 56:6f:aa:f9:58:e1 g1_s0:4 -> g1_s1:2
[2026-06-30 05:10:58] MAC FLAP aa:5a:63:bb:ad:c7 g1_s1:2 -> g2_s0:2
[2026-06-30 05:10:58] MAC FLAP 0e:c8:76:0d:2c:f4 g2_s1:2 -> g2_s0:3
[2026-06-30 05:10:58] MAC FLAP 56:6f:aa:f9:58:e1 g1_s1:2 -> g2_s0:1
[2026-06-30 05:10:58] MAC FLAP 12:34:77:94:dd:6a g1_s1:2 -> g2_s0:3
[2026-06-30 05:10:58] LEARNED de:64:e8:02:ca:18 -> g2_s1:2
[2026-06-30 05:10:58] LEARNED 7a:e0:13:2d:08:f9 -> g2_s1:2
[2026-06-30 05:10:58] MAC FLAP 0e:c8:76:0d:2c:f4 g2_s0:3 -> g2_s1:2
[2026-06-30 05:10:58] MAC FLAP 12:34:77:94:dd:6a g2_s0:3 -> g2_s1:2
[2026-06-30 05:10:58] MAC FLAP 56:6f:aa:f9:58:e1 g2_s0:1 -> g2_s1:2
[2026-06-30 05:10:58] TTL Expired -> aa:bb:cc:dd:ee:07
[2026-06-30 05:10:58] TTL Expired -> aa:bb:cc:dd:ee:08
[2026-06-30 05:10:58] TTL Expired -> fa:98:de:91:a2:c3
[2026-06-30 05:10:58] TTL Expired -> 12:e6:3d:ef:4c:96
[2026-06-30 05:10:58] TTL Expired -> 9e:28:9b:61:d4:2e
[2026-06-30 05:10:58] TTL Expired -> 3e:36:33:a6:63:b5
[2026-06-30 05:10:58] TTL Expired -> 46:06:45:0a:85:d3
[2026-06-30 05:10:58] TTL Expired -> 16:01:5f:7d:ff:66
[2026-06-30 05:10:58] Unknown Unicast -> aa:bb:cc:dd:ee:07
[2026-06-30 05:10:58] LEARNED aa:bb:cc:dd:ee:07 -> g1_s1:3
[2026-06-30 05:10:58] Unknown Unicast -> aa:bb:cc:dd:ee:08
[2026-06-30 05:10:58] LEARNED aa:bb:cc:dd:ee:08 -> g1_s1:4
[2026-06-30 05:10:58] Cycle Complete | Entries=14 Learned=60 Updated=224 Expired=46 Evicted=0
[2026-06-30 05:11:03] MAC FLAP aa:5a:63:bb:ad:c7 g2_s0:2 -> g0_s0:3
[2026-06-30 05:11:03] MAC FLAP 56:6f:aa:f9:58:e1 g2_s1:2 -> g0_s0:3
[2026-06-30 05:11:03] LEARNED ba:b2:31:3e:53:3c -> g0_s0:3
[2026-06-30 05:11:03] LEARNED fa:98:de:91:a2:c3 -> g0_s0:3
[2026-06-30 05:11:03] LEARNED 12:e6:3d:ef:4c:96 -> g0_s0:1
[2026-06-30 05:11:03] LEARNED 3e:36:33:a6:63:b5 -> g0_s0:3
[2026-06-30 05:11:03] MAC FLAP aa:5a:63:bb:ad:c7 g0_s0:3 -> g0_s1:2
[2026-06-30 05:11:03] MAC FLAP 56:6f:aa:f9:58:e1 g0_s0:3 -> g0_s1:2
[2026-06-30 05:11:03] MAC FLAP fa:98:de:91:a2:c3 g0_s0:3 -> g0_s1:2
[2026-06-30 05:11:03] MAC FLAP ba:b2:31:3e:53:3c g0_s0:3 -> g0_s1:2
[2026-06-30 05:11:03] MAC FLAP 12:e6:3d:ef:4c:96 g0_s0:1 -> g0_s1:2
[2026-06-30 05:11:03] MAC FLAP 3e:36:33:a6:63:b5 g0_s0:3 -> g0_s1:2
[2026-06-30 05:11:03] MAC FLAP aa:5a:63:bb:ad:c7 g0_s1:2 -> g1_s0:4
[2026-06-30 05:11:04] MAC FLAP 12:34:77:94:dd:6a g2_s1:2 -> g1_s0:3
[2026-06-30 05:11:04] MAC FLAP 56:6f:aa:f9:58:e1 g0_s1:2 -> g1_s0:4
[2026-06-30 05:11:04] MAC FLAP fa:98:de:91:a2:c3 g0_s1:2 -> g1_s0:4
[2026-06-30 05:11:04] MAC FLAP 12:e6:3d:ef:4c:96 g0_s1:2 -> g1_s0:3
[2026-06-30 05:11:04] MAC FLAP 3e:36:33:a6:63:b5 g0_s1:2 -> g1_s0:2
[2026-06-30 05:11:04] MAC FLAP aa:5a:63:bb:ad:c7 g1_s0:4 -> g1_s1:2
[2026-06-30 05:11:04] MAC FLAP 12:34:77:94:dd:6a g1_s0:3 -> g1_s1:2
[2026-06-30 05:11:04] MAC FLAP 56:6f:aa:f9:58:e1 g1_s0:4 -> g1_s1:2
[2026-06-30 05:11:04] LEARNED 4e:07:72:c0:05:60 -> g1_s1:2
[2026-06-30 05:11:04] MAC FLAP fa:98:de:91:a2:c3 g1_s0:4 -> g1_s1:2
[2026-06-30 05:11:04] MAC FLAP 12:e6:3d:ef:4c:96 g1_s0:3 -> g1_s1:2
[2026-06-30 05:11:04] MAC FLAP 3e:36:33:a6:63:b5 g1_s0:2 -> g1_s1:1
[2026-06-30 05:11:04] MAC FLAP aa:5a:63:bb:ad:c7 g1_s1:2 -> g2_s0:2
[2026-06-30 05:11:04] MAC FLAP 0e:c8:76:0d:2c:f4 g2_s1:2 -> g2_s0:3
[2026-06-30 05:11:04] MAC FLAP 56:6f:aa:f9:58:e1 g1_s1:2 -> g2_s0:1
[2026-06-30 05:11:04] MAC FLAP 12:34:77:94:dd:6a g1_s1:2 -> g2_s0:3
[2026-06-30 05:11:04] MAC FLAP fa:98:de:91:a2:c3 g1_s1:2 -> g2_s0:2
[2026-06-30 05:11:04] MAC FLAP 12:e6:3d:ef:4c:96 g1_s1:2 -> g2_s0:3
[2026-06-30 05:11:04] MAC FLAP 3e:36:33:a6:63:b5 g1_s1:1 -> g2_s0:3
[2026-06-30 05:11:04] LEARNED 9e:28:9b:61:d4:2e -> g2_s1:2
[2026-06-30 05:11:04] LEARNED 46:06:45:0a:85:d3 -> g2_s1:2
[2026-06-30 05:11:04] LEARNED 16:01:5f:7d:ff:66 -> g2_s1:2
[2026-06-30 05:11:04] MAC FLAP 0e:c8:76:0d:2c:f4 g2_s0:3 -> g2_s1:2
[2026-06-30 05:11:04] MAC FLAP 12:34:77:94:dd:6a g2_s0:3 -> g2_s1:2
[2026-06-30 05:11:04] MAC FLAP 56:6f:aa:f9:58:e1 g2_s0:1 -> g2_s1:2
[2026-06-30 05:11:04] MAC FLAP fa:98:de:91:a2:c3 g2_s0:2 -> g2_s1:1
[2026-06-30 05:11:04] MAC FLAP 12:e6:3d:ef:4c:96 g2_s0:3 -> g2_s1:2
[2026-06-30 05:11:04] MAC FLAP 3e:36:33:a6:63:b5 g2_s0:3 -> g2_s1:2
[2026-06-30 05:11:04] TTL Expired -> aa:bb:cc:dd:ee:01
[2026-06-30 05:11:04] TTL Expired -> aa:bb:cc:dd:ee:02
[2026-06-30 05:11:04] TTL Expired -> 56:6f:aa:f9:58:e1
[2026-06-30 05:11:04] TTL Expired -> 12:34:77:94:dd:6a
[2026-06-30 05:11:04] TTL Expired -> 0e:c8:76:0d:2c:f4
[2026-06-30 05:11:04] Unknown Unicast -> aa:bb:cc:dd:ee:01
[2026-06-30 05:11:04] LEARNED aa:bb:cc:dd:ee:01 -> g0_s0:1
[2026-06-30 05:11:04] Unknown Unicast -> aa:bb:cc:dd:ee:02
[2026-06-30 05:11:04] LEARNED aa:bb:cc:dd:ee:02 -> g0_s1:2
[2026-06-30 05:11:04] Cycle Complete | Entries=19 Learned=70 Updated=259 Expired=51 Evicted=0
[2026-06-30 05:11:09] LEARNED 56:6f:aa:f9:58:e1 -> g0_s0:3
[2026-06-30 05:11:09] MAC FLAP ba:b2:31:3e:53:3c g0_s1:2 -> g0_s0:3
[2026-06-30 05:11:09] MAC FLAP fa:98:de:91:a2:c3 g2_s1:1 -> g0_s0:3
[2026-06-30 05:11:09] MAC FLAP 12:e6:3d:ef:4c:96 g2_s1:2 -> g0_s0:1
[2026-06-30 05:11:09] MAC FLAP 3e:36:33:a6:63:b5 g2_s1:2 -> g0_s0:3
[2026-06-30 05:11:09] MAC FLAP 9e:28:9b:61:d4:2e g2_s1:2 -> g0_s0:3
[2026-06-30 05:11:09] LEARNED d6:65:a5:b8:df:c5 -> g0_s0:3
[2026-06-30 05:11:09] MAC FLAP 7a:e0:13:2d:08:f9 g2_s1:2 -> g0_s0:3
[2026-06-30 05:11:09] MAC FLAP aa:5a:63:bb:ad:c7 g2_s0:2 -> g0_s0:3
[2026-06-30 05:11:09] MAC FLAP 56:6f:aa:f9:58:e1 g0_s0:3 -> g0_s1:2
[2026-06-30 05:11:09] MAC FLAP fa:98:de:91:a2:c3 g0_s0:3 -> g0_s1:2
[2026-06-30 05:11:09] MAC FLAP ba:b2:31:3e:53:3c g0_s0:3 -> g0_s1:2
[2026-06-30 05:11:09] MAC FLAP 12:e6:3d:ef:4c:96 g0_s0:1 -> g0_s1:2
[2026-06-30 05:11:09] MAC FLAP 3e:36:33:a6:63:b5 g0_s0:3 -> g0_s1:2
[2026-06-30 05:11:09] LEARNED 96:ca:29:74:b7:8a -> g0_s1:2
[2026-06-30 05:11:10] MAC FLAP 9e:28:9b:61:d4:2e g0_s0:3 -> g0_s1:2
[2026-06-30 05:11:10] MAC FLAP d6:65:a5:b8:df:c5 g0_s0:3 -> g0_s1:2
[2026-06-30 05:11:10] MAC FLAP 7a:e0:13:2d:08:f9 g0_s0:3 -> g0_s1:2
[2026-06-30 05:11:10] MAC FLAP aa:5a:63:bb:ad:c7 g0_s0:3 -> g0_s1:2
[2026-06-30 05:11:10] LEARNED 12:34:77:94:dd:6a -> g1_s0:3
[2026-06-30 05:11:10] MAC FLAP 56:6f:aa:f9:58:e1 g0_s1:2 -> g1_s0:4
[2026-06-30 05:11:10] MAC FLAP fa:98:de:91:a2:c3 g0_s1:2 -> g1_s0:4
[2026-06-30 05:11:10] MAC FLAP 12:e6:3d:ef:4c:96 g0_s1:2 -> g1_s0:3
[2026-06-30 05:11:10] MAC FLAP 3e:36:33:a6:63:b5 g0_s1:2 -> g1_s0:2
[2026-06-30 05:11:10] MAC FLAP 9e:28:9b:61:d4:2e g0_s1:2 -> g1_s0:1
[2026-06-30 05:11:10] MAC FLAP 7a:e0:13:2d:08:f9 g0_s1:2 -> g1_s0:2
[2026-06-30 05:11:10] MAC FLAP d6:65:a5:b8:df:c5 g0_s1:2 -> g1_s0:4
[2026-06-30 05:11:10] MAC FLAP aa:5a:63:bb:ad:c7 g0_s1:2 -> g1_s0:4
[2026-06-30 05:11:10] MAC FLAP 12:34:77:94:dd:6a g1_s0:3 -> g1_s1:2
[2026-06-30 05:11:10] MAC FLAP 56:6f:aa:f9:58:e1 g1_s0:4 -> g1_s1:2
[2026-06-30 05:11:10] MAC FLAP fa:98:de:91:a2:c3 g1_s0:4 -> g1_s1:2
[2026-06-30 05:11:10] MAC FLAP 12:e6:3d:ef:4c:96 g1_s0:3 -> g1_s1:2
[2026-06-30 05:11:10] MAC FLAP 3e:36:33:a6:63:b5 g1_s0:2 -> g1_s1:1
[2026-06-30 05:11:10] MAC FLAP 9e:28:9b:61:d4:2e g1_s0:1 -> g1_s1:2
[2026-06-30 05:11:10] MAC FLAP d6:65:a5:b8:df:c5 g1_s0:4 -> g1_s1:2
[2026-06-30 05:11:10] MAC FLAP aa:5a:63:bb:ad:c7 g1_s0:4 -> g1_s1:2
[2026-06-30 05:11:10] LEARNED 0e:c8:76:0d:2c:f4 -> g2_s0:3
[2026-06-30 05:11:10] MAC FLAP 56:6f:aa:f9:58:e1 g1_s1:2 -> g2_s0:1
[2026-06-30 05:11:10] MAC FLAP 12:34:77:94:dd:6a g1_s1:2 -> g2_s0:3
[2026-06-30 05:11:10] MAC FLAP fa:98:de:91:a2:c3 g1_s1:2 -> g2_s0:2
[2026-06-30 05:11:10] MAC FLAP 12:e6:3d:ef:4c:96 g1_s1:2 -> g2_s0:3
[2026-06-30 05:11:10] MAC FLAP 3e:36:33:a6:63:b5 g1_s1:1 -> g2_s0:3
[2026-06-30 05:11:10] MAC FLAP 9e:28:9b:61:d4:2e g1_s1:2 -> g2_s0:3
[2026-06-30 05:11:10] MAC FLAP aa:5a:63:bb:ad:c7 g1_s1:2 -> g2_s0:2
[2026-06-30 05:11:10] MAC FLAP 7a:e0:13:2d:08:f9 g1_s0:2 -> g2_s0:3
[2026-06-30 05:11:10] MAC FLAP 0e:c8:76:0d:2c:f4 g2_s0:3 -> g2_s1:2
[2026-06-30 05:11:10] MAC FLAP 12:34:77:94:dd:6a g2_s0:3 -> g2_s1:2
[2026-06-30 05:11:10] MAC FLAP 56:6f:aa:f9:58:e1 g2_s0:1 -> g2_s1:2
[2026-06-30 05:11:10] MAC FLAP fa:98:de:91:a2:c3 g2_s0:2 -> g2_s1:1
[2026-06-30 05:11:10] MAC FLAP 12:e6:3d:ef:4c:96 g2_s0:3 -> g2_s1:2
[2026-06-30 05:11:10] MAC FLAP 3e:36:33:a6:63:b5 g2_s0:3 -> g2_s1:2
[2026-06-30 05:11:10] MAC FLAP 9e:28:9b:61:d4:2e g2_s0:3 -> g2_s1:2
[2026-06-30 05:11:10] MAC FLAP 7a:e0:13:2d:08:f9 g2_s0:3 -> g2_s1:2
[2026-06-30 05:11:10] TTL Expired -> aa:5a:63:bb:ad:c7
[2026-06-30 05:11:10] TTL Expired -> 7a:e0:13:2d:08:f9
[2026-06-30 05:11:10] Cycle Complete | Entries=22 Learned=75 Updated=311 Expired=53 Evicted=0
[2026-06-30 05:11:15] MAC FLAP 56:6f:aa:f9:58:e1 g2_s1:2 -> g0_s0:3
[2026-06-30 05:11:15] MAC FLAP fa:98:de:91:a2:c3 g2_s1:1 -> g0_s0:3
[2026-06-30 05:11:15] MAC FLAP 12:e6:3d:ef:4c:96 g2_s1:2 -> g0_s0:1
[2026-06-30 05:11:15] MAC FLAP 3e:36:33:a6:63:b5 g2_s1:2 -> g0_s0:3
[2026-06-30 05:11:15] MAC FLAP 9e:28:9b:61:d4:2e g2_s1:2 -> g0_s0:3
[2026-06-30 05:11:15] MAC FLAP 46:06:45:0a:85:d3 g2_s1:2 -> g0_s0:2
[2026-06-30 05:11:15] MAC FLAP ba:b2:31:3e:53:3c g0_s1:2 -> g0_s0:3
[2026-06-30 05:11:15] MAC FLAP de:64:e8:02:ca:18 g2_s1:2 -> g0_s0:2
[2026-06-30 05:11:15] MAC FLAP d6:65:a5:b8:df:c5 g1_s1:2 -> g0_s0:3
[2026-06-30 05:11:15] LEARNED 7a:e0:13:2d:08:f9 -> g0_s0:3
[2026-06-30 05:11:15] LEARNED aa:5a:63:bb:ad:c7 -> g0_s0:3
[2026-06-30 05:11:16] MAC FLAP 56:6f:aa:f9:58:e1 g0_s0:3 -> g0_s1:2
[2026-06-30 05:11:16] MAC FLAP fa:98:de:91:a2:c3 g0_s0:3 -> g0_s1:2
[2026-06-30 05:11:16] MAC FLAP 12:e6:3d:ef:4c:96 g0_s0:1 -> g0_s1:2
[2026-06-30 05:11:16] MAC FLAP 3e:36:33:a6:63:b5 g0_s0:3 -> g0_s1:2
[2026-06-30 05:11:16] MAC FLAP 9e:28:9b:61:d4:2e g0_s0:3 -> g0_s1:2
[2026-06-30 05:11:16] MAC FLAP 46:06:45:0a:85:d3 g0_s0:2 -> g0_s1:1
[2026-06-30 05:11:16] MAC FLAP ba:b2:31:3e:53:3c g0_s0:3 -> g0_s1:2
[2026-06-30 05:11:16] MAC FLAP d6:65:a5:b8:df:c5 g0_s0:3 -> g0_s1:2
[2026-06-30 05:11:16] MAC FLAP 7a:e0:13:2d:08:f9 g0_s0:3 -> g0_s1:2
[2026-06-30 05:11:16] MAC FLAP aa:5a:63:bb:ad:c7 g0_s0:3 -> g0_s1:2
[2026-06-30 05:11:16] MAC FLAP 56:6f:aa:f9:58:e1 g0_s1:2 -> g1_s0:4
[2026-06-30 05:11:16] MAC FLAP fa:98:de:91:a2:c3 g0_s1:2 -> g1_s0:4
[2026-06-30 05:11:16] MAC FLAP 12:e6:3d:ef:4c:96 g0_s1:2 -> g1_s0:3
[2026-06-30 05:11:16] MAC FLAP 3e:36:33:a6:63:b5 g0_s1:2 -> g1_s0:2
[2026-06-30 05:11:16] MAC FLAP 9e:28:9b:61:d4:2e g0_s1:2 -> g1_s0:1
[2026-06-30 05:11:16] MAC FLAP 46:06:45:0a:85:d3 g0_s1:1 -> g1_s0:3
[2026-06-30 05:11:16] MAC FLAP 12:34:77:94:dd:6a g2_s1:2 -> g1_s0:3
[2026-06-30 05:11:16] MAC FLAP de:64:e8:02:ca:18 g0_s0:2 -> g1_s0:3
[2026-06-30 05:11:16] MAC FLAP d6:65:a5:b8:df:c5 g0_s1:2 -> g1_s0:4
[2026-06-30 05:11:16] MAC FLAP 7a:e0:13:2d:08:f9 g0_s1:2 -> g1_s0:2
[2026-06-30 05:11:16] MAC FLAP aa:5a:63:bb:ad:c7 g0_s1:2 -> g1_s0:4
[2026-06-30 05:11:16] MAC FLAP 56:6f:aa:f9:58:e1 g1_s0:4 -> g1_s1:2
[2026-06-30 05:11:16] MAC FLAP fa:98:de:91:a2:c3 g1_s0:4 -> g1_s1:2
[2026-06-30 05:11:16] MAC FLAP 12:e6:3d:ef:4c:96 g1_s0:3 -> g1_s1:2
[2026-06-30 05:11:16] MAC FLAP 3e:36:33:a6:63:b5 g1_s0:2 -> g1_s1:1
[2026-06-30 05:11:16] MAC FLAP 9e:28:9b:61:d4:2e g1_s0:1 -> g1_s1:2
[2026-06-30 05:11:16] MAC FLAP 46:06:45:0a:85:d3 g1_s0:3 -> g1_s1:2
[2026-06-30 05:11:16] MAC FLAP 12:34:77:94:dd:6a g1_s0:3 -> g1_s1:2
[2026-06-30 05:11:16] MAC FLAP de:64:e8:02:ca:18 g1_s0:3 -> g1_s1:2
[2026-06-30 05:11:16] MAC FLAP d6:65:a5:b8:df:c5 g1_s0:4 -> g1_s1:2
[2026-06-30 05:11:16] MAC FLAP aa:5a:63:bb:ad:c7 g1_s0:4 -> g1_s1:2
[2026-06-30 05:11:16] MAC FLAP 56:6f:aa:f9:58:e1 g1_s1:2 -> g2_s0:1
[2026-06-30 05:11:16] MAC FLAP fa:98:de:91:a2:c3 g1_s1:2 -> g2_s0:2
[2026-06-30 05:11:16] MAC FLAP 12:e6:3d:ef:4c:96 g1_s1:2 -> g2_s0:3
[2026-06-30 05:11:16] MAC FLAP 3e:36:33:a6:63:b5 g1_s1:1 -> g2_s0:3
[2026-06-30 05:11:16] MAC FLAP 9e:28:9b:61:d4:2e g1_s1:2 -> g2_s0:3
[2026-06-30 05:11:16] MAC FLAP 46:06:45:0a:85:d3 g1_s1:2 -> g2_s0:3
[2026-06-30 05:11:16] MAC FLAP 0e:c8:76:0d:2c:f4 g2_s1:2 -> g2_s0:3
[2026-06-30 05:11:16] MAC FLAP 12:34:77:94:dd:6a g1_s1:2 -> g2_s0:3
[2026-06-30 05:11:16] MAC FLAP de:64:e8:02:ca:18 g1_s1:2 -> g2_s0:3
[2026-06-30 05:11:16] MAC FLAP 7a:e0:13:2d:08:f9 g1_s0:2 -> g2_s0:3
[2026-06-30 05:11:16] MAC FLAP aa:5a:63:bb:ad:c7 g1_s1:2 -> g2_s0:2
[2026-06-30 05:11:16] MAC FLAP 56:6f:aa:f9:58:e1 g2_s0:1 -> g2_s1:2
[2026-06-30 05:11:16] MAC FLAP fa:98:de:91:a2:c3 g2_s0:2 -> g2_s1:1
[2026-06-30 05:11:16] MAC FLAP 12:e6:3d:ef:4c:96 g2_s0:3 -> g2_s1:2
[2026-06-30 05:11:16] MAC FLAP 3e:36:33:a6:63:b5 g2_s0:3 -> g2_s1:2
[2026-06-30 05:11:16] MAC FLAP 9e:28:9b:61:d4:2e g2_s0:3 -> g2_s1:2
[2026-06-30 05:11:16] MAC FLAP 46:06:45:0a:85:d3 g2_s0:3 -> g2_s1:2
[2026-06-30 05:11:16] MAC FLAP 0e:c8:76:0d:2c:f4 g2_s0:3 -> g2_s1:2
[2026-06-30 05:11:16] MAC FLAP 12:34:77:94:dd:6a g2_s0:3 -> g2_s1:2
[2026-06-30 05:11:16] MAC FLAP de:64:e8:02:ca:18 g2_s0:3 -> g2_s1:2
[2026-06-30 05:11:16] MAC FLAP 7a:e0:13:2d:08:f9 g2_s0:3 -> g2_s1:2
[2026-06-30 05:11:16] TTL Expired -> de:64:e8:02:ca:18
[2026-06-30 05:11:16] TTL Expired -> ba:b2:31:3e:53:3c
[2026-06-30 05:11:16] TTL Expired -> fa:98:de:91:a2:c3
[2026-06-30 05:11:16] TTL Expired -> 12:e6:3d:ef:4c:96
[2026-06-30 05:11:16] TTL Expired -> 3e:36:33:a6:63:b5
[2026-06-30 05:11:16] TTL Expired -> 9e:28:9b:61:d4:2e
[2026-06-30 05:11:17] TTL Expired -> 46:06:45:0a:85:d3
[2026-06-30 05:11:17] Cycle Complete | Entries=17 Learned=77 Updated=375 Expired=60 Evicted=0
[2026-06-30 05:11:22] MAC FLAP 56:6f:aa:f9:58:e1 g2_s1:2 -> g0_s0:3
[2026-06-30 05:11:22] LEARNED fa:98:de:91:a2:c3 -> g0_s0:3
[2026-06-30 05:11:22] LEARNED 12:e6:3d:ef:4c:96 -> g0_s0:1
[2026-06-30 05:11:22] LEARNED 3e:36:33:a6:63:b5 -> g0_s0:3
[2026-06-30 05:11:22] LEARNED 9e:28:9b:61:d4:2e -> g0_s0:3
[2026-06-30 05:11:22] LEARNED 46:06:45:0a:85:d3 -> g0_s0:2
[2026-06-30 05:11:22] LEARNED ba:b2:31:3e:53:3c -> g0_s0:3
[2026-06-30 05:11:22] LEARNED de:64:e8:02:ca:18 -> g0_s0:2
[2026-06-30 05:11:22] MAC FLAP d6:65:a5:b8:df:c5 g1_s1:2 -> g0_s0:3
[2026-06-30 05:11:22] MAC FLAP 7a:e0:13:2d:08:f9 g2_s1:2 -> g0_s0:3
[2026-06-30 05:11:22] MAC FLAP aa:5a:63:bb:ad:c7 g2_s0:2 -> g0_s0:3
[2026-06-30 05:11:22] MAC FLAP 56:6f:aa:f9:58:e1 g0_s0:3 -> g0_s1:2
[2026-06-30 05:11:22] MAC FLAP fa:98:de:91:a2:c3 g0_s0:3 -> g0_s1:2
[2026-06-30 05:11:22] MAC FLAP 12:e6:3d:ef:4c:96 g0_s0:1 -> g0_s1:2
[2026-06-30 05:11:22] MAC FLAP 3e:36:33:a6:63:b5 g0_s0:3 -> g0_s1:2
[2026-06-30 05:11:22] MAC FLAP 9e:28:9b:61:d4:2e g0_s0:3 -> g0_s1:2
[2026-06-30 05:11:22] MAC FLAP 46:06:45:0a:85:d3 g0_s0:2 -> g0_s1:1
[2026-06-30 05:11:22] MAC FLAP ba:b2:31:3e:53:3c g0_s0:3 -> g0_s1:2
[2026-06-30 05:11:22] MAC FLAP d6:65:a5:b8:df:c5 g0_s0:3 -> g0_s1:2
[2026-06-30 05:11:22] MAC FLAP 7a:e0:13:2d:08:f9 g0_s0:3 -> g0_s1:2
[2026-06-30 05:11:22] MAC FLAP aa:5a:63:bb:ad:c7 g0_s0:3 -> g0_s1:2
[2026-06-30 05:11:22] MAC FLAP 56:6f:aa:f9:58:e1 g0_s1:2 -> g1_s0:4
[2026-06-30 05:11:22] MAC FLAP fa:98:de:91:a2:c3 g0_s1:2 -> g1_s0:4
[2026-06-30 05:11:22] MAC FLAP 12:e6:3d:ef:4c:96 g0_s1:2 -> g1_s0:3
[2026-06-30 05:11:22] MAC FLAP 3e:36:33:a6:63:b5 g0_s1:2 -> g1_s0:2
[2026-06-30 05:11:22] MAC FLAP 9e:28:9b:61:d4:2e g0_s1:2 -> g1_s0:1
[2026-06-30 05:11:22] MAC FLAP 46:06:45:0a:85:d3 g0_s1:1 -> g1_s0:3
[2026-06-30 05:11:22] MAC FLAP 12:34:77:94:dd:6a g2_s1:2 -> g1_s0:3
[2026-06-30 05:11:22] MAC FLAP de:64:e8:02:ca:18 g0_s0:2 -> g1_s0:3
[2026-06-30 05:11:22] MAC FLAP d6:65:a5:b8:df:c5 g0_s1:2 -> g1_s0:4
[2026-06-30 05:11:22] MAC FLAP 7a:e0:13:2d:08:f9 g0_s1:2 -> g1_s0:2
[2026-06-30 05:11:22] MAC FLAP aa:5a:63:bb:ad:c7 g0_s1:2 -> g1_s0:4
[2026-06-30 05:11:22] MAC FLAP 56:6f:aa:f9:58:e1 g1_s0:4 -> g1_s1:2
[2026-06-30 05:11:22] MAC FLAP fa:98:de:91:a2:c3 g1_s0:4 -> g1_s1:2
[2026-06-30 05:11:22] MAC FLAP 12:e6:3d:ef:4c:96 g1_s0:3 -> g1_s1:2
[2026-06-30 05:11:22] MAC FLAP 3e:36:33:a6:63:b5 g1_s0:2 -> g1_s1:1
[2026-06-30 05:11:22] MAC FLAP 9e:28:9b:61:d4:2e g1_s0:1 -> g1_s1:2
[2026-06-30 05:11:22] MAC FLAP 46:06:45:0a:85:d3 g1_s0:3 -> g1_s1:2
[2026-06-30 05:11:22] MAC FLAP 12:34:77:94:dd:6a g1_s0:3 -> g1_s1:2
[2026-06-30 05:11:22] MAC FLAP de:64:e8:02:ca:18 g1_s0:3 -> g1_s1:2
[2026-06-30 05:11:22] MAC FLAP d6:65:a5:b8:df:c5 g1_s0:4 -> g1_s1:2
[2026-06-30 05:11:22] MAC FLAP aa:5a:63:bb:ad:c7 g1_s0:4 -> g1_s1:2
[2026-06-30 05:11:22] MAC FLAP 56:6f:aa:f9:58:e1 g1_s1:2 -> g2_s0:1
[2026-06-30 05:11:22] MAC FLAP fa:98:de:91:a2:c3 g1_s1:2 -> g2_s0:2
[2026-06-30 05:11:22] MAC FLAP 12:e6:3d:ef:4c:96 g1_s1:2 -> g2_s0:3
[2026-06-30 05:11:22] MAC FLAP 3e:36:33:a6:63:b5 g1_s1:1 -> g2_s0:3
[2026-06-30 05:11:22] MAC FLAP 9e:28:9b:61:d4:2e g1_s1:2 -> g2_s0:3
[2026-06-30 05:11:22] MAC FLAP 46:06:45:0a:85:d3 g1_s1:2 -> g2_s0:3
[2026-06-30 05:11:22] MAC FLAP 12:34:77:94:dd:6a g1_s1:2 -> g2_s0:3
[2026-06-30 05:11:22] MAC FLAP de:64:e8:02:ca:18 g1_s1:2 -> g2_s0:3
[2026-06-30 05:11:22] MAC FLAP 7a:e0:13:2d:08:f9 g1_s0:2 -> g2_s0:3
[2026-06-30 05:11:22] MAC FLAP aa:5a:63:bb:ad:c7 g1_s1:2 -> g2_s0:2
[2026-06-30 05:11:23] MAC FLAP 0e:c8:76:0d:2c:f4 g2_s1:2 -> g2_s0:3
[2026-06-30 05:11:23] MAC FLAP 56:6f:aa:f9:58:e1 g2_s0:1 -> g2_s1:2
[2026-06-30 05:11:23] MAC FLAP fa:98:de:91:a2:c3 g2_s0:2 -> g2_s1:1
[2026-06-30 05:11:23] MAC FLAP 12:e6:3d:ef:4c:96 g2_s0:3 -> g2_s1:2
[2026-06-30 05:11:23] MAC FLAP 3e:36:33:a6:63:b5 g2_s0:3 -> g2_s1:2
[2026-06-30 05:11:23] MAC FLAP 9e:28:9b:61:d4:2e g2_s0:3 -> g2_s1:2
[2026-06-30 05:11:23] MAC FLAP 46:06:45:0a:85:d3 g2_s0:3 -> g2_s1:2
[2026-06-30 05:11:23] MAC FLAP 12:34:77:94:dd:6a g2_s0:3 -> g2_s1:2
[2026-06-30 05:11:23] MAC FLAP de:64:e8:02:ca:18 g2_s0:3 -> g2_s1:2
[2026-06-30 05:11:23] MAC FLAP 7a:e0:13:2d:08:f9 g2_s0:3 -> g2_s1:2
[2026-06-30 05:11:23] MAC FLAP 0e:c8:76:0d:2c:f4 g2_s0:3 -> g2_s1:2
[2026-06-30 05:11:23] TTL Expired -> aa:bb:cc:dd:ee:03
[2026-06-30 05:11:23] TTL Expired -> aa:bb:cc:dd:ee:04
[2026-06-30 05:11:23] TTL Expired -> 4e:07:72:c0:05:60
[2026-06-30 05:11:23] TTL Expired -> 16:01:5f:7d:ff:66
[2026-06-30 05:11:23] TTL Expired -> 56:6f:aa:f9:58:e1
[2026-06-30 05:11:23] TTL Expired -> d6:65:a5:b8:df:c5
[2026-06-30 05:11:23] TTL Expired -> 12:34:77:94:dd:6a
[2026-06-30 05:11:23] TTL Expired -> 0e:c8:76:0d:2c:f4
[2026-06-30 05:11:23] Unknown Unicast -> aa:bb:cc:dd:ee:03
[2026-06-30 05:11:23] LEARNED aa:bb:cc:dd:ee:03 -> g0_s0:3
[2026-06-30 05:11:23] Unknown Unicast -> aa:bb:cc:dd:ee:04
[2026-06-30 05:11:23] LEARNED aa:bb:cc:dd:ee:04 -> g1_s0:1
[2026-06-30 05:11:23] Cycle Complete | Entries=18 Learned=86 Updated=434 Expired=68 Evicted=0
[2026-06-30 05:11:28] LEARNED 56:6f:aa:f9:58:e1 -> g0_s0:3
[2026-06-30 05:11:28] MAC FLAP fa:98:de:91:a2:c3 g2_s1:1 -> g0_s0:3
[2026-06-30 05:11:28] MAC FLAP 12:e6:3d:ef:4c:96 g2_s1:2 -> g0_s0:1
[2026-06-30 05:11:28] MAC FLAP 3e:36:33:a6:63:b5 g2_s1:2 -> g0_s0:3
[2026-06-30 05:11:28] MAC FLAP 9e:28:9b:61:d4:2e g2_s1:2 -> g0_s0:3
[2026-06-30 05:11:28] MAC FLAP 46:06:45:0a:85:d3 g2_s1:2 -> g0_s0:2
[2026-06-30 05:11:28] MAC FLAP ba:b2:31:3e:53:3c g0_s1:2 -> g0_s0:3
[2026-06-30 05:11:28] MAC FLAP de:64:e8:02:ca:18 g2_s1:2 -> g0_s0:2
[2026-06-30 05:11:28] LEARNED d6:65:a5:b8:df:c5 -> g0_s0:3
[2026-06-30 05:11:28] MAC FLAP 7a:e0:13:2d:08:f9 g2_s1:2 -> g0_s0:3
[2026-06-30 05:11:28] MAC FLAP aa:5a:63:bb:ad:c7 g2_s0:2 -> g0_s0:3
[2026-06-30 05:11:28] MAC FLAP 56:6f:aa:f9:58:e1 g0_s0:3 -> g0_s1:2
[2026-06-30 05:11:28] MAC FLAP fa:98:de:91:a2:c3 g0_s0:3 -> g0_s1:2
[2026-06-30 05:11:28] MAC FLAP 12:e6:3d:ef:4c:96 g0_s0:1 -> g0_s1:2
[2026-06-30 05:11:28] MAC FLAP 3e:36:33:a6:63:b5 g0_s0:3 -> g0_s1:2
[2026-06-30 05:11:28] MAC FLAP 9e:28:9b:61:d4:2e g0_s0:3 -> g0_s1:2
[2026-06-30 05:11:28] MAC FLAP 46:06:45:0a:85:d3 g0_s0:2 -> g0_s1:1
[2026-06-30 05:11:28] MAC FLAP ba:b2:31:3e:53:3c g0_s0:3 -> g0_s1:2
[2026-06-30 05:11:28] MAC FLAP d6:65:a5:b8:df:c5 g0_s0:3 -> g0_s1:2
[2026-06-30 05:11:28] MAC FLAP 7a:e0:13:2d:08:f9 g0_s0:3 -> g0_s1:2
[2026-06-30 05:11:28] MAC FLAP aa:5a:63:bb:ad:c7 g0_s0:3 -> g0_s1:2
[2026-06-30 05:11:28] MAC FLAP 56:6f:aa:f9:58:e1 g0_s1:2 -> g1_s0:4
[2026-06-30 05:11:28] MAC FLAP fa:98:de:91:a2:c3 g0_s1:2 -> g1_s0:4
[2026-06-30 05:11:28] MAC FLAP 12:e6:3d:ef:4c:96 g0_s1:2 -> g1_s0:3
[2026-06-30 05:11:28] MAC FLAP 3e:36:33:a6:63:b5 g0_s1:2 -> g1_s0:2
[2026-06-30 05:11:28] MAC FLAP 9e:28:9b:61:d4:2e g0_s1:2 -> g1_s0:1
[2026-06-30 05:11:28] MAC FLAP 46:06:45:0a:85:d3 g0_s1:1 -> g1_s0:3
[2026-06-30 05:11:29] LEARNED 12:34:77:94:dd:6a -> g1_s0:3
[2026-06-30 05:11:29] MAC FLAP de:64:e8:02:ca:18 g0_s0:2 -> g1_s0:3
[2026-06-30 05:11:29] MAC FLAP d6:65:a5:b8:df:c5 g0_s1:2 -> g1_s0:4
[2026-06-30 05:11:29] MAC FLAP 7a:e0:13:2d:08:f9 g0_s1:2 -> g1_s0:2
[2026-06-30 05:11:29] MAC FLAP aa:5a:63:bb:ad:c7 g0_s1:2 -> g1_s0:4
[2026-06-30 05:11:29] MAC FLAP 56:6f:aa:f9:58:e1 g1_s0:4 -> g1_s1:2
[2026-06-30 05:11:29] MAC FLAP fa:98:de:91:a2:c3 g1_s0:4 -> g1_s1:2
[2026-06-30 05:11:29] MAC FLAP 12:e6:3d:ef:4c:96 g1_s0:3 -> g1_s1:2
[2026-06-30 05:11:29] MAC FLAP 3e:36:33:a6:63:b5 g1_s0:2 -> g1_s1:1
[2026-06-30 05:11:29] MAC FLAP 9e:28:9b:61:d4:2e g1_s0:1 -> g1_s1:2
[2026-06-30 05:11:29] MAC FLAP 46:06:45:0a:85:d3 g1_s0:3 -> g1_s1:2
[2026-06-30 05:11:29] MAC FLAP 12:34:77:94:dd:6a g1_s0:3 -> g1_s1:2
[2026-06-30 05:11:29] MAC FLAP de:64:e8:02:ca:18 g1_s0:3 -> g1_s1:2
[2026-06-30 05:11:29] MAC FLAP d6:65:a5:b8:df:c5 g1_s0:4 -> g1_s1:2
[2026-06-30 05:11:29] LEARNED 4e:07:72:c0:05:60 -> g1_s1:2
[2026-06-30 05:11:29] MAC FLAP aa:5a:63:bb:ad:c7 g1_s0:4 -> g1_s1:2
[2026-06-30 05:11:29] MAC FLAP 56:6f:aa:f9:58:e1 g1_s1:2 -> g2_s0:1
[2026-06-30 05:11:29] MAC FLAP fa:98:de:91:a2:c3 g1_s1:2 -> g2_s0:2
[2026-06-30 05:11:29] MAC FLAP 12:e6:3d:ef:4c:96 g1_s1:2 -> g2_s0:3
[2026-06-30 05:11:29] MAC FLAP 3e:36:33:a6:63:b5 g1_s1:1 -> g2_s0:3
[2026-06-30 05:11:29] MAC FLAP 9e:28:9b:61:d4:2e g1_s1:2 -> g2_s0:3
[2026-06-30 05:11:29] MAC FLAP 46:06:45:0a:85:d3 g1_s1:2 -> g2_s0:3
[2026-06-30 05:11:29] MAC FLAP 12:34:77:94:dd:6a g1_s1:2 -> g2_s0:3
[2026-06-30 05:11:29] MAC FLAP de:64:e8:02:ca:18 g1_s1:2 -> g2_s0:3
[2026-06-30 05:11:29] MAC FLAP 7a:e0:13:2d:08:f9 g1_s0:2 -> g2_s0:3
[2026-06-30 05:11:29] MAC FLAP aa:5a:63:bb:ad:c7 g1_s1:2 -> g2_s0:2
[2026-06-30 05:11:29] LEARNED 0e:c8:76:0d:2c:f4 -> g2_s0:3
[2026-06-30 05:11:29] MAC FLAP 56:6f:aa:f9:58:e1 g2_s0:1 -> g2_s1:2
[2026-06-30 05:11:29] MAC FLAP fa:98:de:91:a2:c3 g2_s0:2 -> g2_s1:1
[2026-06-30 05:11:29] MAC FLAP 12:e6:3d:ef:4c:96 g2_s0:3 -> g2_s1:2
[2026-06-30 05:11:29] MAC FLAP 3e:36:33:a6:63:b5 g2_s0:3 -> g2_s1:2
[2026-06-30 05:11:29] MAC FLAP 9e:28:9b:61:d4:2e g2_s0:3 -> g2_s1:2
[2026-06-30 05:11:29] MAC FLAP 46:06:45:0a:85:d3 g2_s0:3 -> g2_s1:2
[2026-06-30 05:11:29] MAC FLAP 12:34:77:94:dd:6a g2_s0:3 -> g2_s1:2
[2026-06-30 05:11:29] MAC FLAP de:64:e8:02:ca:18 g2_s0:3 -> g2_s1:2
[2026-06-30 05:11:29] MAC FLAP 7a:e0:13:2d:08:f9 g2_s0:3 -> g2_s1:2
[2026-06-30 05:11:29] LEARNED 16:01:5f:7d:ff:66 -> g2_s1:2
[2026-06-30 05:11:29] MAC FLAP 0e:c8:76:0d:2c:f4 g2_s0:3 -> g2_s1:2
[2026-06-30 05:11:29] TTL Expired -> 96:ca:29:74:b7:8a
[2026-06-30 05:11:29] TTL Expired -> 7a:e0:13:2d:08:f9
[2026-06-30 05:11:29] TTL Expired -> aa:5a:63:bb:ad:c7
[2026-06-30 05:11:29] Cycle Complete | Entries=21 Learned=92 Updated=494 Expired=71 Evicted=0
[2026-06-30 05:11:34] MAC FLAP fa:98:de:91:a2:c3 g2_s1:1 -> g0_s0:3
[2026-06-30 05:11:34] MAC FLAP 12:e6:3d:ef:4c:96 g2_s1:2 -> g0_s0:1
[2026-06-30 05:11:34] MAC FLAP 3e:36:33:a6:63:b5 g2_s1:2 -> g0_s0:3
[2026-06-30 05:11:34] MAC FLAP 9e:28:9b:61:d4:2e g2_s1:2 -> g0_s0:3
[2026-06-30 05:11:34] MAC FLAP 46:06:45:0a:85:d3 g2_s1:2 -> g0_s0:2
[2026-06-30 05:11:34] MAC FLAP ba:b2:31:3e:53:3c g0_s1:2 -> g0_s0:3
[2026-06-30 05:11:34] MAC FLAP de:64:e8:02:ca:18 g2_s1:2 -> g0_s0:2
[2026-06-30 05:11:34] MAC FLAP d6:65:a5:b8:df:c5 g1_s1:2 -> g0_s0:3
[2026-06-30 05:11:34] LEARNED 7a:e0:13:2d:08:f9 -> g0_s0:3
[2026-06-30 05:11:34] LEARNED aa:5a:63:bb:ad:c7 -> g0_s0:3
[2026-06-30 05:11:34] MAC FLAP 56:6f:aa:f9:58:e1 g2_s1:2 -> g0_s0:3
[2026-06-30 05:11:35] MAC FLAP fa:98:de:91:a2:c3 g0_s0:3 -> g0_s1:2
[2026-06-30 05:11:35] MAC FLAP 12:e6:3d:ef:4c:96 g0_s0:1 -> g0_s1:2
[2026-06-30 05:11:35] MAC FLAP 3e:36:33:a6:63:b5 g0_s0:3 -> g0_s1:2
[2026-06-30 05:11:35] MAC FLAP 9e:28:9b:61:d4:2e g0_s0:3 -> g0_s1:2
[2026-06-30 05:11:35] MAC FLAP 46:06:45:0a:85:d3 g0_s0:2 -> g0_s1:1
[2026-06-30 05:11:35] LEARNED 96:ca:29:74:b7:8a -> g0_s1:2
[2026-06-30 05:11:35] MAC FLAP ba:b2:31:3e:53:3c g0_s0:3 -> g0_s1:2
[2026-06-30 05:11:35] MAC FLAP d6:65:a5:b8:df:c5 g0_s0:3 -> g0_s1:2
[2026-06-30 05:11:35] MAC FLAP 7a:e0:13:2d:08:f9 g0_s0:3 -> g0_s1:2
[2026-06-30 05:11:35] MAC FLAP aa:5a:63:bb:ad:c7 g0_s0:3 -> g0_s1:2
[2026-06-30 05:11:35] MAC FLAP 56:6f:aa:f9:58:e1 g0_s0:3 -> g0_s1:2
[2026-06-30 05:11:35] MAC FLAP fa:98:de:91:a2:c3 g0_s1:2 -> g1_s0:4
[2026-06-30 05:11:35] MAC FLAP 12:e6:3d:ef:4c:96 g0_s1:2 -> g1_s0:3
[2026-06-30 05:11:35] MAC FLAP 3e:36:33:a6:63:b5 g0_s1:2 -> g1_s0:2
[2026-06-30 05:11:35] MAC FLAP 9e:28:9b:61:d4:2e g0_s1:2 -> g1_s0:1
[2026-06-30 05:11:35] MAC FLAP 46:06:45:0a:85:d3 g0_s1:1 -> g1_s0:3
[2026-06-30 05:11:35] MAC FLAP de:64:e8:02:ca:18 g0_s0:2 -> g1_s0:3
[2026-06-30 05:11:35] MAC FLAP d6:65:a5:b8:df:c5 g0_s1:2 -> g1_s0:4
[2026-06-30 05:11:35] MAC FLAP 7a:e0:13:2d:08:f9 g0_s1:2 -> g1_s0:2
[2026-06-30 05:11:35] MAC FLAP aa:5a:63:bb:ad:c7 g0_s1:2 -> g1_s0:4
[2026-06-30 05:11:35] MAC FLAP 56:6f:aa:f9:58:e1 g0_s1:2 -> g1_s0:4
[2026-06-30 05:11:35] MAC FLAP 12:34:77:94:dd:6a g2_s1:2 -> g1_s0:3
[2026-06-30 05:11:35] MAC FLAP fa:98:de:91:a2:c3 g1_s0:4 -> g1_s1:2
[2026-06-30 05:11:35] MAC FLAP 12:e6:3d:ef:4c:96 g1_s0:3 -> g1_s1:2
[2026-06-30 05:11:35] MAC FLAP 3e:36:33:a6:63:b5 g1_s0:2 -> g1_s1:1
[2026-06-30 05:11:35] MAC FLAP 9e:28:9b:61:d4:2e g1_s0:1 -> g1_s1:2
[2026-06-30 05:11:35] MAC FLAP 46:06:45:0a:85:d3 g1_s0:3 -> g1_s1:2
[2026-06-30 05:11:35] MAC FLAP de:64:e8:02:ca:18 g1_s0:3 -> g1_s1:2
[2026-06-30 05:11:35] MAC FLAP d6:65:a5:b8:df:c5 g1_s0:4 -> g1_s1:2
[2026-06-30 05:11:35] MAC FLAP aa:5a:63:bb:ad:c7 g1_s0:4 -> g1_s1:2
[2026-06-30 05:11:35] MAC FLAP 56:6f:aa:f9:58:e1 g1_s0:4 -> g1_s1:2
[2026-06-30 05:11:35] MAC FLAP 12:34:77:94:dd:6a g1_s0:3 -> g1_s1:2
[2026-06-30 05:11:35] MAC FLAP fa:98:de:91:a2:c3 g1_s1:2 -> g2_s0:2
[2026-06-30 05:11:35] MAC FLAP 12:e6:3d:ef:4c:96 g1_s1:2 -> g2_s0:3
[2026-06-30 05:11:35] MAC FLAP 3e:36:33:a6:63:b5 g1_s1:1 -> g2_s0:3
[2026-06-30 05:11:35] MAC FLAP 9e:28:9b:61:d4:2e g1_s1:2 -> g2_s0:3
[2026-06-30 05:11:35] MAC FLAP 46:06:45:0a:85:d3 g1_s1:2 -> g2_s0:3
[2026-06-30 05:11:35] MAC FLAP de:64:e8:02:ca:18 g1_s1:2 -> g2_s0:3
[2026-06-30 05:11:35] MAC FLAP 7a:e0:13:2d:08:f9 g1_s0:2 -> g2_s0:3
[2026-06-30 05:11:35] MAC FLAP aa:5a:63:bb:ad:c7 g1_s1:2 -> g2_s0:2
[2026-06-30 05:11:35] MAC FLAP 0e:c8:76:0d:2c:f4 g2_s1:2 -> g2_s0:3
[2026-06-30 05:11:35] MAC FLAP 56:6f:aa:f9:58:e1 g1_s1:2 -> g2_s0:1
[2026-06-30 05:11:35] MAC FLAP 12:34:77:94:dd:6a g1_s1:2 -> g2_s0:3
[2026-06-30 05:11:35] MAC FLAP fa:98:de:91:a2:c3 g2_s0:2 -> g2_s1:1
[2026-06-30 05:11:35] MAC FLAP 12:e6:3d:ef:4c:96 g2_s0:3 -> g2_s1:2
[2026-06-30 05:11:35] MAC FLAP 3e:36:33:a6:63:b5 g2_s0:3 -> g2_s1:2
[2026-06-30 05:11:35] MAC FLAP 9e:28:9b:61:d4:2e g2_s0:3 -> g2_s1:2
[2026-06-30 05:11:35] MAC FLAP 46:06:45:0a:85:d3 g2_s0:3 -> g2_s1:2
[2026-06-30 05:11:35] MAC FLAP de:64:e8:02:ca:18 g2_s0:3 -> g2_s1:2
[2026-06-30 05:11:35] MAC FLAP 7a:e0:13:2d:08:f9 g2_s0:3 -> g2_s1:2
[2026-06-30 05:11:35] MAC FLAP 0e:c8:76:0d:2c:f4 g2_s0:3 -> g2_s1:2
[2026-06-30 05:11:35] MAC FLAP 56:6f:aa:f9:58:e1 g2_s0:1 -> g2_s1:2
[2026-06-30 05:11:35] MAC FLAP 12:34:77:94:dd:6a g2_s0:3 -> g2_s1:2
[2026-06-30 05:11:35] TTL Expired -> aa:bb:cc:dd:ee:01
[2026-06-30 05:11:35] TTL Expired -> aa:bb:cc:dd:ee:02
[2026-06-30 05:11:35] TTL Expired -> fa:98:de:91:a2:c3
[2026-06-30 05:11:35] TTL Expired -> 12:e6:3d:ef:4c:96
[2026-06-30 05:11:35] TTL Expired -> 3e:36:33:a6:63:b5
[2026-06-30 05:11:35] TTL Expired -> 9e:28:9b:61:d4:2e
[2026-06-30 05:11:36] TTL Expired -> 46:06:45:0a:85:d3
[2026-06-30 05:11:36] TTL Expired -> ba:b2:31:3e:53:3c
[2026-06-30 05:11:36] TTL Expired -> de:64:e8:02:ca:18
[2026-06-30 05:11:36] Unknown Unicast -> aa:bb:cc:dd:ee:01
[2026-06-30 05:11:36] LEARNED aa:bb:cc:dd:ee:01 -> g0_s0:1
[2026-06-30 05:11:36] Unknown Unicast -> aa:bb:cc:dd:ee:02
[2026-06-30 05:11:36] LEARNED aa:bb:cc:dd:ee:02 -> g0_s1:2
[2026-06-30 05:11:36] Cycle Complete | Entries=17 Learned=97 Updated=557 Expired=80 Evicted=0
[2026-06-30 05:11:41] LEARNED fa:98:de:91:a2:c3 -> g0_s0:3
[2026-06-30 05:11:41] LEARNED 12:e6:3d:ef:4c:96 -> g0_s0:1
[2026-06-30 05:11:41] LEARNED 3e:36:33:a6:63:b5 -> g0_s0:3
[2026-06-30 05:11:41] LEARNED 9e:28:9b:61:d4:2e -> g0_s0:3
[2026-06-30 05:11:41] LEARNED 46:06:45:0a:85:d3 -> g0_s0:2
[2026-06-30 05:11:41] LEARNED ba:b2:31:3e:53:3c -> g0_s0:3
[2026-06-30 05:11:41] LEARNED de:64:e8:02:ca:18 -> g0_s0:2
[2026-06-30 05:11:41] MAC FLAP d6:65:a5:b8:df:c5 g1_s1:2 -> g0_s0:3
[2026-06-30 05:11:41] MAC FLAP 7a:e0:13:2d:08:f9 g2_s1:2 -> g0_s0:3
[2026-06-30 05:11:41] MAC FLAP aa:5a:63:bb:ad:c7 g2_s0:2 -> g0_s0:3
[2026-06-30 05:11:41] MAC FLAP 56:6f:aa:f9:58:e1 g2_s1:2 -> g0_s0:3
[2026-06-30 05:11:41] MAC FLAP fa:98:de:91:a2:c3 g0_s0:3 -> g0_s1:2
[2026-06-30 05:11:41] MAC FLAP 12:e6:3d:ef:4c:96 g0_s0:1 -> g0_s1:2
[2026-06-30 05:11:41] MAC FLAP 3e:36:33:a6:63:b5 g0_s0:3 -> g0_s1:2
[2026-06-30 05:11:41] MAC FLAP 9e:28:9b:61:d4:2e g0_s0:3 -> g0_s1:2
[2026-06-30 05:11:41] MAC FLAP 46:06:45:0a:85:d3 g0_s0:2 -> g0_s1:1
[2026-06-30 05:11:41] MAC FLAP ba:b2:31:3e:53:3c g0_s0:3 -> g0_s1:2
[2026-06-30 05:11:41] MAC FLAP d6:65:a5:b8:df:c5 g0_s0:3 -> g0_s1:2
[2026-06-30 05:11:41] MAC FLAP 7a:e0:13:2d:08:f9 g0_s0:3 -> g0_s1:2
[2026-06-30 05:11:41] MAC FLAP aa:5a:63:bb:ad:c7 g0_s0:3 -> g0_s1:2
[2026-06-30 05:11:41] MAC FLAP 56:6f:aa:f9:58:e1 g0_s0:3 -> g0_s1:2
[2026-06-30 05:11:41] MAC FLAP fa:98:de:91:a2:c3 g0_s1:2 -> g1_s0:4
[2026-06-30 05:11:41] MAC FLAP 12:e6:3d:ef:4c:96 g0_s1:2 -> g1_s0:3
[2026-06-30 05:11:41] MAC FLAP 3e:36:33:a6:63:b5 g0_s1:2 -> g1_s0:2
[2026-06-30 05:11:41] MAC FLAP 9e:28:9b:61:d4:2e g0_s1:2 -> g1_s0:1
[2026-06-30 05:11:41] MAC FLAP 46:06:45:0a:85:d3 g0_s1:1 -> g1_s0:3
[2026-06-30 05:11:41] MAC FLAP de:64:e8:02:ca:18 g0_s0:2 -> g1_s0:3
[2026-06-30 05:11:41] MAC FLAP d6:65:a5:b8:df:c5 g0_s1:2 -> g1_s0:4
[2026-06-30 05:11:41] MAC FLAP 7a:e0:13:2d:08:f9 g0_s1:2 -> g1_s0:2
[2026-06-30 05:11:41] MAC FLAP aa:5a:63:bb:ad:c7 g0_s1:2 -> g1_s0:4
[2026-06-30 05:11:41] MAC FLAP 56:6f:aa:f9:58:e1 g0_s1:2 -> g1_s0:4
[2026-06-30 05:11:41] MAC FLAP 12:34:77:94:dd:6a g2_s1:2 -> g1_s0:3
[2026-06-30 05:11:41] MAC FLAP fa:98:de:91:a2:c3 g1_s0:4 -> g1_s1:2
[2026-06-30 05:11:41] MAC FLAP 12:e6:3d:ef:4c:96 g1_s0:3 -> g1_s1:2
[2026-06-30 05:11:41] MAC FLAP 3e:36:33:a6:63:b5 g1_s0:2 -> g1_s1:1
[2026-06-30 05:11:41] MAC FLAP 9e:28:9b:61:d4:2e g1_s0:1 -> g1_s1:2
[2026-06-30 05:11:41] MAC FLAP 46:06:45:0a:85:d3 g1_s0:3 -> g1_s1:2
[2026-06-30 05:11:41] MAC FLAP de:64:e8:02:ca:18 g1_s0:3 -> g1_s1:2
[2026-06-30 05:11:41] MAC FLAP d6:65:a5:b8:df:c5 g1_s0:4 -> g1_s1:2
[2026-06-30 05:11:41] MAC FLAP aa:5a:63:bb:ad:c7 g1_s0:4 -> g1_s1:2
[2026-06-30 05:11:41] MAC FLAP 56:6f:aa:f9:58:e1 g1_s0:4 -> g1_s1:2
[2026-06-30 05:11:41] MAC FLAP 12:34:77:94:dd:6a g1_s0:3 -> g1_s1:2
[2026-06-30 05:11:41] MAC FLAP fa:98:de:91:a2:c3 g1_s1:2 -> g2_s0:2
[2026-06-30 05:11:41] MAC FLAP 12:e6:3d:ef:4c:96 g1_s1:2 -> g2_s0:3
[2026-06-30 05:11:41] MAC FLAP 3e:36:33:a6:63:b5 g1_s1:1 -> g2_s0:3
[2026-06-30 05:11:41] MAC FLAP 9e:28:9b:61:d4:2e g1_s1:2 -> g2_s0:3
[2026-06-30 05:11:41] MAC FLAP 46:06:45:0a:85:d3 g1_s1:2 -> g2_s0:3
[2026-06-30 05:11:41] MAC FLAP de:64:e8:02:ca:18 g1_s1:2 -> g2_s0:3
[2026-06-30 05:11:42] MAC FLAP 7a:e0:13:2d:08:f9 g1_s0:2 -> g2_s0:3
[2026-06-30 05:11:42] MAC FLAP aa:5a:63:bb:ad:c7 g1_s1:2 -> g2_s0:2
[2026-06-30 05:11:42] MAC FLAP 0e:c8:76:0d:2c:f4 g2_s1:2 -> g2_s0:3
[2026-06-30 05:11:42] MAC FLAP 56:6f:aa:f9:58:e1 g1_s1:2 -> g2_s0:1
[2026-06-30 05:11:42] MAC FLAP 12:34:77:94:dd:6a g1_s1:2 -> g2_s0:3
[2026-06-30 05:11:42] MAC FLAP fa:98:de:91:a2:c3 g2_s0:2 -> g2_s1:1
[2026-06-30 05:11:42] MAC FLAP 12:e6:3d:ef:4c:96 g2_s0:3 -> g2_s1:2
[2026-06-30 05:11:42] MAC FLAP 3e:36:33:a6:63:b5 g2_s0:3 -> g2_s1:2
[2026-06-30 05:11:42] MAC FLAP 9e:28:9b:61:d4:2e g2_s0:3 -> g2_s1:2
[2026-06-30 05:11:42] MAC FLAP 46:06:45:0a:85:d3 g2_s0:3 -> g2_s1:2
[2026-06-30 05:11:42] MAC FLAP de:64:e8:02:ca:18 g2_s0:3 -> g2_s1:2
[2026-06-30 05:11:42] MAC FLAP 7a:e0:13:2d:08:f9 g2_s0:3 -> g2_s1:2
[2026-06-30 05:11:42] MAC FLAP 0e:c8:76:0d:2c:f4 g2_s0:3 -> g2_s1:2
[2026-06-30 05:11:42] MAC FLAP 56:6f:aa:f9:58:e1 g2_s0:1 -> g2_s1:2
[2026-06-30 05:11:42] MAC FLAP 12:34:77:94:dd:6a g2_s0:3 -> g2_s1:2
[2026-06-30 05:11:42] TTL Expired -> aa:bb:cc:dd:ee:05
[2026-06-30 05:11:42] TTL Expired -> aa:bb:cc:dd:ee:06
[2026-06-30 05:11:42] TTL Expired -> 56:6f:aa:f9:58:e1
[2026-06-30 05:11:42] TTL Expired -> d6:65:a5:b8:df:c5
[2026-06-30 05:11:42] TTL Expired -> 12:34:77:94:dd:6a
[2026-06-30 05:11:42] TTL Expired -> 0e:c8:76:0d:2c:f4
[2026-06-30 05:11:42] Unknown Unicast -> aa:bb:cc:dd:ee:05
[2026-06-30 05:11:42] LEARNED aa:bb:cc:dd:ee:05 -> g0_s1:4
[2026-06-30 05:11:42] Unknown Unicast -> aa:bb:cc:dd:ee:06
[2026-06-30 05:11:42] LEARNED aa:bb:cc:dd:ee:06 -> g1_s0:2
[2026-06-30 05:11:42] Cycle Complete | Entries=20 Learned=106 Updated=616 Expired=86 Evicted=0
[2026-06-30 05:11:47] MAC FLAP fa:98:de:91:a2:c3 g2_s1:1 -> g0_s0:3
[2026-06-30 05:11:47] MAC FLAP 12:e6:3d:ef:4c:96 g2_s1:2 -> g0_s0:1
[2026-06-30 05:11:47] MAC FLAP 3e:36:33:a6:63:b5 g2_s1:2 -> g0_s0:3
[2026-06-30 05:11:47] MAC FLAP 9e:28:9b:61:d4:2e g2_s1:2 -> g0_s0:3
[2026-06-30 05:11:47] MAC FLAP 46:06:45:0a:85:d3 g2_s1:2 -> g0_s0:2
[2026-06-30 05:11:47] MAC FLAP ba:b2:31:3e:53:3c g0_s1:2 -> g0_s0:3
[2026-06-30 05:11:47] MAC FLAP de:64:e8:02:ca:18 g2_s1:2 -> g0_s0:2
[2026-06-30 05:11:47] LEARNED d6:65:a5:b8:df:c5 -> g0_s0:3
[2026-06-30 05:11:47] MAC FLAP 7a:e0:13:2d:08:f9 g2_s1:2 -> g0_s0:3
[2026-06-30 05:11:47] MAC FLAP aa:5a:63:bb:ad:c7 g2_s0:2 -> g0_s0:3
[2026-06-30 05:11:47] LEARNED 56:6f:aa:f9:58:e1 -> g0_s0:3
[2026-06-30 05:11:47] MAC FLAP fa:98:de:91:a2:c3 g0_s0:3 -> g0_s1:2
[2026-06-30 05:11:47] MAC FLAP 12:e6:3d:ef:4c:96 g0_s0:1 -> g0_s1:2
[2026-06-30 05:11:47] MAC FLAP 3e:36:33:a6:63:b5 g0_s0:3 -> g0_s1:2
[2026-06-30 05:11:47] MAC FLAP 9e:28:9b:61:d4:2e g0_s0:3 -> g0_s1:2
[2026-06-30 05:11:47] MAC FLAP 46:06:45:0a:85:d3 g0_s0:2 -> g0_s1:1
[2026-06-30 05:11:47] MAC FLAP ba:b2:31:3e:53:3c g0_s0:3 -> g0_s1:2
[2026-06-30 05:11:47] MAC FLAP d6:65:a5:b8:df:c5 g0_s0:3 -> g0_s1:2
[2026-06-30 05:11:47] MAC FLAP 7a:e0:13:2d:08:f9 g0_s0:3 -> g0_s1:2
[2026-06-30 05:11:47] MAC FLAP aa:5a:63:bb:ad:c7 g0_s0:3 -> g0_s1:2
[2026-06-30 05:11:47] MAC FLAP 56:6f:aa:f9:58:e1 g0_s0:3 -> g0_s1:2
[2026-06-30 05:11:47] MAC FLAP fa:98:de:91:a2:c3 g0_s1:2 -> g1_s0:4
[2026-06-30 05:11:47] MAC FLAP 12:e6:3d:ef:4c:96 g0_s1:2 -> g1_s0:3
[2026-06-30 05:11:47] MAC FLAP 3e:36:33:a6:63:b5 g0_s1:2 -> g1_s0:2
[2026-06-30 05:11:47] MAC FLAP 9e:28:9b:61:d4:2e g0_s1:2 -> g1_s0:1
[2026-06-30 05:11:47] MAC FLAP 46:06:45:0a:85:d3 g0_s1:1 -> g1_s0:3
[2026-06-30 05:11:48] MAC FLAP de:64:e8:02:ca:18 g0_s0:2 -> g1_s0:3
[2026-06-30 05:11:48] MAC FLAP d6:65:a5:b8:df:c5 g0_s1:2 -> g1_s0:4
[2026-06-30 05:11:48] MAC FLAP 7a:e0:13:2d:08:f9 g0_s1:2 -> g1_s0:2
[2026-06-30 05:11:48] MAC FLAP aa:5a:63:bb:ad:c7 g0_s1:2 -> g1_s0:4
[2026-06-30 05:11:48] MAC FLAP 56:6f:aa:f9:58:e1 g0_s1:2 -> g1_s0:4
[2026-06-30 05:11:48] LEARNED 12:34:77:94:dd:6a -> g1_s0:3
[2026-06-30 05:11:48] MAC FLAP fa:98:de:91:a2:c3 g1_s0:4 -> g1_s1:2
[2026-06-30 05:11:48] MAC FLAP 12:e6:3d:ef:4c:96 g1_s0:3 -> g1_s1:2
[2026-06-30 05:11:48] MAC FLAP 3e:36:33:a6:63:b5 g1_s0:2 -> g1_s1:1
[2026-06-30 05:11:48] MAC FLAP 9e:28:9b:61:d4:2e g1_s0:1 -> g1_s1:2
[2026-06-30 05:11:48] MAC FLAP 46:06:45:0a:85:d3 g1_s0:3 -> g1_s1:2
[2026-06-30 05:11:48] MAC FLAP de:64:e8:02:ca:18 g1_s0:3 -> g1_s1:2
[2026-06-30 05:11:48] MAC FLAP d6:65:a5:b8:df:c5 g1_s0:4 -> g1_s1:2
[2026-06-30 05:11:48] MAC FLAP aa:5a:63:bb:ad:c7 g1_s0:4 -> g1_s1:2
[2026-06-30 05:11:48] MAC FLAP 56:6f:aa:f9:58:e1 g1_s0:4 -> g1_s1:2
[2026-06-30 05:11:48] MAC FLAP 12:34:77:94:dd:6a g1_s0:3 -> g1_s1:2
[2026-06-30 05:11:48] MAC FLAP fa:98:de:91:a2:c3 g1_s1:2 -> g2_s0:2
[2026-06-30 05:11:48] MAC FLAP 12:e6:3d:ef:4c:96 g1_s1:2 -> g2_s0:3
[2026-06-30 05:11:48] MAC FLAP 3e:36:33:a6:63:b5 g1_s1:1 -> g2_s0:3
[2026-06-30 05:11:48] MAC FLAP 9e:28:9b:61:d4:2e g1_s1:2 -> g2_s0:3
[2026-06-30 05:11:48] MAC FLAP 46:06:45:0a:85:d3 g1_s1:2 -> g2_s0:3
[2026-06-30 05:11:48] MAC FLAP de:64:e8:02:ca:18 g1_s1:2 -> g2_s0:3
[2026-06-30 05:11:48] MAC FLAP 7a:e0:13:2d:08:f9 g1_s0:2 -> g2_s0:3
[2026-06-30 05:11:48] MAC FLAP aa:5a:63:bb:ad:c7 g1_s1:2 -> g2_s0:2
[2026-06-30 05:11:48] LEARNED 0e:c8:76:0d:2c:f4 -> g2_s0:3
[2026-06-30 05:11:48] MAC FLAP 56:6f:aa:f9:58:e1 g1_s1:2 -> g2_s0:1
[2026-06-30 05:11:48] MAC FLAP 12:34:77:94:dd:6a g1_s1:2 -> g2_s0:3
[2026-06-30 05:11:48] MAC FLAP fa:98:de:91:a2:c3 g2_s0:2 -> g2_s1:1
[2026-06-30 05:11:48] MAC FLAP 12:e6:3d:ef:4c:96 g2_s0:3 -> g2_s1:2
[2026-06-30 05:11:48] MAC FLAP 3e:36:33:a6:63:b5 g2_s0:3 -> g2_s1:2
[2026-06-30 05:11:48] MAC FLAP 9e:28:9b:61:d4:2e g2_s0:3 -> g2_s1:2
[2026-06-30 05:11:48] MAC FLAP 46:06:45:0a:85:d3 g2_s0:3 -> g2_s1:2
[2026-06-30 05:11:48] MAC FLAP de:64:e8:02:ca:18 g2_s0:3 -> g2_s1:2
[2026-06-30 05:11:48] MAC FLAP 7a:e0:13:2d:08:f9 g2_s0:3 -> g2_s1:2
[2026-06-30 05:11:48] MAC FLAP 0e:c8:76:0d:2c:f4 g2_s0:3 -> g2_s1:2
[2026-06-30 05:11:48] MAC FLAP 56:6f:aa:f9:58:e1 g2_s0:1 -> g2_s1:2
[2026-06-30 05:11:48] MAC FLAP 12:34:77:94:dd:6a g2_s0:3 -> g2_s1:2
[2026-06-30 05:11:48] TTL Expired -> 4e:07:72:c0:05:60
[2026-06-30 05:11:48] TTL Expired -> 16:01:5f:7d:ff:66
[2026-06-30 05:11:48] TTL Expired -> 7a:e0:13:2d:08:f9
[2026-06-30 05:11:48] TTL Expired -> aa:5a:63:bb:ad:c7
[2026-06-30 05:11:48] Cycle Complete | Entries=20 Learned=110 Updated=678 Expired=90 Evicted=0
[2026-06-30 05:11:53] MAC FLAP fa:98:de:91:a2:c3 g2_s1:1 -> g0_s0:3
[2026-06-30 05:11:53] MAC FLAP 12:e6:3d:ef:4c:96 g2_s1:2 -> g0_s0:1
[2026-06-30 05:11:53] MAC FLAP 3e:36:33:a6:63:b5 g2_s1:2 -> g0_s0:3
[2026-06-30 05:11:53] MAC FLAP 9e:28:9b:61:d4:2e g2_s1:2 -> g0_s0:3
[2026-06-30 05:11:53] MAC FLAP 46:06:45:0a:85:d3 g2_s1:2 -> g0_s0:2
[2026-06-30 05:11:53] MAC FLAP ba:b2:31:3e:53:3c g0_s1:2 -> g0_s0:3
[2026-06-30 05:11:53] MAC FLAP de:64:e8:02:ca:18 g2_s1:2 -> g0_s0:2
[2026-06-30 05:11:53] MAC FLAP d6:65:a5:b8:df:c5 g1_s1:2 -> g0_s0:3
[2026-06-30 05:11:53] LEARNED 7a:e0:13:2d:08:f9 -> g0_s0:3
[2026-06-30 05:11:53] LEARNED aa:5a:63:bb:ad:c7 -> g0_s0:3
[2026-06-30 05:11:53] MAC FLAP 56:6f:aa:f9:58:e1 g2_s1:2 -> g0_s0:3
[2026-06-30 05:11:54] MAC FLAP fa:98:de:91:a2:c3 g0_s0:3 -> g0_s1:2
[2026-06-30 05:11:54] MAC FLAP 12:e6:3d:ef:4c:96 g0_s0:1 -> g0_s1:2
[2026-06-30 05:11:54] MAC FLAP 3e:36:33:a6:63:b5 g0_s0:3 -> g0_s1:2
[2026-06-30 05:11:54] MAC FLAP 9e:28:9b:61:d4:2e g0_s0:3 -> g0_s1:2
[2026-06-30 05:11:54] MAC FLAP 46:06:45:0a:85:d3 g0_s0:2 -> g0_s1:1
[2026-06-30 05:11:54] MAC FLAP ba:b2:31:3e:53:3c g0_s0:3 -> g0_s1:2
[2026-06-30 05:11:54] MAC FLAP d6:65:a5:b8:df:c5 g0_s0:3 -> g0_s1:2
[2026-06-30 05:11:54] MAC FLAP 7a:e0:13:2d:08:f9 g0_s0:3 -> g0_s1:2
[2026-06-30 05:11:54] MAC FLAP aa:5a:63:bb:ad:c7 g0_s0:3 -> g0_s1:2
[2026-06-30 05:11:54] MAC FLAP 56:6f:aa:f9:58:e1 g0_s0:3 -> g0_s1:2
[2026-06-30 05:11:54] MAC FLAP fa:98:de:91:a2:c3 g0_s1:2 -> g1_s0:4
[2026-06-30 05:11:54] MAC FLAP 12:e6:3d:ef:4c:96 g0_s1:2 -> g1_s0:3
[2026-06-30 05:11:54] MAC FLAP 3e:36:33:a6:63:b5 g0_s1:2 -> g1_s0:2
[2026-06-30 05:11:54] MAC FLAP 9e:28:9b:61:d4:2e g0_s1:2 -> g1_s0:1
[2026-06-30 05:11:54] MAC FLAP 46:06:45:0a:85:d3 g0_s1:1 -> g1_s0:3
[2026-06-30 05:11:54] MAC FLAP de:64:e8:02:ca:18 g0_s0:2 -> g1_s0:3
[2026-06-30 05:11:54] MAC FLAP d6:65:a5:b8:df:c5 g0_s1:2 -> g1_s0:4
[2026-06-30 05:11:54] MAC FLAP 7a:e0:13:2d:08:f9 g0_s1:2 -> g1_s0:2
[2026-06-30 05:11:54] MAC FLAP aa:5a:63:bb:ad:c7 g0_s1:2 -> g1_s0:4
[2026-06-30 05:11:54] MAC FLAP 56:6f:aa:f9:58:e1 g0_s1:2 -> g1_s0:4
[2026-06-30 05:11:54] MAC FLAP 12:34:77:94:dd:6a g2_s1:2 -> g1_s0:3
[2026-06-30 05:11:54] MAC FLAP fa:98:de:91:a2:c3 g1_s0:4 -> g1_s1:2
[2026-06-30 05:11:54] MAC FLAP 12:e6:3d:ef:4c:96 g1_s0:3 -> g1_s1:2
[2026-06-30 05:11:54] MAC FLAP 3e:36:33:a6:63:b5 g1_s0:2 -> g1_s1:1
[2026-06-30 05:11:54] MAC FLAP 9e:28:9b:61:d4:2e g1_s0:1 -> g1_s1:2
[2026-06-30 05:11:54] MAC FLAP 46:06:45:0a:85:d3 g1_s0:3 -> g1_s1:2
[2026-06-30 05:11:54] MAC FLAP de:64:e8:02:ca:18 g1_s0:3 -> g1_s1:2
[2026-06-30 05:11:54] MAC FLAP d6:65:a5:b8:df:c5 g1_s0:4 -> g1_s1:2
[2026-06-30 05:11:54] LEARNED 4e:07:72:c0:05:60 -> g1_s1:2
[2026-06-30 05:11:54] MAC FLAP aa:5a:63:bb:ad:c7 g1_s0:4 -> g1_s1:2
[2026-06-30 05:11:54] MAC FLAP 56:6f:aa:f9:58:e1 g1_s0:4 -> g1_s1:2
[2026-06-30 05:11:54] MAC FLAP 12:34:77:94:dd:6a g1_s0:3 -> g1_s1:2
[2026-06-30 05:11:54] MAC FLAP fa:98:de:91:a2:c3 g1_s1:2 -> g2_s0:2
[2026-06-30 05:11:54] MAC FLAP 12:e6:3d:ef:4c:96 g1_s1:2 -> g2_s0:3
[2026-06-30 05:11:54] MAC FLAP 3e:36:33:a6:63:b5 g1_s1:1 -> g2_s0:3
[2026-06-30 05:11:54] MAC FLAP 9e:28:9b:61:d4:2e g1_s1:2 -> g2_s0:3
[2026-06-30 05:11:54] MAC FLAP 46:06:45:0a:85:d3 g1_s1:2 -> g2_s0:3
[2026-06-30 05:11:54] MAC FLAP de:64:e8:02:ca:18 g1_s1:2 -> g2_s0:3
[2026-06-30 05:11:54] MAC FLAP 7a:e0:13:2d:08:f9 g1_s0:2 -> g2_s0:3
[2026-06-30 05:11:54] MAC FLAP aa:5a:63:bb:ad:c7 g1_s1:2 -> g2_s0:2
[2026-06-30 05:11:54] MAC FLAP 0e:c8:76:0d:2c:f4 g2_s1:2 -> g2_s0:3
[2026-06-30 05:11:54] MAC FLAP 56:6f:aa:f9:58:e1 g1_s1:2 -> g2_s0:1
[2026-06-30 05:11:54] MAC FLAP 12:34:77:94:dd:6a g1_s1:2 -> g2_s0:3
[2026-06-30 05:11:54] MAC FLAP fa:98:de:91:a2:c3 g2_s0:2 -> g2_s1:1
[2026-06-30 05:11:54] MAC FLAP 12:e6:3d:ef:4c:96 g2_s0:3 -> g2_s1:2
[2026-06-30 05:11:54] MAC FLAP 3e:36:33:a6:63:b5 g2_s0:3 -> g2_s1:2
[2026-06-30 05:11:54] MAC FLAP 9e:28:9b:61:d4:2e g2_s0:3 -> g2_s1:2
[2026-06-30 05:11:54] MAC FLAP 46:06:45:0a:85:d3 g2_s0:3 -> g2_s1:2
[2026-06-30 05:11:54] MAC FLAP de:64:e8:02:ca:18 g2_s0:3 -> g2_s1:2
[2026-06-30 05:11:54] MAC FLAP 7a:e0:13:2d:08:f9 g2_s0:3 -> g2_s1:2
[2026-06-30 05:11:54] LEARNED 16:01:5f:7d:ff:66 -> g2_s1:2
[2026-06-30 05:11:54] MAC FLAP 0e:c8:76:0d:2c:f4 g2_s0:3 -> g2_s1:2
[2026-06-30 05:11:54] MAC FLAP 56:6f:aa:f9:58:e1 g2_s0:1 -> g2_s1:2
[2026-06-30 05:11:54] MAC FLAP 12:34:77:94:dd:6a g2_s0:3 -> g2_s1:2
[2026-06-30 05:11:54] TTL Expired -> 96:ca:29:74:b7:8a
[2026-06-30 05:11:54] TTL Expired -> fa:98:de:91:a2:c3
[2026-06-30 05:11:54] TTL Expired -> 12:e6:3d:ef:4c:96
[2026-06-30 05:11:55] TTL Expired -> 3e:36:33:a6:63:b5
[2026-06-30 05:11:55] TTL Expired -> 9e:28:9b:61:d4:2e
[2026-06-30 05:11:55] TTL Expired -> 46:06:45:0a:85:d3
[2026-06-30 05:11:55] TTL Expired -> ba:b2:31:3e:53:3c
[2026-06-30 05:11:55] TTL Expired -> de:64:e8:02:ca:18
[2026-06-30 05:11:55] Cycle Complete | Entries=16 Learned=114 Updated=740 Expired=98 Evicted=0
[2026-06-30 05:12:00] LEARNED fa:98:de:91:a2:c3 -> g0_s0:3
[2026-06-30 05:12:00] LEARNED 12:e6:3d:ef:4c:96 -> g0_s0:1
[2026-06-30 05:12:00] LEARNED 3e:36:33:a6:63:b5 -> g0_s0:3
[2026-06-30 05:12:00] LEARNED 9e:28:9b:61:d4:2e -> g0_s0:3
[2026-06-30 05:12:00] LEARNED 46:06:45:0a:85:d3 -> g0_s0:2
[2026-06-30 05:12:00] LEARNED ba:b2:31:3e:53:3c -> g0_s0:3
[2026-06-30 05:12:00] LEARNED de:64:e8:02:ca:18 -> g0_s0:2
[2026-06-30 05:12:00] MAC FLAP d6:65:a5:b8:df:c5 g1_s1:2 -> g0_s0:3
[2026-06-30 05:12:00] MAC FLAP 7a:e0:13:2d:08:f9 g2_s1:2 -> g0_s0:3
[2026-06-30 05:12:00] MAC FLAP aa:5a:63:bb:ad:c7 g2_s0:2 -> g0_s0:3
[2026-06-30 05:12:00] MAC FLAP 56:6f:aa:f9:58:e1 g2_s1:2 -> g0_s0:3
[2026-06-30 05:12:00] MAC FLAP fa:98:de:91:a2:c3 g0_s0:3 -> g0_s1:2
[2026-06-30 05:12:00] MAC FLAP 12:e6:3d:ef:4c:96 g0_s0:1 -> g0_s1:2
[2026-06-30 05:12:00] MAC FLAP 3e:36:33:a6:63:b5 g0_s0:3 -> g0_s1:2
[2026-06-30 05:12:00] MAC FLAP 9e:28:9b:61:d4:2e g0_s0:3 -> g0_s1:2
[2026-06-30 05:12:00] MAC FLAP 46:06:45:0a:85:d3 g0_s0:2 -> g0_s1:1
[2026-06-30 05:12:00] LEARNED 96:ca:29:74:b7:8a -> g0_s1:2
[2026-06-30 05:12:00] MAC FLAP ba:b2:31:3e:53:3c g0_s0:3 -> g0_s1:2
[2026-06-30 05:12:00] MAC FLAP d6:65:a5:b8:df:c5 g0_s0:3 -> g0_s1:2
[2026-06-30 05:12:00] MAC FLAP 7a:e0:13:2d:08:f9 g0_s0:3 -> g0_s1:2
[2026-06-30 05:12:00] MAC FLAP aa:5a:63:bb:ad:c7 g0_s0:3 -> g0_s1:2
[2026-06-30 05:12:00] MAC FLAP 56:6f:aa:f9:58:e1 g0_s0:3 -> g0_s1:2
[2026-06-30 05:12:00] MAC FLAP fa:98:de:91:a2:c3 g0_s1:2 -> g1_s0:4
[2026-06-30 05:12:00] MAC FLAP 12:e6:3d:ef:4c:96 g0_s1:2 -> g1_s0:3
[2026-06-30 05:12:00] MAC FLAP 3e:36:33:a6:63:b5 g0_s1:2 -> g1_s0:2
[2026-06-30 05:12:00] MAC FLAP 9e:28:9b:61:d4:2e g0_s1:2 -> g1_s0:1
[2026-06-30 05:12:00] MAC FLAP 46:06:45:0a:85:d3 g0_s1:1 -> g1_s0:3
[2026-06-30 05:12:00] MAC FLAP de:64:e8:02:ca:18 g0_s0:2 -> g1_s0:3
[2026-06-30 05:12:00] MAC FLAP d6:65:a5:b8:df:c5 g0_s1:2 -> g1_s0:4
[2026-06-30 05:12:00] MAC FLAP 7a:e0:13:2d:08:f9 g0_s1:2 -> g1_s0:2
[2026-06-30 05:12:00] MAC FLAP aa:5a:63:bb:ad:c7 g0_s1:2 -> g1_s0:4
[2026-06-30 05:12:00] MAC FLAP 56:6f:aa:f9:58:e1 g0_s1:2 -> g1_s0:4
[2026-06-30 05:12:00] MAC FLAP 12:34:77:94:dd:6a g2_s1:2 -> g1_s0:3
[2026-06-30 05:12:00] MAC FLAP fa:98:de:91:a2:c3 g1_s0:4 -> g1_s1:2
[2026-06-30 05:12:00] MAC FLAP 12:e6:3d:ef:4c:96 g1_s0:3 -> g1_s1:2
[2026-06-30 05:12:00] MAC FLAP 3e:36:33:a6:63:b5 g1_s0:2 -> g1_s1:1
[2026-06-30 05:12:00] MAC FLAP 9e:28:9b:61:d4:2e g1_s0:1 -> g1_s1:2
[2026-06-30 05:12:00] MAC FLAP 46:06:45:0a:85:d3 g1_s0:3 -> g1_s1:2
[2026-06-30 05:12:00] MAC FLAP de:64:e8:02:ca:18 g1_s0:3 -> g1_s1:2
[2026-06-30 05:12:00] MAC FLAP d6:65:a5:b8:df:c5 g1_s0:4 -> g1_s1:2
[2026-06-30 05:12:00] MAC FLAP aa:5a:63:bb:ad:c7 g1_s0:4 -> g1_s1:2
[2026-06-30 05:12:00] MAC FLAP 56:6f:aa:f9:58:e1 g1_s0:4 -> g1_s1:2
[2026-06-30 05:12:00] MAC FLAP 12:34:77:94:dd:6a g1_s0:3 -> g1_s1:2
[2026-06-30 05:12:00] MAC FLAP fa:98:de:91:a2:c3 g1_s1:2 -> g2_s0:2
[2026-06-30 05:12:00] MAC FLAP 12:e6:3d:ef:4c:96 g1_s1:2 -> g2_s0:3
[2026-06-30 05:12:00] MAC FLAP 3e:36:33:a6:63:b5 g1_s1:1 -> g2_s0:3
[2026-06-30 05:12:01] MAC FLAP 9e:28:9b:61:d4:2e g1_s1:2 -> g2_s0:3
[2026-06-30 05:12:01] MAC FLAP 46:06:45:0a:85:d3 g1_s1:2 -> g2_s0:3
[2026-06-30 05:12:01] MAC FLAP de:64:e8:02:ca:18 g1_s1:2 -> g2_s0:3
[2026-06-30 05:12:01] MAC FLAP 7a:e0:13:2d:08:f9 g1_s0:2 -> g2_s0:3
[2026-06-30 05:12:01] MAC FLAP aa:5a:63:bb:ad:c7 g1_s1:2 -> g2_s0:2
[2026-06-30 05:12:01] MAC FLAP 0e:c8:76:0d:2c:f4 g2_s1:2 -> g2_s0:3
[2026-06-30 05:12:01] MAC FLAP 56:6f:aa:f9:58:e1 g1_s1:2 -> g2_s0:1
[2026-06-30 05:12:01] MAC FLAP 12:34:77:94:dd:6a g1_s1:2 -> g2_s0:3
[2026-06-30 05:12:01] MAC FLAP fa:98:de:91:a2:c3 g2_s0:2 -> g2_s1:1
[2026-06-30 05:12:01] MAC FLAP 12:e6:3d:ef:4c:96 g2_s0:3 -> g2_s1:2
[2026-06-30 05:12:01] MAC FLAP 3e:36:33:a6:63:b5 g2_s0:3 -> g2_s1:2
[2026-06-30 05:12:01] MAC FLAP 9e:28:9b:61:d4:2e g2_s0:3 -> g2_s1:2
[2026-06-30 05:12:01] MAC FLAP 46:06:45:0a:85:d3 g2_s0:3 -> g2_s1:2
[2026-06-30 05:12:01] MAC FLAP de:64:e8:02:ca:18 g2_s0:3 -> g2_s1:2
[2026-06-30 05:12:01] MAC FLAP 7a:e0:13:2d:08:f9 g2_s0:3 -> g2_s1:2
[2026-06-30 05:12:01] MAC FLAP 0e:c8:76:0d:2c:f4 g2_s0:3 -> g2_s1:2
[2026-06-30 05:12:01] MAC FLAP 56:6f:aa:f9:58:e1 g2_s0:1 -> g2_s1:2
[2026-06-30 05:12:01] MAC FLAP 12:34:77:94:dd:6a g2_s0:3 -> g2_s1:2
[2026-06-30 05:12:01] TTL Expired -> aa:bb:cc:dd:ee:07
[2026-06-30 05:12:01] TTL Expired -> aa:bb:cc:dd:ee:08
[2026-06-30 05:12:01] TTL Expired -> d6:65:a5:b8:df:c5
[2026-06-30 05:12:01] TTL Expired -> 56:6f:aa:f9:58:e1
[2026-06-30 05:12:01] TTL Expired -> 12:34:77:94:dd:6a
[2026-06-30 05:12:01] TTL Expired -> 0e:c8:76:0d:2c:f4
[2026-06-30 05:12:01] Unknown Unicast -> aa:bb:cc:dd:ee:07
[2026-06-30 05:12:01] LEARNED aa:bb:cc:dd:ee:07 -> g1_s1:3
[2026-06-30 05:12:01] Unknown Unicast -> aa:bb:cc:dd:ee:08
[2026-06-30 05:12:01] LEARNED aa:bb:cc:dd:ee:08 -> g1_s1:4
[2026-06-30 05:12:01] Cycle Complete | Entries=20 Learned=124 Updated=798 Expired=104 Evicted=0
[2026-06-30 05:12:06] MAC FLAP fa:98:de:91:a2:c3 g2_s1:1 -> g0_s0:3
[2026-06-30 05:12:06] MAC FLAP 12:e6:3d:ef:4c:96 g2_s1:2 -> g0_s0:1
[2026-06-30 05:12:06] MAC FLAP 3e:36:33:a6:63:b5 g2_s1:2 -> g0_s0:3
[2026-06-30 05:12:06] MAC FLAP 9e:28:9b:61:d4:2e g2_s1:2 -> g0_s0:3
[2026-06-30 05:12:06] MAC FLAP 46:06:45:0a:85:d3 g2_s1:2 -> g0_s0:2
[2026-06-30 05:12:06] MAC FLAP ba:b2:31:3e:53:3c g0_s1:2 -> g0_s0:3
[2026-06-30 05:12:06] MAC FLAP de:64:e8:02:ca:18 g2_s1:2 -> g0_s0:2
[2026-06-30 05:12:06] LEARNED d6:65:a5:b8:df:c5 -> g0_s0:3
[2026-06-30 05:12:06] MAC FLAP 7a:e0:13:2d:08:f9 g2_s1:2 -> g0_s0:3
[2026-06-30 05:12:06] MAC FLAP aa:5a:63:bb:ad:c7 g2_s0:2 -> g0_s0:3
[2026-06-30 05:12:06] LEARNED 56:6f:aa:f9:58:e1 -> g0_s0:3
[2026-06-30 05:12:06] MAC FLAP fa:98:de:91:a2:c3 g0_s0:3 -> g0_s1:2
[2026-06-30 05:12:06] MAC FLAP 12:e6:3d:ef:4c:96 g0_s0:1 -> g0_s1:2
[2026-06-30 05:12:06] MAC FLAP 3e:36:33:a6:63:b5 g0_s0:3 -> g0_s1:2
[2026-06-30 05:12:06] MAC FLAP 9e:28:9b:61:d4:2e g0_s0:3 -> g0_s1:2
[2026-06-30 05:12:06] MAC FLAP 46:06:45:0a:85:d3 g0_s0:2 -> g0_s1:1
[2026-06-30 05:12:06] MAC FLAP ba:b2:31:3e:53:3c g0_s0:3 -> g0_s1:2
[2026-06-30 05:12:07] MAC FLAP d6:65:a5:b8:df:c5 g0_s0:3 -> g0_s1:2
[2026-06-30 05:12:07] MAC FLAP 7a:e0:13:2d:08:f9 g0_s0:3 -> g0_s1:2
[2026-06-30 05:12:07] MAC FLAP aa:5a:63:bb:ad:c7 g0_s0:3 -> g0_s1:2
[2026-06-30 05:12:07] MAC FLAP 56:6f:aa:f9:58:e1 g0_s0:3 -> g0_s1:2
[2026-06-30 05:12:07] MAC FLAP fa:98:de:91:a2:c3 g0_s1:2 -> g1_s0:4
[2026-06-30 05:12:07] MAC FLAP 12:e6:3d:ef:4c:96 g0_s1:2 -> g1_s0:3
[2026-06-30 05:12:07] MAC FLAP 3e:36:33:a6:63:b5 g0_s1:2 -> g1_s0:2
[2026-06-30 05:12:07] MAC FLAP 9e:28:9b:61:d4:2e g0_s1:2 -> g1_s0:1
[2026-06-30 05:12:07] MAC FLAP 46:06:45:0a:85:d3 g0_s1:1 -> g1_s0:3
[2026-06-30 05:12:07] MAC FLAP de:64:e8:02:ca:18 g0_s0:2 -> g1_s0:3
[2026-06-30 05:12:07] MAC FLAP d6:65:a5:b8:df:c5 g0_s1:2 -> g1_s0:4
[2026-06-30 05:12:07] MAC FLAP 7a:e0:13:2d:08:f9 g0_s1:2 -> g1_s0:2
[2026-06-30 05:12:07] MAC FLAP aa:5a:63:bb:ad:c7 g0_s1:2 -> g1_s0:4
[2026-06-30 05:12:07] MAC FLAP 56:6f:aa:f9:58:e1 g0_s1:2 -> g1_s0:4
[2026-06-30 05:12:07] LEARNED 12:34:77:94:dd:6a -> g1_s0:3
[2026-06-30 05:12:07] MAC FLAP fa:98:de:91:a2:c3 g1_s0:4 -> g1_s1:2
[2026-06-30 05:12:07] MAC FLAP 12:e6:3d:ef:4c:96 g1_s0:3 -> g1_s1:2
[2026-06-30 05:12:07] MAC FLAP 3e:36:33:a6:63:b5 g1_s0:2 -> g1_s1:1
[2026-06-30 05:12:07] MAC FLAP 9e:28:9b:61:d4:2e g1_s0:1 -> g1_s1:2
[2026-06-30 05:12:07] MAC FLAP 46:06:45:0a:85:d3 g1_s0:3 -> g1_s1:2
[2026-06-30 05:12:07] MAC FLAP de:64:e8:02:ca:18 g1_s0:3 -> g1_s1:2
[2026-06-30 05:12:07] MAC FLAP d6:65:a5:b8:df:c5 g1_s0:4 -> g1_s1:2
[2026-06-30 05:12:07] MAC FLAP aa:5a:63:bb:ad:c7 g1_s0:4 -> g1_s1:2
[2026-06-30 05:12:07] MAC FLAP 56:6f:aa:f9:58:e1 g1_s0:4 -> g1_s1:2
[2026-06-30 05:12:07] MAC FLAP 12:34:77:94:dd:6a g1_s0:3 -> g1_s1:2
[2026-06-30 05:12:07] MAC FLAP fa:98:de:91:a2:c3 g1_s1:2 -> g2_s0:2
[2026-06-30 05:12:07] MAC FLAP 12:e6:3d:ef:4c:96 g1_s1:2 -> g2_s0:3
[2026-06-30 05:12:07] MAC FLAP 3e:36:33:a6:63:b5 g1_s1:1 -> g2_s0:3
[2026-06-30 05:12:07] MAC FLAP 9e:28:9b:61:d4:2e g1_s1:2 -> g2_s0:3
[2026-06-30 05:12:07] MAC FLAP 46:06:45:0a:85:d3 g1_s1:2 -> g2_s0:3
[2026-06-30 05:12:07] MAC FLAP de:64:e8:02:ca:18 g1_s1:2 -> g2_s0:3
[2026-06-30 05:12:07] MAC FLAP 7a:e0:13:2d:08:f9 g1_s0:2 -> g2_s0:3
[2026-06-30 05:12:07] MAC FLAP aa:5a:63:bb:ad:c7 g1_s1:2 -> g2_s0:2
[2026-06-30 05:12:07] LEARNED 0e:c8:76:0d:2c:f4 -> g2_s0:3
[2026-06-30 05:12:07] MAC FLAP 56:6f:aa:f9:58:e1 g1_s1:2 -> g2_s0:1
[2026-06-30 05:12:07] MAC FLAP 12:34:77:94:dd:6a g1_s1:2 -> g2_s0:3
[2026-06-30 05:12:07] MAC FLAP fa:98:de:91:a2:c3 g2_s0:2 -> g2_s1:1
[2026-06-30 05:12:07] MAC FLAP 12:e6:3d:ef:4c:96 g2_s0:3 -> g2_s1:2
[2026-06-30 05:12:07] MAC FLAP 3e:36:33:a6:63:b5 g2_s0:3 -> g2_s1:2
[2026-06-30 05:12:07] MAC FLAP 9e:28:9b:61:d4:2e g2_s0:3 -> g2_s1:2
[2026-06-30 05:12:07] MAC FLAP 46:06:45:0a:85:d3 g2_s0:3 -> g2_s1:2
[2026-06-30 05:12:07] MAC FLAP de:64:e8:02:ca:18 g2_s0:3 -> g2_s1:2
[2026-06-30 05:12:07] MAC FLAP 7a:e0:13:2d:08:f9 g2_s0:3 -> g2_s1:2
[2026-06-30 05:12:07] MAC FLAP 0e:c8:76:0d:2c:f4 g2_s0:3 -> g2_s1:2
[2026-06-30 05:12:07] MAC FLAP 56:6f:aa:f9:58:e1 g2_s0:1 -> g2_s1:2
[2026-06-30 05:12:07] MAC FLAP 12:34:77:94:dd:6a g2_s0:3 -> g2_s1:2
[2026-06-30 05:12:07] TTL Expired -> aa:bb:cc:dd:ee:03
[2026-06-30 05:12:07] TTL Expired -> aa:bb:cc:dd:ee:04
[2026-06-30 05:12:07] TTL Expired -> aa:bb:cc:dd:ee:01
[2026-06-30 05:12:07] TTL Expired -> aa:bb:cc:dd:ee:02
[2026-06-30 05:12:07] TTL Expired -> 7a:e0:13:2d:08:f9
[2026-06-30 05:12:07] TTL Expired -> aa:5a:63:bb:ad:c7
[2026-06-30 05:12:07] Unknown Unicast -> aa:bb:cc:dd:ee:01
[2026-06-30 05:12:07] LEARNED aa:bb:cc:dd:ee:01 -> g0_s0:1
[2026-06-30 05:12:07] Unknown Unicast -> aa:bb:cc:dd:ee:02
[2026-06-30 05:12:08] LEARNED aa:bb:cc:dd:ee:02 -> g0_s1:2
[2026-06-30 05:12:08] Unknown Unicast -> aa:bb:cc:dd:ee:03
[2026-06-30 05:12:08] LEARNED aa:bb:cc:dd:ee:03 -> g0_s0:3
[2026-06-30 05:12:08] Unknown Unicast -> aa:bb:cc:dd:ee:04
[2026-06-30 05:12:08] LEARNED aa:bb:cc:dd:ee:04 -> g1_s0:1
[2026-06-30 05:12:08] Cycle Complete | Entries=22 Learned=132 Updated=860 Expired=110 Evicted=0
[2026-06-30 05:12:13] MAC FLAP fa:98:de:91:a2:c3 g2_s1:1 -> g0_s0:3
[2026-06-30 05:12:13] MAC FLAP 12:e6:3d:ef:4c:96 g2_s1:2 -> g0_s0:1
[2026-06-30 05:12:13] MAC FLAP 3e:36:33:a6:63:b5 g2_s1:2 -> g0_s0:3
[2026-06-30 05:12:13] MAC FLAP 9e:28:9b:61:d4:2e g2_s1:2 -> g0_s0:3
[2026-06-30 05:12:13] MAC FLAP 46:06:45:0a:85:d3 g2_s1:2 -> g0_s0:2
[2026-06-30 05:12:13] MAC FLAP ba:b2:31:3e:53:3c g0_s1:2 -> g0_s0:3
[2026-06-30 05:12:13] MAC FLAP de:64:e8:02:ca:18 g2_s1:2 -> g0_s0:2
[2026-06-30 05:12:13] MAC FLAP d6:65:a5:b8:df:c5 g1_s1:2 -> g0_s0:3
[2026-06-30 05:12:13] LEARNED 7a:e0:13:2d:08:f9 -> g0_s0:3
[2026-06-30 05:12:13] LEARNED aa:5a:63:bb:ad:c7 -> g0_s0:3
[2026-06-30 05:12:13] MAC FLAP 56:6f:aa:f9:58:e1 g2_s1:2 -> g0_s0:3
[2026-06-30 05:12:13] MAC FLAP fa:98:de:91:a2:c3 g0_s0:3 -> g0_s1:2
[2026-06-30 05:12:13] MAC FLAP 12:e6:3d:ef:4c:96 g0_s0:1 -> g0_s1:2
[2026-06-30 05:12:13] MAC FLAP 3e:36:33:a6:63:b5 g0_s0:3 -> g0_s1:2
